timestamp,voltage,current,temperature,iddq,prop_delay
0,4.9911,1.2001,124.97,10.04,4.556
1,5.0312,1.1862,125.19,9.17,4.593
2,4.9617,1.1811,124.54,9.07,4.618
3,4.9746,1.1962,125.48,8.53,4.458
4,5.0295,1.2014,124.55,8.77,4.639
5,5.016,1.1804,124.55,9.39,4.607
6,5.0063,1.1921,125.02,11.12,4.402
7,4.971,1.2116,125.5,10.64,4.366
8,4.9616,1.206,124.63,10.44,4.489
9,4.9772,1.2176,124.65,10.78,4.585
10,4.9657,1.2165,125.39,12.16,4.406
11,4.9683,1.1829,125.38,7.79,4.42
12,5.0325,1.1957,125.03,9.55,4.544
13,4.973,1.1819,124.66,10.83,4.637
14,5.0395,1.2187,124.94,9.82,4.513
15,5.0363,1.2143,124.64,8.44,4.628
16,4.9713,1.1901,124.51,9.69,4.571
17,5.0028,1.2054,124.52,9.73,4.458
18,5.0119,1.2169,124.68,10.75,4.478
19,5.0195,1.1998,125.31,10.34,4.408
20,5.0001,1.2105,124.63,7.72,4.591
21,5.0187,1.1976,124.9,9.77,4.502
22,5.0366,1.2186,125.39,11.22,4.55
23,4.9974,1.206,124.64,9.85,4.382
24,5.0365,1.2073,125.26,10.48,4.525
25,5.0139,1.1925,124.68,12.3,4.56
26,4.9749,1.2013,124.88,12.27,4.626
27,5.004,1.2093,125.42,10.42,4.427
28,4.9791,1.2145,125.24,9.5,4.579
29,5.001,1.1892,125.21,9.11,4.385
30,4.965,1.1888,125.37,7.64,4.375
31,4.9963,1.1883,124.71,9.11,4.428
32,5.0025,1.2138,125.08,10.66,4.571
33,4.9635,1.199,124.7,10.72,4.624
34,4.9806,1.1957,124.52,9.8,4.637
35,4.965,1.1919,124.92,12.99,4.627
36,4.9792,1.1984,124.81,8.7,4.444
37,4.9884,1.2119,124.52,9.71,4.357
38,4.9836,1.2161,124.56,11.28,4.532
39,4.9682,1.1832,124.93,11.91,4.579
40,5.0195,1.1978,124.73,9.27,4.631
41,5.008,1.196,124.93,8.5,4.439
42,4.9735,1.1941,125.17,10.52,4.469
43,5.0093,1.2137,125.29,11.82,4.369
44,5.0319,1.1867,124.67,7.76,4.547
45,4.9782,1.1984,125.4,8.8,4.555
46,5.0357,1.2054,125.16,9.43,4.549
47,5.0141,1.2088,125.11,11.48,4.413
48,5.0299,1.2173,124.96,8.7,4.432
49,4.9822,1.1885,125.37,11.63,4.554
50,5.0164,1.1945,124.61,12.9,4.435
51,4.9809,1.1865,124.66,11.62,4.646
52,5.0332,1.2163,125.31,8.88,4.435
53,4.9811,1.2064,124.58,10.18,4.408
54,4.9602,1.217,125.0,9.7,4.397
55,5.0027,1.1863,125.23,10.18,4.645
56,5.0079,1.2031,125.35,7.87,4.497
57,4.9631,1.1877,124.99,9.45,4.37
58,5.003,1.2082,125.12,10.51,4.418
59,5.0161,1.1886,124.87,9.5,4.558
60,5.0164,1.1955,124.66,12.41,4.576
61,5.0145,1.1971,125.0,10.32,4.429
62,4.969,1.2134,124.51,9.19,4.426
63,4.9685,1.1999,124.58,8.57,4.452
64,4.9694,1.2111,124.56,9.9,4.621
65,5.0239,1.2173,125.11,9.01,4.426
66,4.9841,1.1822,125.26,10.57,4.364
67,4.982,1.2046,125.12,9.66,4.494
68,4.9648,1.2154,125.24,10.14,4.55
69,4.9733,1.2004,124.61,9.95,4.441
70,5.031,1.2167,125.23,9.22,4.544
71,5.0334,1.214,125.29,9.76,4.647
72,5.036,1.2136,124.85,10.84,4.394
73,5.0087,1.1883,124.53,10.62,4.551
74,4.965,1.2068,125.32,10.57,4.539
75,5.0378,1.1872,124.97,8.95,4.394
76,5.0238,1.1806,125.26,7.44,4.386
77,5.0102,1.1939,125.48,9.97,4.52
78,4.9705,1.2152,125.44,11.31,4.359
79,5.0182,1.1885,124.83,12.28,4.529
80,5.0094,1.1905,124.9,8.73,4.485
81,4.982,1.1942,125.41,10.24,4.639
82,5.0204,1.1922,124.56,9.6,4.616
83,5.0022,1.1929,125.41,10.47,4.64
84,5.014,1.2175,124.94,8.01,4.58
85,4.9968,1.199,124.55,8.73,4.523
86,4.974,1.2079,125.24,10.94,4.544
87,5.0104,1.1802,125.07,8.96,4.606
88,5.014,1.2151,124.98,10.69,4.44
89,4.991,1.2066,124.93,9.88,4.595
90,5.026,1.2119,124.85,9.89,4.571
91,5.0164,1.1831,125.23,8.71,4.421
92,5.0329,1.1873,125.2,10.44,4.627
93,5.0015,1.2069,124.92,11.1,4.424
94,5.0152,1.2038,125.41,8.75,4.626
95,5.0282,1.1959,124.74,10.83,4.375
96,5.0043,1.2179,125.38,10.03,4.601
97,5.0081,1.1986,124.86,10.96,4.444
98,4.9791,1.2099,124.76,11.71,4.555
99,5.0285,1.2101,125.35,8.07,4.416
100,4.9907,1.2017,124.8,10.71,4.397
101,5.019,1.2169,125.24,10.21,4.421
102,4.9743,1.2098,124.66,7.43,4.403
103,5.0189,1.2126,125.11,10.17,4.604
104,4.9633,1.1831,124.94,11.12,4.495
105,5.0179,1.1956,124.92,11.35,4.451
106,5.0183,1.2021,125.26,12.38,4.413
107,4.9841,1.1878,124.55,10.54,4.561
108,5.0125,1.1936,125.39,9.49,4.517
109,5.0332,1.1974,125.45,8.67,4.453
110,4.99,1.2108,124.7,11.6,4.4
111,5.0121,1.2144,124.91,9.21,4.437
112,4.9763,1.2111,125.29,10.3,4.37
113,4.9746,1.1824,125.33,9.98,4.376
114,5.0051,1.2076,125.05,8.0,4.433
115,5.0337,1.1916,125.3,11.09,4.496
116,4.9806,1.1957,124.87,11.09,4.54
117,4.9654,1.184,125.43,9.66,4.551
118,5.0372,1.2065,125.32,12.08,4.417
119,5.0248,1.1982,124.78,10.43,4.496
120,4.9974,1.1877,125.44,11.31,4.501
121,4.9754,1.198,125.08,11.52,4.594
122,5.0146,1.199,124.74,13.42,4.613
123,4.9785,1.213,125.11,10.5,4.451
124,5.0347,1.1999,124.96,11.31,4.608
125,4.9701,1.1829,125.4,10.05,4.622
126,4.9637,1.1939,125.14,10.21,4.384
127,5.0232,1.2104,124.87,7.39,4.396
128,4.9933,1.217,124.87,8.93,4.442
129,5.0363,1.2092,124.82,9.95,4.383
130,5.0224,1.2011,125.4,9.15,4.541
131,4.9759,1.2089,125.26,10.25,4.587
132,4.9942,1.1915,124.94,8.73,4.378
133,5.0345,1.1995,124.97,10.59,4.449
134,5.0372,1.2042,125.26,12.67,4.412
135,4.9668,1.2143,125.23,10.98,4.638
136,5.0018,1.2117,124.89,8.03,4.422
137,5.0085,1.2114,125.13,8.27,4.648
138,5.0359,1.2058,125.21,8.18,4.432
139,5.0178,1.1814,124.63,7.94,4.534
140,4.9777,1.211,124.59,8.59,4.455
141,4.9645,1.2166,124.97,9.8,4.378
142,5.0387,1.2035,125.27,10.36,4.508
143,4.964,1.2064,124.92,10.69,4.469
144,5.0063,1.2057,125.29,8.04,4.393
145,4.9878,1.2184,125.24,10.71,4.566
146,5.0145,1.1928,124.84,9.7,4.537
147,4.9756,1.18,124.55,10.62,4.415
148,4.9709,1.2135,125.23,10.13,4.396
149,4.9976,1.2189,124.82,9.85,4.442
150,5.0351,1.1917,125.48,12.38,4.373
151,4.9674,1.2079,125.48,10.49,4.534
152,5.0186,1.1848,124.67,11.3,4.569
153,5.029,1.2042,125.47,10.88,4.523
154,4.9782,1.2113,124.77,9.95,4.551
155,5.0079,1.2086,124.84,8.95,4.394
156,5.0351,1.195,125.0,10.76,4.628
157,5.0076,1.1875,125.08,9.47,4.351
158,4.9954,1.1904,124.67,10.28,4.515
159,4.9681,1.1803,124.9,11.2,4.429
160,5.0021,1.1976,125.22,10.48,4.405
161,4.9877,1.1908,125.01,11.58,4.573
162,4.9608,1.1918,125.14,13.18,4.548
163,4.9878,1.2016,124.99,8.62,4.621
164,5.0131,1.1915,125.44,10.76,4.6
165,5.0072,1.2065,125.49,8.44,4.418
166,4.9932,1.207,125.19,9.63,4.451
167,5.0317,1.2128,124.77,8.7,4.647
168,4.9949,1.195,125.37,9.91,4.491
169,5.0043,1.2167,124.68,11.01,4.507
170,4.9666,1.1909,125.28,10.94,4.505
171,4.9878,1.1827,124.63,10.89,4.616
172,4.9849,1.1827,124.88,8.9,4.593
173,5.04,1.1823,125.48,10.65,4.452
174,4.9949,1.2158,125.49,9.29,4.638
175,5.0361,1.2186,124.68,10.78,4.41
176,4.9666,1.1989,125.05,10.65,4.62
177,5.0276,1.2109,125.02,11.39,4.593
178,4.96,1.2007,124.68,11.16,4.549
179,4.9957,1.219,124.67,10.6,4.525
180,5.0146,1.1807,124.81,8.44,4.553
181,5.0329,1.2004,125.46,8.44,4.466
182,4.978,1.2168,124.97,10.57,4.53
183,4.9814,1.1983,124.7,8.72,4.549
184,4.9707,1.2011,124.75,11.22,4.427
185,5.0154,1.1839,124.56,13.48,4.591
186,5.0118,1.2009,125.44,8.13,4.493
187,4.9743,1.1892,125.31,8.67,4.519
188,5.0136,1.1919,124.67,11.1,4.607
189,5.035,1.2015,124.56,9.54,4.394
190,5.0232,1.2168,125.16,9.07,4.381
191,5.0133,1.2028,125.1,8.62,4.604
192,4.9708,1.2193,124.71,7.94,4.36
193,4.9818,1.2057,125.17,9.74,4.537
194,4.9924,1.1892,124.75,9.44,4.538
195,4.9707,1.183,125.49,10.15,4.606
196,5.0382,1.1825,125.22,9.18,4.46
197,5.0148,1.2065,125.32,10.4,4.492
198,5.0202,1.2139,125.22,10.14,4.417
199,5.0269,1.1904,125.36,8.92,4.442
200,5.0338,1.209,124.97,9.86,4.475
201,5.0025,1.2044,125.44,8.51,4.622
202,5.029,1.2113,124.93,10.72,4.638
203,4.9655,1.202,125.0,10.96,4.398
204,5.016,1.2133,125.26,8.94,4.599
205,5.0311,1.2053,125.32,10.84,4.61
206,4.9879,1.1929,125.02,12.48,4.545
207,5.0062,1.2102,125.31,9.4,4.56
208,4.9881,1.1923,124.89,10.23,4.38
209,4.9705,1.2069,124.84,12.52,4.551
210,5.0028,1.2081,125.02,8.17,4.576
211,5.0141,1.214,124.54,8.67,4.519
212,5.0102,1.2191,125.21,10.03,4.359
213,4.9937,1.2198,124.9,12.16,4.436
214,5.007,1.2014,125.2,8.88,4.434
215,5.0097,1.1818,125.31,9.62,4.564
216,4.9699,1.2154,124.6,11.01,4.483
217,5.0375,1.2052,124.93,9.07,4.394
218,4.984,1.2165,125.34,9.92,4.357
219,4.9719,1.209,124.77,7.25,4.586
220,4.9784,1.2086,124.81,7.9,4.407
221,4.9658,1.2167,124.58,12.16,4.41
222,5.0082,1.2069,124.75,11.35,4.63
223,5.0319,1.1952,124.56,9.0,4.571
224,5.04,1.1911,125.42,8.34,4.508
225,5.0233,1.182,125.12,11.52,4.404
226,5.0108,1.1927,124.95,10.71,4.445
227,4.9765,1.1931,124.52,9.84,4.65
228,4.9875,1.2037,124.82,10.22,4.622
229,5.0003,1.1916,124.68,11.88,4.453
230,5.0385,1.2169,125.16,9.95,4.462
231,5.0124,1.2068,124.84,9.78,4.534
232,4.9844,1.2128,124.63,10.06,4.579
233,4.9688,1.2077,125.34,11.36,4.381
234,5.0006,1.191,124.86,9.45,4.616
235,5.0087,1.2017,124.88,9.43,4.552
236,5.0269,1.1863,125.38,9.74,4.65
237,4.983,1.2141,124.88,10.91,4.604
238,4.9934,1.2046,125.12,10.31,4.577
239,5.0019,1.1984,124.81,9.75,4.469
240,5.0226,1.2173,125.08,10.16,4.536
241,4.9908,1.2017,125.05,9.58,4.556
242,5.0393,1.2026,124.52,10.56,4.43
243,5.0194,1.2028,124.83,8.48,4.458
244,4.9868,1.1993,124.7,11.3,4.465
245,4.9907,1.1887,125.43,8.54,4.45
246,5.0195,1.1859,124.97,11.51,4.548
247,5.0287,1.1853,124.69,11.57,4.507
248,4.9963,1.1855,124.79,10.5,4.517
249,4.9907,1.1936,125.26,10.03,4.431
250,4.9773,1.1966,124.8,9.55,4.397
251,5.033,1.2112,124.95,8.99,4.421
252,4.983,1.2164,124.78,8.69,4.523
253,4.9891,1.2186,124.56,9.17,4.505
254,5.0212,1.199,124.7,10.08,4.486
255,5.007,1.2024,125.5,11.78,4.468
256,5.0373,1.209,125.13,9.25,4.358
257,4.9971,1.1992,124.77,7.84,4.475
258,4.9675,1.2152,125.44,7.68,4.508
259,4.9949,1.2086,124.62,11.63,4.449
260,4.9921,1.2149,125.41,10.41,4.451
261,5.0397,1.1932,125.17,10.24,4.63
262,4.97,1.1975,125.48,10.54,4.438
263,5.0131,1.1975,124.51,8.76,4.444
264,4.9917,1.2126,125.11,8.22,4.634
265,4.9974,1.201,124.52,10.4,4.405
266,4.9616,1.1874,125.03,10.26,4.518
267,5.0178,1.2007,125.13,9.91,4.425
268,4.9988,1.201,125.23,11.01,4.421
269,5.0107,1.1899,125.14,9.31,4.48
270,5.0392,1.2081,124.72,11.67,4.611
271,4.9771,1.2036,124.66,9.12,4.644
272,5.0249,1.2199,124.55,11.55,4.554
273,4.9639,1.2141,125.1,9.95,4.474
274,5.016,1.2132,125.43,8.54,4.54
275,4.9845,1.2088,124.76,7.93,4.542
276,4.9721,1.1951,124.78,8.42,4.51
277,5.0307,1.1866,125.17,10.2,4.566
278,4.9626,1.2111,124.92,11.03,4.641
279,4.9686,1.2186,124.97,7.98,4.515
280,5.0291,1.2035,124.89,10.52,4.413
281,4.9885,1.1882,124.92,10.52,4.495
282,4.9929,1.1875,124.64,9.45,4.462
283,5.006,1.2149,124.52,9.9,4.496
284,4.9832,1.185,125.32,8.58,4.622
285,4.9975,1.1833,125.36,9.54,4.583
286,5.0322,1.1836,124.88,10.38,4.365
287,4.9849,1.2003,125.27,11.92,4.449
288,4.9755,1.1819,125.07,10.56,4.504
289,4.9659,1.1939,124.72,8.36,4.545
290,5.0152,1.206,125.21,10.7,4.506
291,4.9837,1.2042,125.05,9.44,4.526
292,4.9882,1.2173,124.64,9.66,4.524
293,4.9884,1.1809,124.72,7.78,4.404
294,4.9839,1.211,125.44,11.41,4.459
295,5.0254,1.2015,125.5,11.47,4.504
296,4.9834,1.2092,125.17,8.86,4.647
297,5.0098,1.2055,124.74,12.04,4.502
298,5.0193,1.1831,124.54,8.83,4.561
299,5.0097,1.2049,125.09,11.21,4.58
300,4.9903,1.1998,124.67,8.57,4.497
301,4.9795,1.1864,124.66,10.47,4.508
302,4.9725,1.2182,124.51,11.92,4.476
303,4.972,1.2106,125.48,9.94,4.404
304,5.0186,1.2019,125.06,8.97,4.365
305,4.9975,1.2181,125.48,8.2,4.631
306,5.0278,1.2072,124.74,8.42,4.443
307,4.987,1.197,125.42,9.4,4.614
308,4.9852,1.1874,125.21,9.54,4.576
309,5.0393,1.2074,124.83,10.46,4.404
310,4.9917,1.2104,124.69,9.55,4.562
311,5.0022,1.2123,124.99,9.07,4.359
312,4.9639,1.2059,125.4,10.94,4.484
313,4.9926,1.1991,124.68,9.76,4.554
314,4.9808,1.2066,124.56,7.8,4.65
315,5.0261,1.1858,125.47,10.26,4.424
316,4.9899,1.197,124.89,10.84,4.396
317,4.9729,1.1921,124.66,9.3,4.62
318,4.9661,1.1856,125.21,12.3,4.546
319,5.0141,1.1866,124.9,9.71,4.406
320,4.9835,1.2033,125.4,9.65,4.614
321,5.0074,1.191,125.32,8.94,4.488
322,5.0122,1.2003,125.15,10.69,4.561
323,4.9715,1.1806,125.38,11.01,4.509
324,5.0211,1.2076,125.5,8.97,4.374
325,4.9714,1.1854,124.74,9.08,4.551
326,4.9955,1.1874,125.1,8.04,4.46
327,4.9825,1.2111,124.94,8.55,4.648
328,4.9816,1.1913,125.37,9.87,4.487
329,4.996,1.1862,125.25,12.35,4.385
330,4.989,1.1828,125.32,10.56,4.585
331,5.033,1.1852,125.28,10.2,4.585
332,4.9907,1.2184,124.63,10.87,4.512
333,5.0025,1.1889,125.05,10.27,4.523
334,5.0279,1.2184,124.96,7.93,4.554
335,5.0079,1.1959,125.1,9.53,4.363
336,4.9941,1.1994,124.74,10.86,4.441
337,4.9756,1.2083,125.33,10.13,4.594
338,4.9679,1.1923,124.75,9.56,4.508
339,5.0204,1.2137,124.74,12.67,4.474
340,5.0126,1.1841,124.77,9.66,4.581
341,4.97,1.214,125.23,12.06,4.612
342,4.9688,1.1962,125.17,10.1,4.48
343,4.9726,1.2,125.4,8.31,4.352
344,5.021,1.2063,124.62,9.83,4.566
345,4.9852,1.2057,125.23,9.19,4.41
346,4.9992,1.1937,124.6,9.01,4.384
347,4.9925,1.1986,125.48,9.57,4.419
348,4.9649,1.208,125.48,9.55,4.622
349,5.0041,1.1902,125.41,9.99,4.407
350,5.018,1.2024,125.01,10.66,4.529
351,4.998,1.2101,124.53,9.58,4.493
352,4.9865,1.1995,125.21,9.66,4.42
353,5.008,1.2112,124.88,10.06,4.517
354,4.9985,1.2005,125.07,9.59,4.483
355,5.0389,1.2119,125.22,10.8,4.647
356,4.9894,1.194,124.92,10.47,4.452
357,4.9624,1.2133,124.77,8.15,4.373
358,4.9905,1.1951,125.26,11.2,4.436
359,4.9791,1.203,124.95,11.77,4.607
360,5.0112,1.2033,125.34,9.64,4.637
361,4.971,1.1934,125.25,11.43,4.387
362,5.0342,1.2054,124.94,10.38,4.592
363,4.9696,1.2144,125.08,12.07,4.513
364,4.9667,1.1934,125.48,10.28,4.566
365,4.9751,1.1906,125.41,10.82,4.492
366,5.0002,1.2149,125.16,9.64,4.389
367,4.9896,1.2113,125.0,9.76,4.554
368,4.9943,1.2184,124.89,7.25,4.623
369,4.9728,1.2167,124.95,11.42,4.393
370,5.0196,1.1986,124.54,8.13,4.632
371,5.0257,1.185,125.5,11.03,4.615
372,4.964,1.194,124.7,11.38,4.639
373,4.9704,1.1963,125.47,9.67,4.535
374,5.0397,1.1817,125.13,10.22,4.396
375,4.964,1.2044,125.45,8.94,4.537
376,5.0258,1.2144,125.36,11.22,4.522
377,5.0214,1.219,125.36,10.93,4.571
378,4.977,1.2104,125.15,11.16,4.554
379,5.0378,1.1959,125.41,9.46,4.462
380,4.993,1.2095,125.26,11.97,4.553
381,5.0144,1.2129,125.02,9.46,4.587
382,4.9829,1.1835,124.86,8.57,4.399
383,4.9723,1.214,124.78,11.29,4.553
384,4.9853,1.1874,124.63,9.16,4.531
385,4.9673,1.1909,124.58,8.91,4.379
386,4.9755,1.1876,125.43,11.04,4.433
387,5.0013,1.1866,125.12,9.85,4.518
388,5.0291,1.1917,124.91,10.07,4.387
389,4.9759,1.1958,124.57,10.85,4.473
390,5.0206,1.1821,125.11,12.68,4.642
391,4.9685,1.1986,124.53,9.2,4.567
392,5.0113,1.1823,125.18,10.08,4.542
393,5.0161,1.1903,124.61,12.23,4.536
394,4.9814,1.2097,124.96,9.76,4.405
395,4.9834,1.2045,125.36,9.98,4.405
396,5.0061,1.2131,125.43,10.09,4.524
397,5.0261,1.2109,125.08,7.98,4.423
398,4.9801,1.1845,125.38,10.83,4.619
399,4.9771,1.1998,125.28,8.3,4.538
400,4.9806,1.1854,124.74,10.5,4.367
401,4.9909,1.2136,124.85,10.4,4.506
402,4.995,1.2085,125.45,10.52,4.471
403,5.0277,1.1926,124.97,9.98,4.542
404,4.9698,1.2172,125.31,10.41,4.416
405,4.9812,1.2026,124.89,7.56,4.59
406,4.9709,1.1879,125.0,12.39,4.418
407,4.9696,1.1975,124.71,9.42,4.627
408,5.0084,1.1923,124.92,10.97,4.551
409,5.024,1.219,124.96,10.45,4.478
410,5.0287,1.2029,125.0,9.23,4.408
411,5.0295,1.1907,125.27,7.55,4.47
412,4.9727,1.1867,125.05,10.63,4.389
413,4.9722,1.187,125.12,7.45,4.519
414,5.0229,1.1831,125.13,11.26,4.351
415,4.9725,1.2121,124.55,9.67,4.498
416,5.0051,1.2132,124.97,8.25,4.407
417,4.9883,1.2021,124.5,10.95,4.42
418,5.021,1.2039,125.38,7.63,4.462
419,4.9842,1.1844,124.93,10.15,4.525
420,4.9604,1.2022,125.42,9.62,4.374
421,5.0,1.1964,125.18,11.02,4.578
422,4.9973,1.1947,124.77,9.82,4.582
423,4.969,1.1951,125.07,9.61,4.506
424,4.9708,1.1863,124.68,10.36,4.509
425,4.9812,1.197,124.6,9.93,4.55
426,4.973,1.1832,124.54,10.35,4.509
427,4.9678,1.2056,125.13,8.24,4.42
428,5.0395,1.2129,124.83,11.29,4.518
429,4.9993,1.2155,125.38,10.95,4.508
430,5.0159,1.2194,125.01,10.15,4.61
431,4.9854,1.1901,125.36,8.82,4.457
432,5.0333,1.2194,124.72,12.84,4.6
433,5.0007,1.2198,125.09,9.26,4.41
434,4.9811,1.2032,125.41,11.91,4.583
435,5.0288,1.1897,125.11,10.07,4.362
436,4.9603,1.1813,124.69,12.12,4.629
437,4.9718,1.2112,124.62,11.26,4.586
438,5.0371,1.1897,125.03,9.89,4.649
439,4.9949,1.1901,124.91,8.93,4.632
440,4.989,1.2184,124.77,11.59,4.451
441,4.9835,1.2071,124.79,11.49,4.577
442,4.9908,1.1858,124.8,11.41,4.57
443,5.0165,1.2185,125.42,11.93,4.512
444,4.9707,1.1899,124.99,6.82,4.625
445,5.036,1.2038,125.07,12.48,4.517
446,5.0267,1.1918,125.03,9.01,4.561
447,5.0043,1.2156,124.94,12.08,4.518
448,5.032,1.2071,124.51,9.78,4.521
449,4.9805,1.2019,124.76,9.18,4.58
450,4.9651,1.1843,125.19,8.72,4.467
451,4.9872,1.1848,124.57,9.24,4.6
452,5.0301,1.1924,124.96,9.92,4.517
453,4.989,1.2195,124.55,9.69,4.49
454,5.0202,1.2198,125.2,9.89,4.445
455,4.9986,1.2149,124.76,9.87,4.426
456,4.963,1.1813,125.41,9.54,4.463
457,4.988,1.2158,124.99,10.13,4.589
458,5.0,1.2192,124.65,9.8,4.504
459,5.023,1.1936,124.92,11.4,4.465
460,5.04,1.1854,125.3,9.76,4.437
461,4.9746,1.2159,124.67,9.7,4.618
462,4.971,1.1812,124.55,10.49,4.488
463,5.035,1.1806,124.74,9.82,4.474
464,4.9915,1.2028,124.7,6.8,4.385
465,5.0033,1.1808,125.23,8.36,4.56
466,4.9812,1.2176,125.11,8.72,4.453
467,4.9661,1.1907,124.92,10.45,4.503
468,5.0176,1.2023,125.2,11.8,4.616
469,4.9672,1.1946,125.4,11.24,4.37
470,4.9658,1.2019,124.93,11.78,4.537
471,4.964,1.2191,124.8,11.93,4.52
472,4.9682,1.182,125.3,10.04,4.409
473,4.9728,1.2154,125.1,9.37,4.526
474,5.0313,1.188,125.24,7.62,4.38
475,4.9683,1.1848,125.21,12.23,4.393
476,5.0373,1.2106,124.88,8.87,4.631
477,5.0028,1.1806,124.8,9.55,4.383
478,5.034,1.1858,124.76,12.54,4.365
479,5.0024,1.205,125.45,8.72,4.427
480,5.0331,1.1853,124.96,10.89,4.514
481,4.9852,1.2106,124.76,10.74,4.502
482,5.0186,1.2063,125.45,10.94,4.606
483,4.9709,1.1847,124.65,8.79,4.433
484,5.0135,1.2,125.07,12.43,4.521
485,4.9825,1.2124,125.28,10.93,4.578
486,5.0236,1.202,125.04,10.97,4.399
487,4.9978,1.1918,125.06,10.23,4.566
488,5.0072,1.1941,124.66,10.91,4.471
489,5.0129,1.1934,125.35,10.36,4.382
490,5.0018,1.2195,125.16,11.84,4.636
491,4.9951,1.1871,125.25,8.07,4.35
492,4.972,1.1862,125.33,12.2,4.375
493,5.0337,1.1851,124.97,11.15,4.444
494,4.9889,1.1916,124.81,8.36,4.48
495,4.9966,1.213,124.7,8.4,4.604
496,4.9771,1.2079,124.52,9.46,4.428
497,4.9624,1.2036,125.33,8.8,4.628
498,5.025,1.1852,124.59,13.34,4.636
499,4.9825,1.1961,124.59,9.08,4.573
500,5.0265,1.1872,124.5,8.17,4.508
501,4.9738,1.1811,125.4,10.4,4.552
502,4.9628,1.2173,125.45,10.71,4.648
503,4.9971,1.1814,124.95,10.62,4.545
504,4.9671,1.1911,125.07,10.27,4.597
505,5.0198,1.1913,124.97,8.62,4.514
506,5.0108,1.1916,124.56,9.05,4.561
507,4.9832,1.2136,124.65,9.22,4.451
508,4.9647,1.2133,125.15,9.08,4.629
509,5.0323,1.181,124.96,10.2,4.464
510,5.0298,1.2123,125.46,9.6,4.615
511,4.9736,1.1997,124.68,9.08,4.498
512,4.9941,1.2076,124.94,10.81,4.401
513,5.002,1.1814,124.53,13.48,4.506
514,5.0365,1.2157,125.27,9.23,4.467
515,5.0267,1.197,124.89,10.49,4.633
516,5.0338,1.1904,125.31,11.14,4.375
517,5.0387,1.2018,124.56,9.72,4.393
518,4.9999,1.2,124.94,10.57,4.449
519,4.9795,1.1844,124.7,10.97,4.603
520,5.0166,1.2082,125.15,8.09,4.37
521,5.0322,1.1805,124.84,10.18,4.603
522,5.0283,1.194,125.19,10.01,4.395
523,4.9824,1.2092,124.75,11.22,4.387
524,4.9619,1.1905,125.44,10.78,4.568
525,5.0178,1.1864,124.94,10.65,4.541
526,4.9978,1.2029,124.63,10.38,4.517
527,4.9923,1.2038,125.26,9.57,4.451
528,4.9873,1.2132,124.67,8.65,4.641
529,5.0317,1.2098,124.72,11.56,4.375
530,5.0143,1.1832,124.71,11.43,4.559
531,4.9636,1.1946,124.81,9.94,4.413
532,5.0231,1.1822,125.34,8.16,4.523
533,5.0256,1.2165,125.26,8.72,4.64
534,4.9826,1.2194,124.85,10.95,4.461
535,4.9772,1.2162,125.41,10.82,4.386
536,4.9614,1.1807,124.9,10.54,4.643
537,4.9931,1.1917,125.04,9.41,4.572
538,5.0381,1.1882,125.44,10.21,4.398
539,5.0399,1.2008,124.51,9.25,4.456
540,4.9789,1.1944,124.76,8.86,4.433
541,4.9701,1.2041,125.22,10.83,4.484
542,5.0005,1.1896,124.69,8.06,4.62
543,5.0295,1.1882,124.81,9.67,4.457
544,4.9885,1.217,125.25,11.34,4.465
545,4.9947,1.2185,124.68,9.91,4.521
546,4.98,1.1895,125.35,9.48,4.612
547,5.0,1.1871,124.69,9.2,4.477
548,5.0215,1.1822,125.25,10.94,4.45
549,5.0363,1.1843,125.19,9.65,4.417
550,5.0073,1.2173,124.73,12.0,4.505
551,5.0329,1.2041,125.4,10.57,4.626
552,5.0264,1.1822,125.12,9.78,4.553
553,5.0014,1.183,125.02,11.56,4.596
554,5.0323,1.1928,125.07,9.4,4.549
555,4.9661,1.2138,125.02,8.48,4.495
556,5.0368,1.1812,124.67,7.85,4.391
557,4.9688,1.219,125.16,8.57,4.499
558,5.0238,1.1972,124.94,11.0,4.372
559,4.9777,1.1842,124.74,8.01,4.61
560,4.9624,1.1909,124.5,10.44,4.39
561,4.9778,1.2093,124.61,7.98,4.44
562,4.9702,1.2197,125.09,8.85,4.383
563,4.9723,1.2156,125.4,10.7,4.392
564,4.9928,1.2019,125.46,9.39,4.395
565,4.99,1.183,125.16,9.69,4.563
566,4.9719,1.2047,125.37,11.69,4.472
567,5.0185,1.1854,125.03,10.13,4.354
568,4.9776,1.2027,125.1,10.71,4.469
569,4.9769,1.2008,125.46,10.55,4.579
570,5.0111,1.1808,124.75,11.14,4.431
571,5.0352,1.187,124.62,12.41,4.486
572,4.9986,1.1932,125.31,10.54,4.534
573,4.9618,1.1861,125.21,9.63,4.541
574,4.9735,1.1843,125.34,7.8,4.612
575,5.0346,1.2079,124.91,8.17,4.423
576,5.0343,1.19,124.62,8.77,4.508
577,5.0049,1.2088,124.69,8.86,4.557
578,4.9836,1.1975,125.05,9.64,4.363
579,5.0173,1.1838,124.64,9.24,4.566
580,4.9873,1.2121,125.29,10.4,4.364
581,5.011,1.2067,125.1,9.64,4.379
582,5.0148,1.2007,125.08,8.34,4.527
583,5.0136,1.1801,125.18,8.28,4.359
584,5.0104,1.1874,124.56,9.62,4.409
585,5.0123,1.1966,124.65,9.83,4.467
586,5.0028,1.1969,124.52,7.7,4.393
587,4.9709,1.2139,124.85,10.07,4.427
588,5.0135,1.1942,125.38,10.9,4.367
589,4.9945,1.2064,124.76,8.69,4.505
590,5.0096,1.2088,124.52,11.65,4.649
591,4.9995,1.1982,125.5,10.91,4.358
592,4.9766,1.1994,124.57,8.99,4.493
593,4.9637,1.1835,124.78,11.84,4.636
594,4.9753,1.2108,124.51,9.45,4.564
595,5.0061,1.1955,124.64,9.39,4.579
596,5.0216,1.204,124.67,10.2,4.363
597,5.0391,1.217,125.06,9.81,4.437
598,4.9957,1.1851,124.98,9.87,4.355
599,4.9835,1.1942,124.76,9.6,4.544
600,4.9998,1.1922,125.19,10.54,4.631
601,4.9808,1.1828,124.94,9.56,4.435
602,5.0207,1.203,124.6,10.2,4.495
603,4.982,1.1934,125.17,9.65,4.362
604,5.0302,1.2015,125.4,8.31,4.614
605,5.0363,1.188,125.2,9.74,4.532
606,5.0015,1.2175,125.46,10.37,4.465
607,4.9707,1.187,124.64,9.61,4.495
608,4.9723,1.182,124.57,10.92,4.354
609,4.9788,1.2121,125.05,11.3,4.434
610,5.0214,1.1926,124.78,10.17,4.57
611,4.9803,1.2086,124.88,9.11,4.5
612,5.01,1.1808,125.4,9.23,4.604
613,4.9611,1.2034,125.17,10.23,4.459
614,5.0011,1.2137,125.12,7.82,4.356
615,5.0203,1.1942,124.63,10.01,4.404
616,4.9856,1.1951,125.46,10.27,4.614
617,4.9846,1.2088,125.47,11.45,4.412
618,4.9907,1.1941,125.41,10.31,4.559
619,4.9636,1.2083,125.37,9.67,4.483
620,5.0298,1.1977,125.2,9.83,4.392
621,4.971,1.1961,125.0,12.4,4.403
622,5.0088,1.2136,125.35,10.02,4.486
623,5.013,1.2007,125.21,9.78,4.451
624,5.0371,1.1943,125.14,9.42,4.629
625,4.9975,1.2076,125.34,9.16,4.445
626,5.0013,1.1953,124.54,10.04,4.526
627,5.0026,1.1887,125.09,9.55,4.411
628,5.0054,1.2191,125.37,10.71,4.573
629,4.9695,1.2097,125.4,9.65,4.4
630,5.0108,1.206,125.2,11.63,4.51
631,5.0315,1.1969,125.09,9.79,4.553
632,4.982,1.1897,125.42,12.33,4.507
633,5.0198,1.2044,124.55,6.58,4.493
634,5.0135,1.1899,124.99,11.16,4.445
635,5.0387,1.1895,125.11,10.5,4.448
636,5.004,1.2127,125.35,8.75,4.59
637,5.0082,1.1963,125.25,8.74,4.623
638,5.0202,1.2184,125.5,11.04,4.429
639,4.975,1.2105,124.58,10.23,4.524
640,5.0349,1.195,125.38,9.0,4.384
641,5.0341,1.192,124.52,12.38,4.514
642,4.9864,1.1868,124.64,10.1,4.497
643,4.9963,1.2022,125.16,8.57,4.479
644,5.0138,1.2152,125.13,10.44,4.396
645,5.0274,1.1901,124.93,8.15,4.538
646,5.0386,1.2036,125.19,9.47,4.541
647,5.0337,1.2157,124.84,8.93,4.604
648,4.9604,1.2191,124.89,11.23,4.367
649,4.9971,1.1963,125.44,7.82,4.451
650,5.0274,1.2192,125.08,7.18,4.35
651,4.9685,1.2086,124.83,9.58,4.598
652,5.0277,1.2143,124.62,8.92,4.557
653,5.0015,1.1923,124.81,8.85,4.579
654,5.0152,1.1811,124.73,8.69,4.481
655,4.9851,1.1924,125.38,10.25,4.495
656,4.9933,1.202,125.27,9.74,4.378
657,4.9857,1.2036,125.27,9.99,4.58
658,5.0187,1.1833,124.61,7.94,4.532
659,5.0,1.2172,124.83,8.21,4.516
660,4.9735,1.1853,125.27,10.86,4.438
661,5.0158,1.197,124.68,8.77,4.394
662,5.0096,1.1825,124.68,8.08,4.373
663,5.0018,1.2181,124.81,8.71,4.442
664,4.9702,1.214,125.43,10.88,4.365
665,5.0126,1.1984,125.29,10.0,4.464
666,5.0191,1.1835,125.03,10.05,4.372
667,4.9798,1.1886,124.75,8.24,4.403
668,4.9979,1.1959,125.32,10.12,4.563
669,4.9874,1.1827,125.11,9.49,4.405
670,4.9874,1.214,125.17,10.22,4.36
671,5.0055,1.1827,124.86,9.38,4.598
672,4.9714,1.2175,125.1,10.94,4.436
673,5.023,1.2188,125.41,8.48,4.593
674,5.0284,1.1828,124.73,9.49,4.538
675,4.9847,1.2156,125.0,9.69,4.554
676,5.0342,1.1968,124.62,11.3,4.402
677,5.0026,1.2103,124.62,10.5,4.419
678,4.9737,1.2047,125.33,9.63,4.351
679,4.9771,1.1943,124.7,10.84,4.641
680,4.9941,1.2,124.76,11.22,4.601
681,5.0357,1.217,125.01,9.81,4.643
682,4.9822,1.1865,125.05,9.84,4.63
683,4.9725,1.1819,124.72,8.24,4.438
684,5.0388,1.21,124.85,9.82,4.646
685,5.0293,1.1923,124.91,9.3,4.454
686,4.9699,1.2166,125.03,9.97,4.626
687,4.9946,1.2191,125.0,9.88,4.365
688,5.0079,1.1805,125.05,10.04,4.641
689,4.9701,1.1931,124.83,9.4,4.603
690,5.0189,1.2006,125.05,6.92,4.547
691,4.9951,1.2058,125.07,9.36,4.425
692,5.0256,1.2089,124.97,11.04,4.377
693,4.9799,1.2191,124.83,11.36,4.548
694,5.0353,1.1814,124.86,9.65,4.599
695,5.001,1.2003,125.01,11.05,4.487
696,5.0313,1.2004,124.72,9.93,4.576
697,4.9967,1.1801,125.0,11.45,4.387
698,4.9965,1.1907,124.53,10.69,4.391
699,4.9937,1.2158,125.34,10.08,4.615
700,4.9755,1.1936,125.0,9.86,4.593
701,4.9631,1.192,124.55,9.47,4.578
702,5.0269,1.2175,125.26,11.73,4.621
703,5.0307,1.2132,124.88,9.7,4.47
704,5.0205,1.1805,124.9,10.41,4.36
705,4.9908,1.2028,124.74,9.94,4.364
706,5.0283,1.1841,125.14,11.53,4.643
707,5.0099,1.2173,125.01,10.53,4.39
708,4.9721,1.2044,125.11,9.2,4.436
709,5.0344,1.2182,124.73,8.81,4.542
710,4.9631,1.2125,124.81,10.23,4.622
711,4.9643,1.2086,125.04,10.21,4.367
712,4.991,1.1992,124.97,9.63,4.542
713,5.0084,1.2012,125.43,8.56,4.618
714,5.0033,1.1808,124.81,8.31,4.374
715,4.9749,1.2032,125.26,10.55,4.603
716,4.9694,1.1801,124.99,9.03,4.622
717,5.0086,1.1988,125.49,9.96,4.553
718,5.0043,1.207,124.65,14.09,4.487
719,5.0175,1.1963,125.13,9.64,4.406
720,5.0285,1.2068,124.77,7.09,4.637
721,4.9746,1.1851,124.86,9.13,4.535
722,5.0398,1.1817,124.75,8.73,4.541
723,5.0172,1.2131,125.03,9.49,4.634
724,4.9962,1.1863,125.45,10.87,4.603
725,5.0169,1.1838,125.28,10.74,4.434
726,5.0246,1.2084,124.7,10.95,4.606
727,4.9934,1.2071,124.95,9.08,4.387
728,4.9659,1.1817,124.89,7.68,4.566
729,5.0127,1.1859,125.28,9.78,4.383
730,5.0076,1.2065,124.52,11.23,4.638
731,5.0014,1.1892,124.98,9.84,4.547
732,5.0309,1.2147,124.58,10.34,4.427
733,4.9617,1.2007,125.46,10.72,4.494
734,5.0235,1.2043,124.77,10.8,4.544
735,4.9941,1.2071,124.9,7.87,4.549
736,5.0089,1.1912,124.53,10.36,4.582
737,5.0002,1.1923,125.32,9.95,4.413
738,5.0152,1.2071,124.52,8.13,4.422
739,5.0068,1.2024,125.45,9.89,4.52
740,5.0194,1.1805,124.71,12.29,4.361
741,5.0129,1.183,125.0,9.43,4.475
742,4.9828,1.1945,125.1,8.36,4.472
743,4.9997,1.2023,125.5,9.37,4.407
744,5.0066,1.2062,124.73,8.94,4.463
745,4.964,1.1832,125.46,9.51,4.643
746,5.0392,1.2064,125.02,8.9,4.43
747,5.0194,1.2009,125.44,10.32,4.411
748,4.9757,1.181,125.17,10.62,4.398
749,4.9831,1.2096,124.76,10.79,4.389
750,5.0244,1.1895,125.29,9.11,4.458
751,4.9902,1.2089,125.34,11.31,4.549
752,5.0282,1.2095,124.88,8.84,4.472
753,4.9752,1.186,124.67,9.79,4.532
754,4.9753,1.1866,124.85,11.74,4.518
755,5.0143,1.203,124.69,9.17,4.53
756,5.0162,1.1832,125.18,9.26,4.483
757,5.003,1.2158,125.26,9.92,4.352
758,5.0308,1.1906,125.46,8.31,4.562
759,4.9637,1.1912,124.81,9.35,4.433
760,5.0021,1.1976,124.93,11.09,4.566
761,5.0091,1.2109,124.6,11.67,4.518
762,4.9606,1.2138,124.69,11.16,4.467
763,4.9693,1.208,124.7,10.15,4.643
764,5.0274,1.1934,124.62,11.14,4.567
765,5.0264,1.2033,125.17,8.61,4.43
766,5.0029,1.1913,124.64,12.25,4.469
767,5.036,1.2163,125.0,10.77,4.383
768,4.9658,1.1801,124.74,11.63,4.52
769,4.9908,1.2054,125.16,10.06,4.617
770,5.0226,1.2005,124.92,11.9,4.452
771,5.0163,1.1897,124.59,9.49,4.602
772,4.9868,1.198,124.7,11.05,4.466
773,5.0189,1.2125,125.18,8.59,4.379
774,5.023,1.1877,125.14,10.61,4.629
775,5.0151,1.2186,125.49,10.83,4.565
776,4.9746,1.1801,125.41,10.64,4.553
777,4.9633,1.2178,125.05,7.03,4.381
778,5.0276,1.2096,125.21,9.15,4.637
779,4.9677,1.2103,124.73,12.18,4.56
780,4.9832,1.2157,125.12,8.9,4.599
781,5.0222,1.1813,125.2,8.55,4.608
782,5.0245,1.1934,124.81,10.21,4.436
783,4.9857,1.1937,124.81,10.99,4.455
784,5.0273,1.193,125.0,10.84,4.36
785,4.9876,1.2177,124.83,10.69,4.499
786,4.9816,1.2184,124.65,11.42,4.514
787,5.0212,1.1815,124.93,12.36,4.39
788,4.9607,1.2,125.41,9.07,4.423
789,5.0021,1.2129,124.53,9.15,4.499
790,5.0077,1.2198,125.13,10.1,4.378
791,5.0079,1.2005,124.9,9.99,4.625
792,4.9899,1.2146,124.65,9.13,4.533
793,4.971,1.1869,125.28,10.07,4.597
794,5.0298,1.1849,125.2,10.21,4.399
795,4.988,1.1836,124.81,11.32,4.47
796,4.9892,1.2183,125.05,8.34,4.643
797,5.0303,1.2124,124.59,11.02,4.507
798,5.0274,1.2001,124.53,13.39,4.446
799,5.0041,1.196,125.07,10.73,4.392
800,4.9696,1.2043,124.77,11.22,4.447
801,5.0214,1.1955,124.79,8.45,4.503
802,4.9613,1.22,125.32,11.55,4.366
803,5.0262,1.2191,124.91,7.9,4.373
804,4.9835,1.2031,124.71,9.25,4.595
805,5.0092,1.1883,124.94,11.1,4.395
806,4.9668,1.2094,124.74,11.29,4.409
807,4.9668,1.2098,124.52,11.1,4.511
808,4.9742,1.181,125.14,8.43,4.513
809,4.9629,1.1998,124.68,11.25,4.437
810,5.0017,1.1903,125.2,12.19,4.472
811,4.9784,1.1917,124.59,9.01,4.501
812,4.9665,1.2107,124.74,9.61,4.649
813,4.9896,1.1859,124.76,12.53,4.513
814,5.0352,1.21,125.49,9.26,4.524
815,5.0224,1.1848,125.01,11.41,4.644
816,4.9901,1.2085,125.47,10.5,4.409
817,4.9891,1.2044,125.19,7.99,4.626
818,4.9765,1.1964,125.26,9.29,4.647
819,4.9728,1.1897,125.39,8.9,4.614
820,4.9679,1.1992,125.27,9.26,4.41
821,5.0003,1.2159,124.83,8.34,4.445
822,4.9928,1.1801,124.65,9.76,4.593
823,4.989,1.2118,124.67,10.32,4.645
824,5.001,1.1954,124.91,10.02,4.358
825,5.0102,1.2055,125.32,10.45,4.473
826,5.0094,1.1801,125.12,12.26,4.383
827,5.0069,1.1855,124.9,10.64,4.509
828,4.9649,1.2021,124.94,10.37,4.416
829,4.9888,1.1913,125.39,9.68,4.593
830,5.018,1.2144,124.66,11.28,4.515
831,5.0112,1.1888,124.8,10.48,4.549
832,4.9862,1.1969,125.02,9.7,4.391
833,5.0031,1.2038,125.03,10.36,4.482
834,4.9968,1.191,125.13,9.59,4.482
835,4.9735,1.2007,124.64,11.27,4.583
836,4.9796,1.2162,125.49,8.36,4.495
837,5.0236,1.2091,125.32,10.42,4.56
838,5.0007,1.2175,124.73,9.68,4.408
839,4.9757,1.2036,125.39,10.68,4.427
840,4.9675,1.186,125.23,11.09,4.373
841,4.974,1.2066,124.92,11.34,4.539
842,5.0324,1.1816,124.86,12.28,4.604
843,5.0329,1.184,124.84,10.19,4.575
844,5.0334,1.1811,124.77,11.47,4.43
845,5.0004,1.1953,124.91,10.1,4.649
846,4.9905,1.2098,124.9,9.66,4.47
847,5.0081,1.1841,125.11,11.25,4.356
848,5.0061,1.1923,125.21,7.7,4.409
849,5.0384,1.1906,124.8,10.59,4.39
850,5.0256,1.2172,124.83,9.67,4.595
851,4.9949,1.1847,125.45,11.8,4.443
852,5.0356,1.1854,125.5,9.34,4.519
853,4.9946,1.1947,125.14,9.67,4.352
854,4.9991,1.2048,125.22,8.38,4.545
855,4.9652,1.2101,125.14,7.13,4.48
856,5.0026,1.1882,124.5,11.3,4.417
857,4.9988,1.1808,125.5,9.31,4.363
858,5.0151,1.213,124.66,10.1,4.473
859,4.9979,1.1936,124.7,9.04,4.506
860,5.0172,1.2156,124.83,10.38,4.405
861,4.9657,1.213,125.01,9.84,4.622
862,5.0302,1.1848,124.57,11.1,4.427
863,5.0259,1.2146,125.14,10.33,4.375
864,5.0232,1.1881,124.99,10.0,4.352
865,5.0069,1.1878,124.59,9.69,4.443
866,4.9787,1.1859,125.47,10.21,4.579
867,4.9741,1.1984,125.11,11.52,4.545
868,5.0039,1.1917,124.7,11.47,4.431
869,5.0229,1.2098,125.24,12.44,4.443
870,5.0324,1.2102,124.76,10.7,4.445
871,4.9884,1.1994,125.46,9.93,4.476
872,5.0268,1.2031,125.09,7.49,4.394
873,5.0035,1.1841,125.12,9.03,4.387
874,5.0375,1.1865,125.28,11.92,4.37
875,4.9853,1.1825,124.57,10.04,4.561
876,5.0122,1.2028,124.8,9.68,4.629
877,4.9902,1.2003,125.47,8.77,4.372
878,5.0371,1.2113,124.86,9.06,4.492
879,4.9976,1.197,125.19,9.74,4.422
880,5.0105,1.2074,124.9,8.36,4.497
881,4.9929,1.1897,124.62,9.07,4.395
882,5.0009,1.1988,124.93,12.64,4.517
883,5.0131,1.1878,124.74,9.58,4.597
884,4.9888,1.2016,125.46,12.34,4.564
885,4.9852,1.2094,124.67,11.49,4.462
886,4.9752,1.2175,125.14,10.21,4.436
887,5.0308,1.1936,125.13,10.63,4.44
888,5.0056,1.1989,124.92,11.17,4.604
889,5.0395,1.2039,124.76,10.69,4.6
890,4.96,1.1941,124.78,10.8,4.558
891,4.9951,1.2068,124.74,8.77,4.424
892,4.9882,1.1909,124.78,8.97,4.448
893,4.962,1.2002,124.62,9.0,4.628
894,4.9797,1.2053,125.07,10.94,4.442
895,5.0382,1.2129,124.92,9.12,4.383
896,5.0311,1.2054,124.86,8.35,4.562
897,5.0339,1.2162,125.46,11.07,4.582
898,5.0345,1.2095,124.97,10.67,4.455
899,5.008,1.1941,124.94,10.96,4.359
900,4.9613,1.1962,125.46,9.94,4.377
901,5.0132,1.2177,124.73,11.43,4.471
902,4.9668,1.1823,125.41,10.05,4.426
903,4.9843,1.2128,124.74,11.92,4.583
904,4.9909,1.2127,124.95,8.44,4.55
905,5.0292,1.1954,125.49,9.54,4.457
906,4.9787,1.1917,125.02,7.83,4.483
907,4.9709,1.2077,125.34,9.58,4.512
908,4.9856,1.2167,124.84,11.69,4.403
909,4.9721,1.1868,125.26,10.11,4.37
910,4.9818,1.1828,125.1,9.58,4.456
911,4.9745,1.2174,124.55,10.49,4.435
912,4.9867,1.2021,125.13,10.45,4.444
913,5.0277,1.2042,124.69,8.92,4.586
914,4.9862,1.1879,125.49,11.66,4.361
915,4.988,1.2154,124.53,7.44,4.551
916,5.0088,1.1828,124.88,9.63,4.411
917,5.0275,1.2031,125.2,11.12,4.496
918,4.9692,1.1802,125.22,11.8,4.614
919,4.991,1.1882,125.18,9.8,4.606
920,5.0267,1.2052,124.67,9.1,4.528
921,5.0118,1.2066,124.57,7.91,4.404
922,4.9885,1.2177,124.88,9.81,4.582
923,4.9704,1.1821,125.21,10.93,4.375
924,4.9965,1.2097,124.94,10.88,4.551
925,5.0114,1.196,124.73,11.15,4.631
926,5.017,1.2044,124.81,10.21,4.625
927,4.9701,1.1977,125.04,11.66,4.4
928,5.0001,1.2093,124.95,8.75,4.517
929,4.9933,1.1982,124.61,13.11,4.471
930,5.0307,1.1866,124.8,10.17,4.45
931,5.01,1.1869,125.29,11.41,4.529
932,4.996,1.1915,125.26,10.8,4.567
933,5.0168,1.1899,125.24,11.06,4.46
934,4.9819,1.2007,125.17,11.56,4.569
935,5.0108,1.2081,125.25,11.82,4.471
936,4.973,1.2156,124.74,11.12,4.558
937,5.03,1.2177,125.43,11.13,4.478
938,5.0074,1.1898,125.03,9.37,4.416
939,5.0274,1.2128,125.0,10.49,4.634
940,5.0333,1.1965,124.92,8.17,4.471
941,4.9735,1.1814,124.7,9.59,4.447
942,4.9909,1.1821,125.06,10.55,4.588
943,4.9826,1.2177,125.49,10.2,4.645
944,4.9977,1.2111,125.24,9.65,4.357
945,5.0102,1.212,124.68,9.69,4.382
946,4.9942,1.2056,124.57,11.21,4.519
947,4.9634,1.2162,125.11,11.72,4.367
948,5.0276,1.2057,125.31,10.24,4.479
949,4.9993,1.2178,124.94,9.81,4.608
950,4.9729,1.1812,125.21,10.23,4.461
951,5.0316,1.196,125.41,9.84,4.432
952,5.0358,1.1972,124.95,10.06,4.477
953,5.0328,1.2041,124.62,9.13,4.367
954,4.9923,1.1922,125.25,8.85,4.581
955,4.9844,1.2084,125.09,8.78,4.518
956,4.9621,1.1841,125.17,8.85,4.575
957,4.9883,1.2067,124.83,9.28,4.39
958,4.9637,1.1943,124.57,9.68,4.485
959,5.0062,1.1875,124.72,10.65,4.46
960,4.9665,1.217,124.54,9.87,4.495
961,5.0285,1.1828,125.45,9.25,4.448
962,4.9744,1.2068,124.7,10.71,4.374
963,4.9997,1.2071,125.35,11.47,4.409
964,5.0225,1.2055,124.7,9.49,4.639
965,5.019,1.1844,124.95,10.09,4.448
966,4.9743,1.193,125.49,10.64,4.605
967,4.9972,1.1846,125.36,8.51,4.603
968,4.9956,1.1884,125.05,9.77,4.642
969,5.0176,1.1928,125.48,8.45,4.365
970,4.9955,1.2018,125.45,9.86,4.505
971,5.0241,1.2023,124.74,8.71,4.574
972,5.0326,1.1873,125.21,8.35,4.368
973,5.0302,1.2088,125.36,10.95,4.621
974,4.961,1.1806,125.09,8.92,4.574
975,4.9766,1.2187,125.37,10.58,4.554
976,4.961,1.198,124.97,9.51,4.509
977,4.9866,1.1836,124.54,10.14,4.411
978,5.0381,1.199,124.98,10.07,4.455
979,4.9659,1.2199,125.13,10.8,4.462
980,5.0338,1.212,124.88,8.7,4.352
981,5.0052,1.1858,125.47,11.19,4.559
982,5.0,1.188,125.08,9.52,4.395
983,5.0037,1.1814,124.76,10.3,4.579
984,4.9832,1.1827,124.95,9.59,4.487
985,4.9721,1.2185,124.52,8.49,4.551
986,4.9723,1.2154,125.09,10.75,4.439
987,4.978,1.2022,124.89,9.45,4.383
988,5.0072,1.2083,125.04,11.59,4.508
989,4.9699,1.1903,124.59,9.01,4.41
990,4.968,1.1877,125.09,8.74,4.407
991,4.9949,1.2183,124.89,11.92,4.528
992,4.9697,1.19,125.23,10.25,4.479
993,5.0277,1.2018,125.5,11.4,4.484
994,5.0397,1.1837,125.16,8.21,4.373
995,4.9826,1.2076,124.67,11.35,4.414
996,4.9637,1.2042,125.41,10.75,4.411
997,4.9948,1.195,125.47,11.6,4.612
998,4.9811,1.1935,124.55,10.09,4.423
999,5.0388,1.1905,125.27,11.63,4.548
1000,5.0141,1.2087,125.35,9.96,4.506
1001,4.9975,1.1886,125.36,8.49,4.627
1002,4.9807,1.2052,125.19,10.85,4.57
1003,5.0315,1.1829,125.16,10.99,4.628
1004,4.9953,1.2063,125.28,11.4,4.638
1005,5.0244,1.2158,125.12,6.76,4.582
1006,4.996,1.2083,124.95,9.49,4.567
1007,4.9719,1.1996,125.26,10.08,4.562
1008,5.0295,1.1935,125.22,8.9,4.548
1009,4.9801,1.2121,124.95,9.47,4.425
1010,4.9959,1.1955,124.98,8.79,4.475
1011,4.9784,1.2105,124.63,10.61,4.526
1012,4.9917,1.2183,124.6,10.51,4.391
1013,5.0352,1.1845,125.44,11.82,4.636
1014,4.9902,1.1859,125.3,8.62,4.565
1015,4.9889,1.1832,124.67,9.43,4.538
1016,4.9732,1.2169,124.93,10.08,4.648
1017,4.9604,1.2078,124.85,9.69,4.563
1018,5.0166,1.2053,125.03,11.11,4.476
1019,4.9638,1.2131,125.27,9.71,4.441
1020,5.0089,1.2027,125.1,12.19,4.478
1021,5.0226,1.2199,125.13,8.38,4.552
1022,5.0206,1.2016,124.77,11.15,4.646
1023,5.0266,1.2118,124.77,10.34,4.446
1024,5.0203,1.1816,125.08,10.39,4.411
1025,5.0292,1.2043,124.55,10.48,4.583
1026,4.9735,1.2115,125.32,11.59,4.359
1027,4.9912,1.2018,124.73,9.94,4.588
1028,4.9853,1.2083,125.16,10.92,4.46
1029,4.9783,1.1942,125.23,11.2,4.425
1030,4.9904,1.1959,125.32,11.75,4.45
1031,5.0133,1.2021,124.99,8.99,4.481
1032,4.9982,1.1882,125.36,7.76,4.534
1033,5.0364,1.2178,125.4,9.7,4.428
1034,4.9978,1.2077,124.73,10.55,4.541
1035,4.9651,1.1906,124.93,11.14,4.494
1036,5.0051,1.219,124.92,12.81,4.649
1037,5.0271,1.2096,125.46,10.23,4.531
1038,4.9944,1.1968,125.28,8.17,4.606
1039,5.0258,1.188,124.95,10.89,4.56
1040,5.0035,1.1904,125.31,9.71,4.546
1041,4.967,1.18,124.92,10.07,4.563
1042,5.0217,1.1856,124.56,8.84,4.563
1043,4.9838,1.1869,124.83,11.47,4.633
1044,4.9934,1.2127,125.33,9.31,4.558
1045,5.0371,1.1953,125.16,9.11,4.643
1046,5.0176,1.1919,124.56,10.07,4.544
1047,4.9813,1.2182,124.72,10.44,4.648
1048,5.0302,1.2162,125.46,9.64,4.618
1049,5.0196,1.2067,125.48,9.08,4.388
1050,4.9888,1.1843,125.28,10.81,4.581
1051,4.9744,1.1865,125.33,8.21,4.463
1052,5.0027,1.2073,125.13,10.67,4.439
1053,4.9936,1.1828,125.14,9.63,4.439
1054,4.9753,1.1923,125.08,11.65,4.47
1055,5.0221,1.2079,124.65,10.1,4.562
1056,4.9665,1.181,124.98,10.95,4.524
1057,4.9985,1.2147,125.08,10.56,4.377
1058,4.9685,1.1978,125.47,9.65,4.353
1059,4.9853,1.1804,125.3,10.28,4.471
1060,4.9656,1.2112,124.86,8.43,4.509
1061,4.9993,1.192,124.75,7.56,4.626
1062,5.0113,1.2001,124.99,10.32,4.42
1063,5.0168,1.2029,124.56,12.19,4.436
1064,4.9717,1.1852,125.32,10.86,4.386
1065,4.998,1.1887,124.96,9.8,4.402
1066,5.0235,1.1946,124.66,8.06,4.54
1067,5.0255,1.1923,124.56,8.16,4.418
1068,5.0036,1.1876,125.03,11.06,4.565
1069,4.9989,1.2181,125.31,8.03,4.465
1070,4.9795,1.2022,124.79,9.71,4.424
1071,4.9902,1.2041,125.1,9.65,4.483
1072,4.9858,1.1971,125.41,8.97,4.519
1073,5.0042,1.185,125.4,8.9,4.55
1074,5.0146,1.2081,124.9,8.96,4.537
1075,5.007,1.2033,124.91,10.92,4.378
1076,4.9888,1.1906,124.62,9.63,4.388
1077,4.9944,1.1824,125.27,10.83,4.641
1078,5.0365,1.1903,125.42,11.89,4.536
1079,4.9727,1.1821,124.71,8.51,4.494
1080,5.0049,1.18,125.39,10.61,4.605
1081,5.0176,1.2076,125.25,10.29,4.496
1082,5.0179,1.216,125.05,10.65,4.565
1083,4.9948,1.22,125.37,9.92,4.443
1084,4.9783,1.1974,124.6,10.62,4.491
1085,4.9686,1.1954,124.63,9.01,4.435
1086,4.9801,1.2146,125.4,10.49,4.465
1087,4.9953,1.185,124.84,9.68,4.576
1088,4.9612,1.2064,124.64,9.83,4.395
1089,5.0288,1.2196,125.12,9.05,4.443
1090,4.9666,1.2137,124.57,10.54,4.569
1091,4.9765,1.2013,124.69,9.88,4.441
1092,5.0233,1.2105,124.99,8.94,4.557
1093,4.9905,1.1807,124.61,9.57,4.438
1094,5.0052,1.2197,125.39,9.96,4.385
1095,4.9672,1.2174,125.01,8.86,4.416
1096,4.9611,1.1888,125.48,10.54,4.612
1097,5.0237,1.1984,125.38,9.82,4.593
1098,4.9601,1.1998,124.51,6.35,4.489
1099,5.0358,1.1981,124.8,8.52,4.508
1100,5.0027,1.2138,125.11,13.25,4.62
1101,4.9882,1.2138,125.27,9.21,4.505
1102,5.0186,1.2067,125.36,10.45,4.576
1103,4.9691,1.1824,125.03,9.84,4.62
1104,4.9933,1.2011,125.1,9.61,4.504
1105,5.0235,1.2119,124.8,9.24,4.55
1106,4.9959,1.1989,124.55,8.23,4.539
1107,5.0237,1.2055,125.27,11.75,4.357
1108,5.0102,1.1995,125.45,9.08,4.575
1109,4.9643,1.2081,124.68,9.95,4.552
1110,4.9604,1.181,125.2,10.93,4.625
1111,4.9808,1.1869,125.03,8.52,4.371
1112,4.9849,1.187,125.41,10.16,4.587
1113,5.0137,1.1871,124.71,11.81,4.54
1114,5.0287,1.1991,124.56,11.44,4.56
1115,4.9848,1.1805,125.08,9.19,4.382
1116,4.9731,1.2182,125.31,10.4,4.388
1117,4.9686,1.201,125.49,10.05,4.513
1118,4.9647,1.2011,124.82,10.62,4.572
1119,5.0104,1.1909,125.43,10.1,4.64
1120,5.0104,1.185,124.71,8.76,4.387
1121,5.0399,1.216,124.56,10.09,4.566
1122,4.9604,1.2137,124.54,11.06,4.384
1123,5.0,1.2049,125.27,8.84,4.391
1124,4.97,1.2032,124.67,9.91,4.436
1125,5.031,1.215,125.34,9.37,4.512
1126,5.019,1.2188,125.25,7.68,4.502
1127,5.0291,1.2197,125.0,11.69,4.35
1128,4.9657,1.2199,124.64,9.32,4.448
1129,5.0376,1.2036,124.56,9.71,4.351
1130,5.0165,1.2075,124.69,9.17,4.643
1131,5.0327,1.1844,124.53,10.16,4.469
1132,5.019,1.2113,125.41,10.37,4.592
1133,4.9791,1.1964,125.21,10.47,4.394
1134,5.0006,1.1894,125.24,9.85,4.383
1135,4.9928,1.2161,125.48,10.52,4.648
1136,5.0395,1.2096,124.83,9.74,4.628
1137,4.9854,1.2166,124.65,7.76,4.38
1138,4.988,1.1958,124.88,9.16,4.369
1139,5.0328,1.1948,124.68,10.35,4.429
1140,5.0119,1.2036,125.4,10.28,4.469
1141,4.9731,1.1817,124.79,8.15,4.577
1142,5.0339,1.2106,125.36,10.48,4.568
1143,4.9686,1.1959,124.74,9.22,4.457
1144,4.9758,1.2174,125.31,9.34,4.539
1145,4.9817,1.2172,124.99,7.8,4.471
1146,4.9851,1.1919,125.35,9.73,4.575
1147,5.0184,1.2058,124.84,8.86,4.402
1148,5.0246,1.1888,125.35,9.0,4.433
1149,4.996,1.1837,124.92,11.22,4.381
1150,5.026,1.1973,124.78,9.21,4.629
1151,4.9748,1.2128,124.94,10.18,4.604
1152,4.9874,1.1844,125.0,10.25,4.588
1153,4.9761,1.2164,125.4,9.06,4.398
1154,5.0,1.1803,124.58,9.4,4.611
1155,4.9912,1.1929,125.48,8.99,4.466
1156,4.9835,1.205,124.52,9.85,4.583
1157,4.9985,1.1822,124.81,10.83,4.644
1158,5.0362,1.193,124.98,9.62,4.364
1159,5.0388,1.1913,124.91,9.02,4.646
1160,5.0394,1.1896,124.53,9.44,4.645
1161,4.9627,1.2194,124.64,7.2,4.63
1162,4.9902,1.1874,124.69,10.49,4.592
1163,4.976,1.1985,125.12,9.78,4.557
1164,5.0213,1.1853,125.1,10.53,4.594
1165,4.9795,1.1858,124.88,10.79,4.521
1166,4.9687,1.1993,125.45,8.64,4.594
1167,5.0303,1.2051,125.28,10.43,4.413
1168,5.031,1.2037,124.76,9.5,4.366
1169,5.0387,1.1827,124.87,10.35,4.49
1170,4.9985,1.2001,125.16,9.11,4.354
1171,4.9896,1.2007,125.18,9.85,4.361
1172,4.9876,1.2091,125.36,10.55,4.49
1173,5.011,1.2107,124.66,10.29,4.441
1174,4.9652,1.1938,124.98,8.63,4.395
1175,4.9811,1.1899,124.8,8.79,4.359
1176,4.9779,1.2112,125.21,10.37,4.49
1177,4.9708,1.2045,124.71,11.34,4.564
1178,4.9789,1.2181,125.1,9.88,4.637
1179,5.0374,1.1837,124.53,12.26,4.532
1180,5.0356,1.1865,124.93,9.11,4.621
1181,5.0079,1.2029,124.57,8.39,4.604
1182,5.0287,1.1922,125.2,8.01,4.48
1183,5.0028,1.2082,125.49,9.49,4.444
1184,4.9691,1.2096,125.06,8.38,4.477
1185,5.0131,1.1857,125.38,9.67,4.455
1186,5.0182,1.1875,125.05,6.57,4.603
1187,4.99,1.187,124.58,10.59,4.619
1188,5.0166,1.1872,125.45,9.46,4.39
1189,4.9778,1.202,125.2,8.6,4.392
1190,4.9839,1.1941,125.18,10.36,4.421
1191,4.9958,1.2122,125.29,9.58,4.541
1192,5.0047,1.188,125.18,11.38,4.425
1193,5.0228,1.2185,124.73,9.32,4.479
1194,5.0005,1.1919,124.57,10.92,4.371
1195,5.0399,1.2187,124.74,9.64,4.353
1196,5.0181,1.2114,125.25,10.12,4.35
1197,5.0273,1.202,124.93,11.45,4.467
1198,4.9774,1.1944,124.74,10.03,4.465
1199,4.9687,1.2068,124.65,11.56,4.51
1200,4.9721,1.2129,125.0,9.85,4.386
1201,5.0171,1.198,124.57,12.66,4.564
1202,5.0316,1.1815,124.62,9.45,4.423
1203,5.0082,1.1954,124.8,10.22,4.363
1204,4.9965,1.1863,125.23,10.36,4.639
1205,4.9883,1.2177,125.23,9.14,4.535
1206,4.9655,1.1868,125.13,10.01,4.55
1207,4.9708,1.1934,124.98,10.58,4.459
1208,5.0251,1.2067,124.57,9.75,4.647
1209,5.0079,1.1976,125.07,10.58,4.425
1210,5.0302,1.2,125.18,11.03,4.546
1211,4.9694,1.1855,124.76,8.16,4.565
1212,5.0234,1.1946,125.14,10.01,4.483
1213,5.0326,1.2012,125.28,10.32,4.634
1214,5.0058,1.2168,124.59,9.34,4.412
1215,5.0395,1.1837,124.59,12.21,4.519
1216,5.027,1.183,124.55,11.84,4.536
1217,5.0241,1.1831,124.89,8.53,4.402
1218,4.988,1.1823,124.53,9.6,4.487
1219,5.0094,1.2042,125.0,11.3,4.577
1220,5.0208,1.1836,124.51,10.29,4.576
1221,4.9919,1.1808,124.92,9.33,4.582
1222,5.0006,1.2194,124.92,11.52,4.373
1223,4.9607,1.1871,125.39,10.1,4.523
1224,5.0315,1.1825,125.39,9.16,4.399
1225,4.9725,1.218,124.66,11.42,4.43
1226,5.0298,1.1881,125.31,10.92,4.562
1227,5.0125,1.1917,125.16,8.68,4.416
1228,4.9872,1.1942,125.26,9.7,4.624
1229,5.0169,1.2051,124.69,10.63,4.588
1230,5.0146,1.1956,124.7,11.12,4.467
1231,4.9973,1.1918,125.04,11.08,4.579
1232,4.9606,1.1912,125.44,9.06,4.507
1233,4.9754,1.1984,124.89,10.48,4.547
1234,4.9958,1.2112,124.67,11.64,4.627
1235,5.0194,1.1842,125.06,11.18,4.466
1236,4.9939,1.2,124.65,11.03,4.639
1237,4.9765,1.1928,125.08,9.32,4.602
1238,5.0357,1.1992,124.75,9.32,4.647
1239,4.9713,1.2015,125.5,9.38,4.487
1240,4.9643,1.1906,125.0,7.78,4.621
1241,4.9753,1.1949,125.34,9.26,4.352
1242,4.9853,1.1948,125.4,10.74,4.441
1243,5.011,1.205,124.55,10.16,4.46
1244,5.0118,1.2187,125.43,9.36,4.425
1245,4.9908,1.2056,124.79,9.56,4.602
1246,5.0105,1.1994,124.84,10.49,4.563
1247,5.0075,1.1817,124.96,10.68,4.438
1248,5.0172,1.1881,125.37,11.88,4.454
1249,4.9853,1.1817,124.51,9.02,4.351
1250,4.9642,1.2116,125.45,11.49,4.595
1251,4.9966,1.1876,124.7,11.02,4.437
1252,4.9823,1.189,124.95,8.55,4.481
1253,5.0031,1.2065,125.0,9.48,4.608
1254,5.0384,1.2067,124.68,10.85,4.587
1255,5.0102,1.2087,124.92,9.71,4.478
1256,5.0137,1.2006,125.0,10.97,4.48
1257,5.02,1.2119,124.54,10.3,4.46
1258,4.9782,1.1803,124.52,10.5,4.649
1259,5.0143,1.1885,124.59,9.73,4.455
1260,5.0229,1.1947,125.43,8.55,4.645
1261,4.9882,1.2041,124.94,10.05,4.564
1262,4.9639,1.1884,124.77,12.03,4.359
1263,4.984,1.2154,125.42,7.53,4.549
1264,4.9882,1.1969,125.0,9.62,4.474
1265,4.991,1.1892,125.12,10.92,4.556
1266,5.0371,1.2179,124.84,10.45,4.618
1267,4.9641,1.1966,124.89,7.34,4.435
1268,4.9826,1.1967,125.2,7.84,4.375
1269,4.9995,1.2002,124.61,10.55,4.542
1270,4.9851,1.2139,124.66,10.63,4.43
1271,4.9798,1.2162,124.53,9.28,4.44
1272,4.9644,1.1802,124.68,10.55,4.36
1273,4.97,1.1836,125.26,8.42,4.394
1274,4.9889,1.1929,124.54,8.35,4.537
1275,4.9859,1.1984,125.21,9.59,4.438
1276,5.0353,1.2105,124.51,10.95,4.453
1277,5.0198,1.2045,124.73,10.08,4.581
1278,5.0166,1.2077,125.14,10.87,4.375
1279,4.9878,1.2001,125.25,9.03,4.423
1280,4.9789,1.2058,125.36,10.74,4.465
1281,5.006,1.1958,125.06,10.24,4.481
1282,5.0159,1.1856,124.92,11.82,4.612
1283,5.0342,1.203,124.71,8.36,4.55
1284,4.9771,1.2116,125.31,9.96,4.62
1285,5.0055,1.1904,124.55,9.18,4.645
1286,5.0214,1.1834,124.51,11.27,4.547
1287,5.009,1.1963,124.75,10.7,4.454
1288,4.9995,1.2063,124.95,9.81,4.524
1289,5.0393,1.1856,125.28,9.41,4.396
1290,5.0251,1.1922,125.23,12.04,4.458
1291,5.013,1.2086,124.52,9.39,4.546
1292,4.9804,1.1976,125.36,9.06,4.639
1293,4.998,1.183,125.48,8.52,4.528
1294,4.9769,1.1819,125.5,9.8,4.587
1295,5.0112,1.1911,125.08,9.05,4.468
1296,5.0074,1.2153,125.36,8.24,4.414
1297,5.0214,1.1996,124.82,9.44,4.569
1298,5.0349,1.2009,125.3,8.76,4.449
1299,5.0306,1.193,125.11,10.24,4.351
1300,5.0349,1.2196,125.01,8.81,4.618
1301,4.9767,1.2134,124.98,11.78,4.421
1302,5.0374,1.2154,124.71,8.96,4.452
1303,5.0297,1.1855,124.85,9.86,4.426
1304,5.0332,1.1888,124.55,9.86,4.36
1305,4.9801,1.2148,124.97,9.26,4.504
1306,4.9847,1.1976,125.23,10.1,4.514
1307,5.0116,1.2027,125.48,12.3,4.461
1308,5.0335,1.19,125.32,11.06,4.613
1309,4.9937,1.2002,125.14,11.24,4.618
1310,4.9779,1.1891,124.98,9.75,4.455
1311,5.023,1.2115,124.93,9.46,4.401
1312,4.9818,1.216,125.03,9.81,4.357
1313,5.0375,1.183,124.72,11.2,4.536
1314,5.0385,1.1876,125.31,11.27,4.599
1315,4.9773,1.2094,125.42,8.94,4.61
1316,4.9662,1.2184,124.99,10.76,4.384
1317,4.986,1.2067,125.38,8.8,4.458
1318,4.9757,1.2139,125.16,10.03,4.477
1319,4.9946,1.1999,124.74,9.3,4.412
1320,5.0238,1.2089,124.92,9.48,4.385
1321,4.9884,1.1911,124.86,10.89,4.436
1322,5.0138,1.1807,124.91,9.21,4.463
1323,4.968,1.2047,125.22,9.67,4.36
1324,5.0052,1.2002,124.71,8.76,4.387
1325,4.9873,1.1891,124.6,9.64,4.415
1326,4.9649,1.1899,124.6,8.17,4.438
1327,5.0156,1.185,124.51,9.71,4.396
1328,4.9961,1.2158,124.74,11.27,4.622
1329,4.9887,1.1969,124.62,10.25,4.372
1330,5.0057,1.1902,125.33,8.18,4.579
1331,4.9729,1.1958,124.71,7.81,4.409
1332,4.985,1.2022,124.82,9.02,4.505
1333,4.9678,1.2,125.09,11.91,4.625
1334,4.9605,1.1963,125.11,9.02,4.465
1335,4.9903,1.2171,124.64,11.58,4.51
1336,4.9766,1.1972,125.06,9.64,4.57
1337,5.0019,1.2111,124.88,10.25,4.45
1338,5.0155,1.1886,125.38,9.79,4.351
1339,5.0036,1.1813,125.43,8.34,4.444
1340,5.0131,1.2138,124.71,8.34,4.466
1341,5.0217,1.1857,125.32,10.56,4.521
1342,5.0103,1.1923,125.3,11.41,4.359
1343,5.0288,1.1942,125.5,8.14,4.507
1344,4.9812,1.1861,125.09,8.06,4.368
1345,4.9925,1.191,125.45,10.27,4.467
1346,4.9652,1.1971,124.58,10.28,4.386
1347,5.0239,1.2197,124.89,10.54,4.644
1348,5.0056,1.2165,125.3,10.28,4.534
1349,5.0361,1.2137,124.92,11.06,4.615
1350,5.0089,1.2053,125.45,11.54,4.437
1351,4.9612,1.2194,124.79,11.47,4.621
1352,4.9945,1.1891,124.79,10.06,4.396
1353,4.9999,1.2186,124.81,11.23,4.513
1354,5.0176,1.2091,125.25,9.16,4.471
1355,4.9788,1.2145,124.75,10.19,4.427
1356,5.0011,1.2101,125.45,11.54,4.508
1357,4.9943,1.2152,125.0,9.35,4.351
1358,5.0085,1.205,125.29,8.43,4.404
1359,5.0083,1.1858,125.37,8.69,4.58
1360,5.0192,1.1833,124.97,10.4,4.44
1361,5.0243,1.188,124.75,6.0,4.625
1362,5.0026,1.1829,125.25,11.26,4.549
1363,5.0285,1.2037,125.15,9.09,4.398
1364,5.0378,1.2069,125.28,9.62,4.633
1365,5.0083,1.1872,125.27,8.89,4.473
1366,4.9716,1.1874,124.73,12.01,4.361
1367,4.9613,1.1819,124.91,10.49,4.465
1368,5.0198,1.1951,125.15,9.98,4.433
1369,5.0129,1.2186,124.67,10.26,4.581
1370,5.0284,1.1999,125.37,9.78,4.409
1371,4.9711,1.2059,124.89,8.23,4.465
1372,5.0271,1.1938,125.12,9.54,4.646
1373,5.005,1.1954,125.38,10.51,4.545
1374,4.9645,1.1885,124.94,9.48,4.516
1375,5.0197,1.1902,125.23,8.54,4.426
1376,5.0073,1.1896,124.78,11.38,4.565
1377,5.0051,1.1829,124.74,11.03,4.573
1378,4.9677,1.181,125.33,10.19,4.605
1379,5.0331,1.1985,125.35,9.14,4.587
1380,4.9861,1.2191,125.06,10.5,4.474
1381,5.023,1.1971,125.3,10.04,4.451
1382,5.0372,1.2193,124.99,11.32,4.649
1383,5.0399,1.2131,124.63,11.83,4.589
1384,5.0234,1.1903,124.68,9.91,4.634
1385,4.9678,1.2012,124.76,11.22,4.599
1386,4.972,1.1966,124.7,8.5,4.621
1387,5.0179,1.2035,124.6,11.86,4.411
1388,4.99,1.211,125.16,10.26,4.354
1389,4.9855,1.2042,125.07,10.44,4.415
1390,5.0297,1.2108,125.47,12.68,4.602
1391,5.0346,1.1937,125.0,9.76,4.528
1392,5.0355,1.184,124.82,10.1,4.391
1393,5.0058,1.1881,125.37,8.97,4.609
1394,4.9819,1.193,125.25,10.4,4.438
1395,4.9963,1.1978,124.92,11.53,4.545
1396,5.0285,1.2173,124.52,8.57,4.569
1397,5.0314,1.2142,124.59,10.38,4.571
1398,5.0105,1.2027,125.42,9.44,4.456
1399,5.0261,1.1953,125.21,9.41,4.622
1400,4.9812,1.2178,124.98,8.64,4.519
1401,5.0111,1.2041,125.24,7.92,4.459
1402,5.0255,1.2051,125.07,9.26,4.365
1403,4.9997,1.1928,124.51,10.03,4.524
1404,4.9779,1.1824,124.68,9.46,4.596
1405,4.9632,1.2014,125.16,11.31,4.605
1406,4.9811,1.1814,125.23,9.35,4.588
1407,4.9925,1.2152,125.42,8.1,4.606
1408,4.9918,1.2199,125.41,9.21,4.412
1409,4.9789,1.2036,124.61,10.27,4.554
1410,4.9659,1.2063,124.59,7.69,4.415
1411,5.0111,1.2068,124.53,10.15,4.473
1412,5.0085,1.1969,124.7,10.6,4.445
1413,5.0306,1.1803,124.82,10.04,4.442
1414,5.0191,1.2112,124.56,10.29,4.441
1415,5.0095,1.1884,124.69,9.35,4.415
1416,5.0254,1.181,124.8,13.17,4.532
1417,5.0043,1.1827,125.12,9.05,4.507
1418,4.9918,1.208,124.78,8.85,4.36
1419,5.0323,1.1834,125.44,9.07,4.636
1420,4.9647,1.2124,124.52,8.44,4.36
1421,5.0398,1.1886,125.11,10.76,4.417
1422,4.9612,1.1995,125.46,10.72,4.589
1423,4.9826,1.1835,124.61,11.48,4.405
1424,5.0276,1.2168,125.4,7.74,4.433
1425,4.9715,1.202,124.86,8.44,4.577
1426,5.0364,1.2032,124.75,9.82,4.379
1427,5.016,1.1963,125.1,11.34,4.418
1428,5.0299,1.2054,125.37,10.48,4.524
1429,4.9954,1.1867,125.17,11.67,4.405
1430,5.012,1.1887,125.0,10.48,4.435
1431,5.0167,1.1888,125.43,10.61,4.583
1432,4.9774,1.1905,124.89,9.54,4.59
1433,4.982,1.2191,125.3,9.82,4.598
1434,5.0064,1.2107,125.48,9.98,4.355
1435,5.0004,1.1842,125.14,10.09,4.597
1436,5.0391,1.2055,125.22,10.99,4.586
1437,5.0284,1.1816,124.59,10.11,4.488
1438,5.0392,1.2118,125.41,9.57,4.415
1439,5.0381,1.1967,125.04,11.43,4.564
1440,5.0038,1.2105,125.06,8.98,4.621
1441,5.0026,1.1919,125.47,10.63,4.628
1442,4.9722,1.1976,124.82,7.53,4.54
1443,4.9602,1.2029,125.25,11.43,4.468
1444,4.9963,1.2016,125.33,11.07,4.533
1445,4.997,1.1901,124.6,9.58,4.568
1446,5.0143,1.1923,125.27,9.93,4.593
1447,4.9798,1.2044,124.95,9.75,4.35
1448,5.0125,1.2012,125.11,9.94,4.568
1449,4.9658,1.1839,125.29,9.35,4.556
1450,5.0209,1.1898,124.82,6.74,4.618
1451,4.9834,1.187,124.95,8.91,4.647
1452,4.9782,1.2007,124.78,9.08,4.401
1453,5.0393,1.1869,125.15,10.16,4.532
1454,4.9624,1.2081,124.64,8.95,4.601
1455,4.9768,1.2034,124.66,11.53,4.542
1456,4.9918,1.1999,125.05,8.55,4.43
1457,4.9851,1.188,125.19,12.33,4.597
1458,4.9921,1.2054,125.13,9.52,4.478
1459,5.0055,1.2003,124.85,11.01,4.538
1460,5.0384,1.2136,125.37,9.29,4.578
1461,5.0038,1.2104,124.76,9.1,4.632
1462,5.0214,1.1878,124.96,10.57,4.466
1463,4.9915,1.1834,125.1,10.18,4.409
1464,4.9664,1.2163,125.31,11.13,4.466
1465,4.9988,1.1937,125.49,8.59,4.411
1466,4.9794,1.1986,124.81,10.15,4.457
1467,5.0258,1.2086,124.85,10.04,4.543
1468,5.0348,1.1864,125.43,11.07,4.57
1469,4.9693,1.1967,124.79,9.32,4.615
1470,4.9755,1.193,125.29,10.76,4.394
1471,5.0161,1.1954,125.24,10.69,4.606
1472,4.9747,1.1891,124.55,10.47,4.52
1473,4.9731,1.2136,124.75,10.59,4.488
1474,4.97,1.1909,124.79,10.44,4.546
1475,4.9854,1.2008,125.3,10.96,4.519
1476,5.017,1.2082,124.95,9.67,4.45
1477,5.0024,1.2057,125.16,9.97,4.441
1478,5.001,1.2112,124.93,9.7,4.619
1479,4.9866,1.1834,124.89,9.37,4.445
1480,5.0388,1.2007,124.94,11.16,4.566
1481,4.9841,1.1933,124.95,9.38,4.426
1482,4.9722,1.2157,124.57,10.21,4.479
1483,5.0048,1.1961,125.15,9.68,4.533
1484,4.9868,1.1947,125.09,8.31,4.433
1485,5.001,1.1979,125.09,9.96,4.373
1486,4.9658,1.188,125.33,10.61,4.544
1487,4.9869,1.2187,124.59,9.14,4.395
1488,4.9661,1.1923,124.96,10.32,4.538
1489,4.98,1.219,124.85,11.14,4.569
1490,4.9966,1.1914,124.74,12.45,4.554
1491,5.0386,1.2188,124.96,11.5,4.354
1492,4.9736,1.2128,125.04,10.27,4.555
1493,4.9876,1.1809,124.65,10.15,4.358
1494,5.0008,1.1819,125.5,11.21,4.616
1495,5.0018,1.1963,124.71,10.97,4.516
1496,5.0339,1.2155,124.76,7.95,4.571
1497,4.9871,1.1836,125.09,8.46,4.384
1498,5.006,1.2057,124.99,10.92,4.579
1499,5.0134,1.2154,124.84,9.69,4.504
1500,5.0075,1.214,125.01,8.19,4.543
1501,5.0157,1.1916,125.13,9.54,4.356
1502,4.9619,1.213,125.07,9.34,4.437
1503,5.0151,1.2103,124.59,9.53,4.46
1504,4.9988,1.1829,125.4,10.14,4.54
1505,4.9793,1.2106,125.41,8.27,4.633
1506,5.0356,1.1998,125.12,10.84,4.585
1507,5.034,1.2058,125.0,11.37,4.358
1508,4.9754,1.1916,125.24,9.79,4.497
1509,4.9888,1.2177,124.9,11.0,4.558
1510,5.0317,1.192,124.9,11.16,4.521
1511,5.0295,1.1985,125.45,9.91,4.634
1512,5.0306,1.2044,125.25,9.0,4.394
1513,5.0382,1.2029,125.13,11.99,4.433
1514,5.016,1.194,125.02,12.64,4.585
1515,5.0058,1.181,124.56,11.02,4.516
1516,4.966,1.1903,125.37,10.62,4.603
1517,4.9944,1.191,125.08,8.31,4.429
1518,5.0321,1.1949,124.95,7.8,4.427
1519,5.0077,1.2026,125.31,6.72,4.516
1520,5.0377,1.2116,124.67,10.36,4.566
1521,5.0023,1.215,124.87,10.17,4.385
1522,4.984,1.202,124.73,9.4,4.439
1523,4.9729,1.2095,124.71,12.28,4.507
1524,4.9803,1.2073,125.09,7.81,4.595
1525,5.0332,1.2048,125.17,9.2,4.477
1526,5.002,1.2082,124.97,9.0,4.467
1527,5.0101,1.2066,125.33,10.04,4.459
1528,5.0311,1.2061,124.85,8.35,4.534
1529,5.0088,1.209,124.63,10.73,4.563
1530,4.9782,1.2087,124.9,9.87,4.466
1531,5.0127,1.1891,125.23,11.92,4.489
1532,4.9764,1.2129,124.78,10.29,4.645
1533,4.9887,1.186,125.03,9.65,4.515
1534,4.9692,1.2076,124.74,9.68,4.596
1535,5.0034,1.1956,124.52,10.3,4.451
1536,4.9795,1.2036,125.19,10.72,4.545
1537,5.013,1.2,125.44,6.89,4.542
1538,5.0094,1.1845,124.6,10.97,4.481
1539,4.9965,1.2177,124.63,12.48,4.5
1540,5.0233,1.2138,125.21,9.92,4.46
1541,5.0257,1.1951,125.4,10.58,4.574
1542,4.9814,1.1915,125.05,11.47,4.553
1543,4.9723,1.1863,125.03,9.94,4.583
1544,4.9859,1.2173,125.44,8.34,4.629
1545,4.9923,1.2003,125.46,8.95,4.373
1546,4.9988,1.2161,124.65,8.75,4.643
1547,5.0389,1.1938,124.61,10.97,4.397
1548,5.0102,1.2076,124.7,9.39,4.492
1549,4.9623,1.2122,125.48,10.38,4.41
1550,5.0338,1.2105,124.71,10.1,4.408
1551,4.978,1.1925,124.74,9.46,4.578
1552,5.0258,1.1955,124.78,10.41,4.522
1553,5.0201,1.1846,124.82,8.81,4.593
1554,4.9601,1.22,124.91,10.1,4.592
1555,5.0093,1.1979,124.96,9.75,4.494
1556,5.0225,1.188,125.41,10.75,4.439
1557,5.0239,1.214,125.46,11.94,4.648
1558,5.0099,1.2085,124.97,10.35,4.589
1559,5.0348,1.2121,124.77,7.8,4.567
1560,4.988,1.2031,124.88,10.34,4.464
1561,5.0172,1.2034,124.8,9.11,4.408
1562,5.027,1.2095,125.05,8.41,4.467
1563,5.0016,1.1957,125.32,9.46,4.573
1564,5.0123,1.1984,124.94,9.07,4.384
1565,4.9684,1.203,124.55,8.97,4.557
1566,4.9646,1.1966,124.95,10.67,4.508
1567,4.9604,1.2179,124.5,9.59,4.441
1568,4.9987,1.207,125.02,11.47,4.361
1569,5.0149,1.1816,125.06,10.1,4.401
1570,5.0289,1.1985,125.35,10.68,4.388
1571,4.9784,1.1992,125.22,9.0,4.564
1572,4.9788,1.1907,124.84,10.55,4.489
1573,5.0124,1.2165,125.11,8.19,4.399
1574,4.9801,1.1825,124.62,11.08,4.431
1575,5.0092,1.1905,125.12,11.84,4.594
1576,4.9758,1.199,125.42,9.47,4.555
1577,5.0195,1.2084,124.9,10.45,4.412
1578,4.9967,1.2154,124.71,10.63,4.374
1579,4.9743,1.1933,125.19,10.55,4.649
1580,4.9618,1.2173,124.61,11.18,4.593
1581,4.9959,1.2114,124.87,11.85,4.463
1582,5.0278,1.2155,125.01,10.92,4.474
1583,5.0312,1.1965,125.19,10.98,4.571
1584,5.0095,1.1953,125.27,11.08,4.464
1585,4.979,1.2199,125.5,13.1,4.416
1586,4.9802,1.2053,125.18,11.4,4.612
1587,5.0328,1.217,124.9,10.49,4.495
1588,4.9812,1.189,124.94,8.69,4.55
1589,4.9764,1.1861,124.9,9.82,4.42
1590,4.9777,1.187,124.69,9.58,4.429
1591,4.9946,1.2007,125.14,9.71,4.519
1592,5.0197,1.191,124.74,10.32,4.365
1593,4.9643,1.1883,124.67,9.55,4.383
1594,4.9781,1.2107,124.92,9.72,4.567
1595,4.9826,1.188,124.73,9.45,4.472
1596,5.0222,1.2002,125.08,12.17,4.607
1597,4.997,1.2159,125.36,9.16,4.37
1598,5.0124,1.2171,125.27,10.31,4.65
1599,4.9981,1.2158,125.07,10.46,4.389
1600,4.9784,1.2024,124.83,8.53,4.539
1601,5.0076,1.1814,125.02,9.93,4.62
1602,4.9689,1.1818,125.47,8.93,4.58
1603,5.0119,1.2128,125.09,9.66,4.493
1604,5.0327,1.1817,124.96,7.31,4.369
1605,4.986,1.1814,124.76,7.76,4.394
1606,4.9986,1.1929,124.58,10.13,4.357
1607,4.9704,1.1868,125.36,11.6,4.494
1608,4.9984,1.1804,125.47,8.01,4.481
1609,5.0021,1.1882,124.97,10.84,4.478
1610,4.9861,1.2156,124.83,9.8,4.395
1611,4.976,1.215,125.04,10.68,4.524
1612,4.9999,1.183,125.01,12.43,4.501
1613,5.0023,1.2103,124.53,10.86,4.492
1614,4.9903,1.204,125.29,10.43,4.383
1615,4.9633,1.1848,124.54,8.65,4.395
1616,4.9944,1.2102,125.07,10.51,4.376
1617,5.0336,1.1843,125.36,11.28,4.424
1618,5.0365,1.1958,125.49,10.12,4.57
1619,4.9874,1.2033,125.34,9.21,4.537
1620,4.9696,1.2185,125.14,9.47,4.598
1621,5.0197,1.1803,125.37,9.79,4.577
1622,4.9703,1.1914,125.1,8.05,4.442
1623,4.9675,1.198,124.83,9.53,4.552
1624,4.9736,1.1965,124.54,10.75,4.517
1625,5.0208,1.1918,125.17,9.58,4.63
1626,4.9675,1.1888,124.77,8.78,4.395
1627,4.9663,1.1893,124.81,9.34,4.568
1628,4.9849,1.1888,125.02,9.25,4.421
1629,4.9876,1.1873,124.72,9.06,4.473
1630,5.021,1.2127,124.64,8.84,4.384
1631,5.0177,1.1913,124.82,8.46,4.474
1632,5.0015,1.209,125.22,8.51,4.392
1633,4.9846,1.2102,125.23,11.37,4.392
1634,5.0015,1.1948,124.75,10.02,4.622
1635,4.9836,1.2121,124.94,9.4,4.397
1636,5.0063,1.2114,125.14,12.08,4.523
1637,5.0369,1.208,124.89,8.89,4.543
1638,4.9761,1.192,124.86,8.81,4.497
1639,5.0333,1.1926,125.4,8.87,4.398
1640,4.9889,1.212,124.63,11.12,4.483
1641,4.9956,1.1956,124.64,8.75,4.41
1642,5.0013,1.2006,125.45,10.27,4.587
1643,4.9996,1.1936,125.07,9.84,4.47
1644,4.9798,1.1959,124.9,9.28,4.611
1645,4.9967,1.2129,125.12,12.34,4.621
1646,4.9605,1.1996,124.77,8.96,4.448
1647,4.9705,1.2051,125.16,8.85,4.637
1648,5.0057,1.2122,124.93,9.63,4.544
1649,5.0136,1.1907,124.88,11.33,4.501
1650,5.0165,1.1918,124.56,8.53,4.396
1651,4.9854,1.2129,124.66,12.29,4.473
1652,4.9945,1.2132,124.64,11.0,4.542
1653,4.9871,1.2062,125.19,9.52,4.529
1654,4.9783,1.2154,125.15,8.65,4.599
1655,5.0195,1.1807,125.16,10.95,4.478
1656,5.0115,1.1994,124.85,10.07,4.422
1657,4.9677,1.2033,124.67,9.13,4.446
1658,4.9887,1.1999,125.2,11.35,4.395
1659,5.0347,1.188,124.68,11.62,4.534
1660,4.9725,1.186,125.14,10.31,4.36
1661,4.9669,1.1961,125.29,8.26,4.404
1662,5.0017,1.2176,125.08,11.16,4.397
1663,5.0397,1.1908,125.13,11.03,4.519
1664,4.9796,1.2017,124.62,9.06,4.484
1665,4.9606,1.1815,125.44,10.08,4.389
1666,4.9953,1.201,125.0,10.03,4.45
1667,4.9888,1.2011,124.56,8.65,4.534
1668,5.0349,1.2056,125.22,8.85,4.36
1669,4.996,1.1993,125.04,11.08,4.533
1670,5.0153,1.1961,124.9,9.7,4.43
1671,4.9653,1.2084,124.57,7.72,4.449
1672,5.0239,1.212,125.34,9.9,4.385
1673,5.0001,1.2078,124.77,10.9,4.63
1674,5.0005,1.2085,125.38,10.2,4.412
1675,5.021,1.1894,125.16,8.47,4.58
1676,5.0029,1.2092,124.62,7.06,4.579
1677,4.9687,1.1931,124.79,8.42,4.482
1678,4.9718,1.2139,124.89,9.73,4.572
1679,5.0225,1.2018,125.23,12.26,4.454
1680,5.0209,1.2037,124.61,9.0,4.389
1681,4.9772,1.1994,125.47,8.74,4.566
1682,5.032,1.2184,125.47,9.26,4.441
1683,4.9624,1.2062,125.21,8.99,4.563
1684,4.9657,1.1862,125.3,12.79,4.413
1685,4.9814,1.1904,124.69,10.8,4.645
1686,5.0118,1.213,124.8,7.43,4.485
1687,5.03,1.2154,125.21,8.5,4.452
1688,5.0179,1.1809,124.9,9.15,4.602
1689,4.9903,1.215,124.6,10.75,4.609
1690,4.9722,1.184,125.24,10.11,4.545
1691,4.9984,1.2134,124.96,8.91,4.457
1692,5.0139,1.208,125.3,12.06,4.534
1693,5.0374,1.2149,124.7,10.17,4.485
1694,5.0216,1.187,125.25,11.82,4.565
1695,5.0141,1.1946,124.81,8.3,4.604
1696,4.9917,1.2053,125.32,10.88,4.456
1697,5.0198,1.1967,125.25,10.66,4.644
1698,5.0289,1.1811,124.52,9.86,4.363
1699,5.0114,1.1838,124.51,10.42,4.615
1700,4.9797,1.2023,125.42,11.23,4.565
1701,5.0234,1.1947,125.48,9.64,4.496
1702,4.9634,1.2088,124.91,12.54,4.619
1703,4.9934,1.1851,124.9,8.47,4.367
1704,5.0202,1.2169,125.49,11.55,4.442
1705,5.0379,1.2181,124.93,9.73,4.423
1706,5.0372,1.2097,124.76,10.01,4.395
1707,5.0267,1.1842,125.46,13.27,4.443
1708,4.9817,1.1862,124.7,11.6,4.546
1709,5.0283,1.1853,125.37,9.43,4.388
1710,4.9626,1.1991,125.09,12.2,4.569
1711,5.0079,1.1803,124.88,10.05,4.359
1712,4.975,1.2019,125.09,11.36,4.614
1713,5.0392,1.1981,125.2,11.35,4.428
1714,4.9925,1.2098,125.37,11.86,4.45
1715,4.9951,1.1855,124.98,10.23,4.482
1716,5.0334,1.2152,125.47,12.74,4.379
1717,4.9642,1.2047,124.68,9.56,4.502
1718,5.0364,1.18,125.31,8.72,4.552
1719,5.0152,1.1888,124.57,8.11,4.553
1720,5.0112,1.2199,124.54,9.22,4.567
1721,4.9894,1.2184,124.67,9.21,4.477
1722,5.0233,1.1885,125.15,9.42,4.439
1723,4.9953,1.1957,125.44,8.03,4.61
1724,5.0311,1.2089,125.35,10.82,4.464
1725,5.023,1.2126,125.12,12.11,4.565
1726,4.9671,1.1852,125.04,7.67,4.544
1727,5.0387,1.1811,124.99,9.6,4.384
1728,4.9931,1.2117,125.48,10.32,4.628
1729,4.9773,1.1877,125.21,8.87,4.394
1730,4.9714,1.2005,125.24,11.34,4.586
1731,4.9704,1.188,124.82,9.45,4.449
1732,5.0351,1.195,124.63,11.31,4.613
1733,5.0373,1.2134,124.9,8.68,4.429
1734,5.0164,1.1894,124.87,10.67,4.413
1735,5.0245,1.2156,125.43,10.45,4.451
1736,4.9735,1.2022,125.22,8.3,4.417
1737,4.9638,1.197,125.45,10.41,4.65
1738,4.9856,1.218,125.22,8.77,4.44
1739,4.9875,1.1942,124.84,10.04,4.392
1740,4.998,1.1824,124.86,9.86,4.363
1741,4.9851,1.1939,125.37,10.66,4.441
1742,4.9638,1.201,124.52,8.28,4.49
1743,5.0091,1.2061,124.59,11.48,4.547
1744,5.0272,1.2136,124.83,9.86,4.53
1745,5.0096,1.1837,125.22,10.12,4.622
1746,4.9851,1.2067,125.23,10.82,4.547
1747,5.0175,1.211,125.39,11.96,4.444
1748,4.9673,1.1874,124.94,10.17,4.416
1749,5.019,1.197,124.96,12.51,4.636
1750,5.0093,1.2015,125.05,9.96,4.581
1751,4.9902,1.2027,124.83,9.27,4.513
1752,5.0202,1.1925,125.32,11.16,4.636
1753,5.0381,1.1803,125.06,8.28,4.352
1754,5.0388,1.2199,125.22,9.97,4.413
1755,5.0066,1.2148,124.8,9.43,4.394
1756,5.013,1.207,125.3,10.71,4.597
1757,4.998,1.1872,124.95,9.48,4.465
1758,5.0049,1.2141,125.41,8.12,4.408
1759,5.0001,1.1918,124.94,13.19,4.614
1760,5.016,1.1926,125.13,9.2,4.531
1761,5.0329,1.199,124.68,8.69,4.4
1762,5.0119,1.2181,124.91,8.74,4.493
1763,5.0398,1.1922,125.23,9.91,4.39
1764,5.0101,1.2166,125.41,9.87,4.509
1765,5.0317,1.2091,124.56,10.94,4.611
1766,5.0224,1.2081,125.28,10.15,4.404
1767,4.9779,1.2132,125.32,10.9,4.633
1768,4.9994,1.2137,124.91,10.59,4.579
1769,4.9896,1.1891,124.54,10.38,4.475
1770,4.9885,1.1893,125.18,9.26,4.618
1771,5.0136,1.1972,124.79,9.65,4.598
1772,4.9962,1.1919,124.84,11.43,4.642
1773,4.9942,1.2107,124.55,10.45,4.36
1774,5.0225,1.1929,124.8,8.4,4.378
1775,5.038,1.22,125.24,9.95,4.406
1776,5.0262,1.1957,125.13,10.13,4.372
1777,5.0044,1.1807,124.59,9.26,4.629
1778,4.9994,1.2182,125.32,9.14,4.603
1779,4.9813,1.1934,125.27,9.73,4.54
1780,5.028,1.1948,124.54,8.88,4.573
1781,5.006,1.1838,125.23,10.12,4.606
1782,5.0238,1.2044,124.61,10.4,4.507
1783,5.0275,1.1804,124.99,10.37,4.504
1784,4.9872,1.2037,124.93,9.57,4.409
1785,5.0184,1.2061,125.05,9.14,4.641
1786,4.9804,1.2017,124.75,10.2,4.515
1787,5.0341,1.2011,124.83,9.45,4.639
1788,4.9846,1.1861,125.31,10.67,4.471
1789,4.9851,1.1862,124.51,7.82,4.381
1790,5.0243,1.2032,124.83,8.21,4.399
1791,5.0131,1.2006,125.35,9.46,4.601
1792,5.0345,1.195,125.21,12.1,4.65
1793,4.9871,1.2034,124.66,7.48,4.593
1794,5.0361,1.2092,125.05,10.51,4.447
1795,5.0113,1.1927,125.24,10.7,4.376
1796,4.9758,1.1929,125.42,10.73,4.57
1797,5.0317,1.2131,124.63,11.74,4.591
1798,4.9606,1.1808,125.39,11.12,4.492
1799,4.9959,1.1963,124.64,9.96,4.376
1800,5.0121,1.2107,124.61,9.06,4.46
1801,4.9779,1.1962,124.99,10.06,4.456
1802,4.9867,1.2189,125.12,9.5,4.639
1803,5.0064,1.1919,125.24,9.81,4.562
1804,5.0352,1.1866,124.82,9.78,4.508
1805,4.9932,1.1985,124.62,10.62,4.354
1806,4.9793,1.1861,124.61,9.14,4.372
1807,5.0066,1.2125,125.26,10.15,4.496
1808,5.0372,1.202,124.87,9.37,4.39
1809,5.0127,1.1977,124.89,9.18,4.452
1810,5.0283,1.1929,125.08,8.3,4.479
1811,5.03,1.2071,124.73,8.68,4.536
1812,5.0268,1.2037,125.46,9.06,4.61
1813,4.9688,1.2092,124.94,11.04,4.542
1814,4.9909,1.1835,124.96,9.3,4.379
1815,4.978,1.214,124.84,12.03,4.491
1816,4.9745,1.2014,124.73,8.92,4.568
1817,5.0253,1.2089,125.19,9.11,4.548
1818,5.027,1.217,125.35,8.06,4.442
1819,5.0079,1.2018,124.71,9.64,4.591
1820,5.0253,1.1994,124.51,8.18,4.433
1821,4.9981,1.183,124.65,11.04,4.646
1822,5.0029,1.21,124.81,10.22,4.495
1823,5.0001,1.1881,124.94,7.86,4.469
1824,4.9867,1.193,125.14,10.58,4.412
1825,5.0202,1.1895,124.76,9.27,4.366
1826,5.0062,1.2054,124.7,10.46,4.365
1827,4.966,1.203,125.39,9.17,4.554
1828,5.0274,1.1952,125.37,11.46,4.426
1829,5.0168,1.2196,125.12,9.08,4.431
1830,4.9707,1.1967,124.86,7.77,4.405
1831,4.9769,1.2149,125.21,8.99,4.533
1832,5.0075,1.1962,124.53,8.26,4.435
1833,4.988,1.2034,125.06,12.39,4.606
1834,4.9898,1.2041,125.04,9.42,4.518
1835,4.9609,1.2162,124.93,9.85,4.497
1836,5.0391,1.1896,125.18,10.14,4.455
1837,4.9875,1.1993,125.07,11.73,4.636
1838,4.9886,1.1802,125.04,12.35,4.389
1839,5.0067,1.2083,125.39,11.29,4.373
1840,4.9619,1.2087,125.03,11.36,4.577
1841,5.0128,1.2037,124.63,9.33,4.648
1842,4.9931,1.1839,125.18,11.05,4.626
1843,4.9979,1.2015,125.24,9.4,4.572
1844,4.9658,1.2146,125.05,9.91,4.558
1845,4.9991,1.1853,124.54,8.79,4.424
1846,5.0157,1.1805,124.85,10.1,4.496
1847,4.9711,1.2004,125.44,10.32,4.529
1848,4.9789,1.1943,125.38,11.2,4.632
1849,5.0141,1.2072,124.51,11.53,4.572
1850,5.0191,1.1815,125.03,9.66,4.489
1851,5.0006,1.2137,124.99,7.92,4.458
1852,4.9906,1.2158,124.78,9.0,4.637
1853,5.0296,1.2178,125.37,11.17,4.409
1854,5.009,1.2154,125.35,8.69,4.489
1855,5.0231,1.2053,125.39,10.89,4.647
1856,5.008,1.1991,125.38,10.1,4.42
1857,4.9888,1.2056,125.35,9.55,4.543
1858,5.0262,1.1805,124.54,10.04,4.511
1859,4.9685,1.2146,124.64,9.83,4.493
1860,5.0264,1.2132,125.15,11.87,4.528
1861,5.0246,1.1894,125.18,8.42,4.484
1862,5.0014,1.1995,124.76,10.74,4.441
1863,5.021,1.1976,124.83,7.7,4.582
1864,4.9873,1.1866,124.76,11.35,4.577
1865,4.991,1.1994,125.18,10.51,4.471
1866,5.0394,1.1874,125.08,9.49,4.418
1867,4.98,1.2077,125.35,9.78,4.561
1868,5.0209,1.1844,124.64,10.03,4.422
1869,4.9841,1.1803,124.86,10.13,4.364
1870,4.994,1.1876,125.04,10.98,4.648
1871,5.0122,1.1913,124.69,10.02,4.522
1872,4.9745,1.2147,124.99,10.2,4.452
1873,5.0166,1.1886,124.78,10.8,4.467
1874,5.0064,1.188,124.57,11.37,4.413
1875,4.9918,1.1994,125.49,11.8,4.374
1876,4.97,1.2124,125.2,10.02,4.403
1877,5.0171,1.1933,124.66,9.82,4.546
1878,5.0123,1.193,125.4,8.94,4.406
1879,5.0113,1.2115,124.77,10.53,4.608
1880,5.0036,1.1862,124.76,9.36,4.459
1881,4.993,1.1899,125.32,8.91,4.576
1882,4.9733,1.2031,125.42,10.06,4.374
1883,5.0109,1.2042,124.88,10.33,4.485
1884,4.9829,1.1979,125.31,10.23,4.383
1885,5.0062,1.2096,124.74,9.96,4.46
1886,5.0276,1.2113,124.59,9.21,4.573
1887,5.0233,1.1949,125.11,8.83,4.491
1888,4.9883,1.2136,125.01,11.46,4.443
1889,5.037,1.2082,124.8,11.3,4.374
1890,4.9838,1.2052,125.48,10.92,4.573
1891,4.9651,1.2129,125.2,10.59,4.532
1892,4.9748,1.193,125.01,10.28,4.36
1893,5.0213,1.1938,125.22,10.13,4.502
1894,4.9819,1.2155,124.81,10.78,4.36
1895,5.0146,1.2184,125.01,9.16,4.586
1896,4.9836,1.1833,125.29,11.07,4.495
1897,5.0304,1.194,124.84,9.48,4.576
1898,4.9969,1.2183,125.39,12.1,4.481
1899,5.0124,1.2076,124.71,10.31,4.561
1900,4.9913,1.2111,124.93,7.65,4.462
1901,5.013,1.2138,124.87,11.44,4.473
1902,5.0091,1.2057,124.67,10.94,4.573
1903,5.0375,1.213,125.23,9.8,4.498
1904,5.0141,1.2181,124.98,9.36,4.516
1905,5.0284,1.1978,124.96,10.45,4.428
1906,5.0341,1.1849,125.0,10.67,4.509
1907,5.0319,1.197,125.27,10.8,4.43
1908,5.0355,1.1851,124.79,8.17,4.432
1909,5.0247,1.2087,125.03,7.4,4.585
1910,5.0038,1.1878,124.8,11.55,4.38
1911,5.0351,1.2108,125.09,10.48,4.42
1912,4.9889,1.1818,124.82,10.22,4.521
1913,4.9757,1.2053,125.24,10.75,4.535
1914,4.9904,1.194,124.61,9.73,4.645
1915,4.9867,1.2102,124.85,8.17,4.486
1916,4.9684,1.1904,125.15,8.39,4.491
1917,5.0344,1.2189,125.19,10.29,4.632
1918,4.9656,1.1889,124.82,10.5,4.547
1919,5.0357,1.2156,124.67,10.51,4.495
1920,5.0377,1.1952,125.49,10.24,4.398
1921,5.036,1.1864,125.11,9.87,4.576
1922,4.9934,1.2152,125.19,9.81,4.48
1923,5.0287,1.1985,124.51,10.59,4.531
1924,4.982,1.1892,124.87,10.61,4.565
1925,5.0238,1.1845,124.67,8.98,4.616
1926,5.0235,1.189,125.02,9.95,4.574
1927,4.9738,1.2121,124.84,9.51,4.428
1928,4.9934,1.1956,124.72,9.57,4.448
1929,5.0199,1.2122,124.71,10.22,4.489
1930,5.0199,1.1977,125.16,8.33,4.566
1931,5.0243,1.212,124.6,8.1,4.485
1932,4.9865,1.2103,125.28,8.65,4.439
1933,4.9802,1.203,125.19,8.58,4.491
1934,5.0168,1.195,124.78,10.16,4.529
1935,4.9709,1.199,125.42,8.39,4.471
1936,5.0349,1.2191,124.72,10.19,4.546
1937,5.0229,1.1995,124.95,9.61,4.597
1938,5.0069,1.197,125.29,7.67,4.58
1939,4.9773,1.2143,124.65,10.94,4.437
1940,5.0016,1.1982,124.66,10.24,4.52
1941,5.0062,1.2075,124.57,11.08,4.47
1942,5.0243,1.1873,124.76,10.14,4.501
1943,4.9928,1.2084,124.79,10.24,4.625
1944,5.0163,1.1814,125.31,10.89,4.422
1945,5.0334,1.1897,125.25,9.14,4.631
1946,5.0249,1.2007,124.96,9.74,4.638
1947,5.0335,1.1933,125.06,9.85,4.466
1948,5.0046,1.1828,125.1,11.95,4.564
1949,4.9675,1.1831,124.64,10.24,4.396
1950,5.0049,1.2105,125.27,10.23,4.392
1951,5.0082,1.1984,124.71,10.27,4.465
1952,4.9934,1.1962,125.07,8.49,4.39
1953,5.0359,1.1903,125.31,10.11,4.428
1954,5.0136,1.1992,125.38,11.22,4.632
1955,5.0249,1.2187,125.01,9.95,4.562
1956,4.9649,1.1879,125.09,11.94,4.375
1957,5.0273,1.2067,125.41,9.11,4.484
1958,4.9806,1.2121,125.11,10.43,4.485
1959,4.9789,1.1858,125.02,10.27,4.563
1960,4.9709,1.2037,125.24,8.07,4.407
1961,4.9805,1.2024,125.09,10.05,4.42
1962,4.9747,1.2094,124.67,10.41,4.492
1963,4.9893,1.1889,124.56,8.62,4.453
1964,5.0055,1.1992,125.19,8.45,4.533
1965,4.9853,1.203,124.59,10.12,4.608
1966,5.0371,1.2123,124.86,9.55,4.538
1967,4.9767,1.2014,125.09,11.45,4.627
1968,5.0271,1.1925,124.78,9.19,4.44
1969,4.9827,1.2127,124.73,9.39,4.58
1970,4.9929,1.1813,125.11,9.77,4.627
1971,4.9676,1.2112,124.67,10.23,4.497
1972,5.0353,1.2065,124.72,10.69,4.353
1973,4.9705,1.2075,124.58,9.34,4.592
1974,5.0058,1.1842,125.25,11.1,4.466
1975,4.9639,1.2062,125.25,11.55,4.472
1976,5.002,1.1926,125.5,9.68,4.537
1977,5.0208,1.1923,124.63,11.16,4.415
1978,4.9746,1.1947,125.08,9.34,4.566
1979,5.033,1.1905,124.53,10.52,4.61
1980,5.0365,1.2046,125.35,8.92,4.588
1981,5.0373,1.2021,125.23,10.37,4.641
1982,4.9838,1.1805,124.79,7.08,4.52
1983,4.9771,1.2117,124.9,11.11,4.461
1984,4.9613,1.2069,125.09,11.3,4.477
1985,5.0149,1.218,125.1,10.19,4.459
1986,5.0315,1.2051,125.05,10.04,4.368
1987,5.0237,1.2077,125.06,8.78,4.486
1988,5.0136,1.2113,125.04,10.79,4.627
1989,5.0242,1.2082,124.54,13.41,4.557
1990,5.01,1.2193,124.56,11.72,4.502
1991,5.0078,1.1997,125.39,10.28,4.535
1992,5.0354,1.2148,124.62,9.61,4.623
1993,4.9933,1.1916,124.79,8.95,4.451
1994,5.0286,1.2057,124.89,9.54,4.388
1995,5.013,1.1986,124.53,10.86,4.534
1996,5.0377,1.205,124.83,11.68,4.45
1997,4.9832,1.1982,125.06,11.41,4.531
1998,4.9819,1.2091,124.51,11.06,4.432
1999,4.9927,1.2177,124.85,9.55,4.609
2000,4.9708,1.1802,125.5,12.03,4.458
2001,5.0353,1.1889,124.65,8.9,4.584
2002,5.0211,1.1817,124.79,9.89,4.399
2003,4.9942,1.1811,125.12,10.42,4.611
2004,5.0136,1.1885,125.49,9.5,4.571
2005,4.9806,1.2147,125.32,10.07,4.465
2006,5.0001,1.2168,124.79,11.6,4.433
2007,4.9908,1.2011,125.07,9.39,4.493
2008,5.0019,1.2052,125.1,8.94,4.541
2009,5.0259,1.1914,124.66,11.1,4.619
2010,4.9692,1.1878,125.43,10.48,4.532
2011,5.0082,1.1831,125.47,9.05,4.538
2012,5.0004,1.2157,125.35,9.55,4.64
2013,4.9986,1.1936,125.0,11.64,4.472
2014,4.9897,1.1858,125.25,9.6,4.648
2015,5.0393,1.1841,124.57,11.96,4.547
2016,4.9753,1.208,124.58,11.04,4.393
2017,4.9798,1.2134,124.83,9.29,4.478
2018,5.0241,1.1873,124.72,12.29,4.6
2019,5.0234,1.2186,124.6,10.0,4.532
2020,4.9832,1.2194,125.35,9.42,4.584
2021,5.0327,1.2184,125.2,7.82,4.514
2022,4.9892,1.1994,125.46,9.66,4.479
2023,5.0289,1.2025,125.39,9.87,4.628
2024,5.0384,1.1934,124.59,11.79,4.46
2025,5.0359,1.2084,125.38,10.69,4.606
2026,5.031,1.2068,124.9,10.91,4.46
2027,4.992,1.2143,125.16,9.97,4.443
2028,4.9744,1.2095,124.67,10.74,4.394
2029,5.0258,1.207,125.31,11.08,4.62
2030,5.0355,1.2003,124.97,8.73,4.545
2031,5.0086,1.1936,124.92,11.85,4.539
2032,4.9863,1.1918,124.85,10.63,4.466
2033,5.029,1.1867,124.83,10.22,4.378
2034,5.0116,1.1965,125.13,10.9,4.59
2035,5.0339,1.1919,124.89,8.82,4.616
2036,4.967,1.1944,125.5,8.6,4.386
2037,5.01,1.2133,124.79,8.54,4.47
2038,4.9643,1.2169,124.85,10.55,4.603
2039,5.0282,1.1968,125.42,10.14,4.542
2040,4.99,1.1916,125.15,9.81,4.544
2041,4.9723,1.2136,125.44,11.0,4.468
2042,4.9818,1.1993,124.64,8.4,4.508
2043,5.0228,1.2013,125.14,10.38,4.55
2044,4.9724,1.1874,125.02,10.36,4.512
2045,4.9977,1.2129,125.21,9.96,4.505
2046,5.0319,1.2154,124.61,11.25,4.53
2047,5.0127,1.1828,125.18,9.16,4.61
2048,5.0363,1.2084,124.93,9.47,4.53
2049,5.0046,1.1881,124.67,11.09,4.431
2050,4.9853,1.1888,124.77,10.0,4.547
2051,4.9774,1.219,124.97,7.83,4.606
2052,4.9889,1.1824,125.36,9.56,4.635
2053,4.9635,1.1862,125.39,8.08,4.518
2054,4.9991,1.2023,124.66,6.79,4.406
2055,5.006,1.2026,124.86,8.9,4.499
2056,5.0059,1.1931,125.18,9.25,4.599
2057,5.028,1.214,125.06,10.59,4.482
2058,5.0123,1.2034,124.74,8.69,4.514
2059,4.9793,1.2197,124.62,10.92,4.362
2060,4.9979,1.1878,124.96,11.51,4.462
2061,4.9859,1.1816,125.29,10.92,4.535
2062,4.9691,1.1872,124.95,10.12,4.551
2063,4.9631,1.1857,125.3,10.12,4.412
2064,5.0388,1.2134,124.69,11.54,4.369
2065,5.0013,1.1839,124.86,8.94,4.636
2066,5.002,1.2182,125.43,7.94,4.492
2067,5.0206,1.192,125.27,11.89,4.545
2068,4.9832,1.1954,124.51,8.47,4.474
2069,4.9802,1.208,124.88,10.75,4.391
2070,4.9801,1.2022,124.59,13.03,4.638
2071,4.9655,1.1905,125.28,12.04,4.516
2072,4.9636,1.202,125.46,7.51,4.538
2073,5.0287,1.2008,125.23,10.74,4.593
2074,5.012,1.1854,124.53,8.33,4.386
2075,4.9691,1.2069,125.3,10.8,4.423
2076,5.0074,1.1899,125.07,7.46,4.515
2077,4.9737,1.1813,125.05,10.43,4.471
2078,5.0181,1.2112,124.91,10.37,4.599
2079,4.9636,1.2025,124.94,8.56,4.362
2080,4.9849,1.188,125.11,8.87,4.381
2081,5.0382,1.2062,125.49,10.85,4.507
2082,4.9915,1.2127,124.94,9.08,4.378
2083,4.9974,1.2043,124.67,11.2,4.402
2084,5.0003,1.1957,124.95,10.36,4.434
2085,5.0159,1.2133,125.48,11.07,4.537
2086,5.0272,1.1803,124.84,10.18,4.541
2087,4.9919,1.1974,125.34,9.83,4.571
2088,5.0118,1.1996,125.45,9.78,4.412
2089,5.028,1.2199,125.28,7.43,4.451
2090,5.0325,1.2198,124.59,11.15,4.625
2091,5.0257,1.195,124.96,12.64,4.499
2092,4.9877,1.2122,124.61,9.33,4.527
2093,4.9818,1.2142,124.83,7.77,4.623
2094,5.0366,1.2005,124.93,10.81,4.607
2095,5.0109,1.2012,125.14,9.1,4.358
2096,4.994,1.2199,124.69,10.25,4.439
2097,4.9758,1.2057,124.65,9.59,4.519
2098,5.0312,1.2131,124.78,12.77,4.637
2099,4.9757,1.1884,125.44,12.25,4.379
2100,4.9748,1.1895,125.17,9.41,4.415
2101,5.0044,1.1891,125.08,10.52,4.589
2102,5.009,1.195,124.63,10.96,4.574
2103,4.9732,1.208,124.62,13.88,4.496
2104,4.9987,1.2197,125.5,9.56,4.577
2105,5.0357,1.2078,124.57,10.72,4.403
2106,4.9772,1.205,125.35,9.36,4.366
2107,4.9705,1.1932,125.37,12.3,4.584
2108,4.9724,1.2024,124.81,10.05,4.373
2109,5.0368,1.2154,125.45,9.59,4.547
2110,4.9698,1.1865,124.94,10.66,4.556
2111,5.0063,1.2037,124.8,11.32,4.636
2112,4.9628,1.1884,125.46,9.87,4.614
2113,4.9776,1.1821,124.73,10.93,4.534
2114,5.0164,1.187,124.59,9.79,4.608
2115,5.0185,1.198,124.96,10.54,4.455
2116,4.9631,1.2174,125.48,9.91,4.544
2117,5.0333,1.2101,124.55,9.93,4.479
2118,4.9688,1.1963,124.94,9.04,4.378
2119,5.0273,1.1896,125.25,10.14,4.628
2120,4.965,1.1922,125.13,9.57,4.579
2121,4.9946,1.19,124.56,11.31,4.417
2122,4.974,1.1965,125.07,10.11,4.601
2123,5.0335,1.2131,125.34,9.19,4.464
2124,4.9803,1.1972,124.65,9.75,4.364
2125,4.9806,1.1816,124.97,10.56,4.359
2126,5.0295,1.1891,125.33,8.91,4.615
2127,5.0392,1.2083,124.89,8.53,4.393
2128,4.9628,1.2145,124.75,9.41,4.525
2129,5.0077,1.2092,125.32,10.95,4.361
2130,4.9756,1.1935,125.34,11.29,4.604
2131,5.0352,1.2068,125.2,11.64,4.533
2132,5.0129,1.1838,124.92,10.98,4.58
2133,4.9792,1.2051,124.81,10.88,4.356
2134,5.0104,1.1843,124.59,11.2,4.429
2135,5.0079,1.1906,124.86,9.58,4.602
2136,5.0075,1.2029,125.17,9.72,4.46
2137,4.975,1.2053,124.59,10.08,4.537
2138,5.0074,1.1943,125.37,8.76,4.449
2139,5.0162,1.1876,124.69,10.87,4.371
2140,5.0293,1.1852,124.58,10.08,4.552
2141,5.0373,1.205,124.88,9.89,4.354
2142,5.0141,1.1849,124.96,10.57,4.368
2143,5.0163,1.2129,125.14,9.84,4.525
2144,4.9857,1.2023,125.11,10.18,4.524
2145,5.0197,1.2082,125.5,11.1,4.558
2146,5.0228,1.2124,124.7,9.33,4.614
2147,4.9972,1.2149,125.46,10.41,4.546
2148,5.0213,1.2179,125.31,12.35,4.55
2149,5.0303,1.1952,125.03,10.39,4.54
2150,5.0107,1.2067,125.11,11.28,4.5
2151,5.0101,1.2128,124.52,11.11,4.396
2152,5.0003,1.2129,125.07,9.83,4.611
2153,5.0198,1.2131,125.35,10.96,4.367
2154,4.9707,1.2169,125.22,9.96,4.375
2155,4.9676,1.2061,124.72,10.06,4.551
2156,5.0354,1.2002,124.75,8.73,4.619
2157,4.9889,1.2158,125.41,10.07,4.645
2158,4.9773,1.1937,124.59,8.38,4.591
2159,5.0275,1.2086,125.39,10.07,4.428
2160,5.0216,1.2116,124.69,10.78,4.619
2161,5.0203,1.2071,125.36,9.94,4.518
2162,4.9644,1.2101,124.74,9.92,4.369
2163,4.9861,1.1895,124.84,9.84,4.588
2164,5.036,1.184,125.06,9.92,4.499
2165,4.9799,1.2139,125.27,9.22,4.507
2166,5.0151,1.2,124.79,9.84,4.472
2167,4.9885,1.1909,125.28,9.81,4.373
2168,5.0099,1.2186,124.61,10.04,4.427
2169,5.0132,1.2031,125.36,8.75,4.605
2170,4.992,1.2103,124.89,9.86,4.647
2171,5.0222,1.2101,124.98,11.93,4.549
2172,4.9983,1.1878,125.18,9.12,4.627
2173,4.9955,1.1909,125.28,11.69,4.628
2174,5.0116,1.197,125.09,9.63,4.384
2175,4.9708,1.2194,125.06,10.25,4.519
2176,4.9738,1.2054,124.5,10.42,4.428
2177,4.9662,1.2198,124.87,9.61,4.525
2178,5.0063,1.181,125.04,11.92,4.538
2179,4.9701,1.1819,125.43,12.39,4.555
2180,5.0288,1.1983,124.51,10.72,4.544
2181,4.9761,1.2102,125.35,10.72,4.606
2182,4.9634,1.22,125.28,9.81,4.623
2183,5.0258,1.1839,124.6,8.99,4.427
2184,5.0203,1.2092,124.99,9.33,4.495
2185,4.9645,1.2095,125.16,8.21,4.606
2186,5.0174,1.2171,125.0,10.33,4.471
2187,5.0031,1.2168,124.52,10.06,4.603
2188,5.0328,1.1838,124.9,10.58,4.616
2189,5.0051,1.1936,124.66,8.24,4.451
2190,5.0253,1.2074,125.02,10.32,4.564
2191,5.0158,1.1974,125.06,8.64,4.567
2192,5.0376,1.2193,124.77,10.48,4.553
2193,4.9927,1.2169,124.74,11.58,4.553
2194,5.0085,1.1827,125.04,8.94,4.467
2195,4.965,1.2125,124.98,9.05,4.353
2196,5.0066,1.1937,124.72,11.01,4.583
2197,4.9629,1.182,124.65,7.92,4.542
2198,5.0127,1.1955,125.05,9.81,4.358
2199,4.9705,1.1823,124.72,9.17,4.386
2200,5.0397,1.217,125.37,8.98,4.381
2201,4.981,1.1905,125.23,12.42,4.613
2202,5.009,1.1811,125.06,10.63,4.567
2203,4.9658,1.2041,125.34,10.57,4.599
2204,5.0175,1.1886,124.69,10.24,4.437
2205,5.0049,1.1941,124.9,8.8,4.59
2206,5.0172,1.2194,125.28,8.07,4.482
2207,4.9787,1.2028,124.89,12.54,4.352
2208,4.9773,1.2024,125.24,11.03,4.577
2209,4.9866,1.1895,124.59,10.26,4.634
2210,5.0018,1.1869,125.0,9.16,4.647
2211,5.0093,1.2118,125.35,10.37,4.581
2212,4.9828,1.2187,125.18,8.82,4.492
2213,4.9689,1.1967,125.34,9.86,4.521
2214,4.9633,1.1808,125.09,9.89,4.633
2215,5.0329,1.1895,125.23,8.62,4.517
2216,5.0232,1.1879,124.65,11.52,4.638
2217,5.0345,1.1928,125.27,10.66,4.623
2218,4.975,1.2085,125.18,9.03,4.396
2219,4.9822,1.2038,125.38,10.14,4.523
2220,5.0344,1.1902,125.23,9.43,4.567
2221,5.0318,1.1868,124.9,11.19,4.431
2222,5.034,1.2121,125.17,8.02,4.595
2223,5.0314,1.1959,124.8,9.56,4.393
2224,4.9684,1.1884,125.23,11.35,4.542
2225,5.0186,1.1986,125.18,10.33,4.416
2226,4.9921,1.1888,124.8,9.58,4.597
2227,5.0138,1.1864,125.18,9.09,4.625
2228,5.0123,1.1843,125.33,8.9,4.395
2229,4.9855,1.2068,124.81,11.51,4.633
2230,5.0081,1.2066,125.41,11.97,4.473
2231,4.9936,1.1982,124.94,9.12,4.465
2232,5.0306,1.182,124.79,10.47,4.563
2233,4.9633,1.1965,124.56,10.95,4.561
2234,5.0002,1.1846,125.33,10.37,4.548
2235,4.9652,1.2136,125.03,8.78,4.503
2236,5.0385,1.2052,124.51,11.93,4.504
2237,5.019,1.1818,125.32,7.95,4.438
2238,5.0354,1.1965,125.05,9.2,4.559
2239,5.0123,1.2031,125.46,9.58,4.43
2240,5.007,1.2184,124.64,10.22,4.603
2241,4.9998,1.187,124.94,11.45,4.495
2242,5.0211,1.1944,125.07,9.69,4.469
2243,4.9739,1.183,125.04,10.26,4.527
2244,5.0225,1.2187,124.8,10.48,4.505
2245,5.0327,1.195,124.53,9.25,4.392
2246,4.9827,1.1824,125.18,11.79,4.436
2247,4.98,1.204,124.66,9.44,4.476
2248,4.9614,1.1862,124.56,9.77,4.391
2249,5.0236,1.2173,125.34,9.95,4.478
2250,5.0303,1.1955,125.01,9.8,4.566
2251,5.002,1.206,125.26,11.92,4.545
2252,5.0235,1.2145,124.84,7.72,4.504
2253,5.0386,1.213,125.35,10.5,4.509
2254,5.0198,1.19,125.38,11.03,4.552
2255,5.008,1.2197,125.06,10.18,4.375
2256,4.9869,1.2153,125.47,11.3,4.452
2257,5.0115,1.186,125.21,9.34,4.428
2258,4.9735,1.2157,124.65,10.21,4.566
2259,4.9703,1.2021,124.73,9.29,4.512
2260,5.027,1.2144,124.55,9.98,4.357
2261,4.9895,1.2153,124.65,10.34,4.421
2262,5.0342,1.2067,125.0,10.24,4.442
2263,5.0146,1.2156,125.04,11.06,4.608
2264,4.9771,1.2108,124.95,9.75,4.376
2265,5.0038,1.2138,124.85,9.5,4.46
2266,5.0327,1.2059,125.48,10.09,4.605
2267,4.9968,1.1841,124.96,10.54,4.509
2268,4.9937,1.1966,125.19,10.43,4.469
2269,4.9963,1.1949,124.86,7.54,4.576
2270,5.0181,1.2081,125.15,10.25,4.361
2271,4.9907,1.2095,124.94,11.76,4.44
2272,4.9838,1.1851,124.79,9.67,4.456
2273,5.0136,1.1847,124.93,7.98,4.538
2274,5.0294,1.1948,125.41,9.83,4.486
2275,4.9667,1.202,125.14,10.36,4.506
2276,4.9941,1.1997,124.93,9.8,4.615
2277,5.0341,1.2167,125.3,11.58,4.622
2278,5.0075,1.2141,125.09,11.89,4.351
2279,4.9603,1.1837,125.42,11.36,4.554
2280,4.9604,1.1867,124.65,9.55,4.388
2281,5.0031,1.212,125.13,8.1,4.594
2282,5.0044,1.1941,125.41,11.37,4.458
2283,5.0083,1.2138,125.19,8.61,4.441
2284,4.9673,1.2169,124.64,11.24,4.567
2285,5.025,1.201,124.52,10.65,4.388
2286,5.0123,1.2044,125.09,9.0,4.494
2287,4.974,1.1876,124.75,6.47,4.513
2288,5.0098,1.1838,124.69,10.18,4.395
2289,4.9966,1.2192,124.58,10.91,4.505
2290,5.0326,1.2168,125.39,10.59,4.515
2291,5.0266,1.2075,124.69,10.2,4.606
2292,4.9654,1.1827,124.73,11.07,4.358
2293,5.0175,1.2084,124.93,7.83,4.484
2294,4.9977,1.2157,125.17,9.23,4.572
2295,4.9838,1.21,125.38,9.74,4.643
2296,4.966,1.1961,125.41,8.73,4.506
2297,5.0184,1.2079,124.64,8.64,4.617
2298,5.0003,1.1918,124.71,8.83,4.506
2299,4.9956,1.1864,124.72,10.18,4.409
2300,5.0388,1.1815,125.26,10.63,4.638
2301,4.9691,1.2118,125.01,9.18,4.628
2302,5.0188,1.2147,125.37,10.29,4.497
2303,4.9993,1.2119,124.51,8.99,4.615
2304,5.0144,1.1819,125.38,9.18,4.575
2305,5.0269,1.2163,124.96,9.0,4.587
2306,4.9857,1.205,124.65,9.38,4.499
2307,5.02,1.1843,124.92,9.75,4.36
2308,4.9837,1.213,124.94,11.34,4.562
2309,5.024,1.1944,124.93,10.04,4.392
2310,5.0365,1.1865,125.38,11.03,4.568
2311,4.9762,1.1905,124.59,9.53,4.456
2312,5.0186,1.1837,125.41,10.82,4.518
2313,4.9965,1.1931,125.22,8.51,4.417
2314,5.0359,1.1805,125.43,9.09,4.402
2315,5.0092,1.1922,124.51,10.47,4.359
2316,4.9823,1.201,125.26,11.91,4.413
2317,5.0145,1.2143,124.93,10.24,4.585
2318,4.9805,1.1857,125.22,8.65,4.465
2319,5.0016,1.1975,124.94,9.51,4.616
2320,4.9948,1.1976,125.04,11.51,4.587
2321,5.0156,1.1953,125.47,10.86,4.448
2322,5.0109,1.2109,124.64,9.33,4.352
2323,4.9865,1.2021,124.56,9.23,4.415
2324,5.0296,1.2039,124.78,8.74,4.627
2325,5.0392,1.2091,125.33,11.49,4.614
2326,4.9992,1.1987,125.11,10.68,4.614
2327,5.0035,1.1894,124.67,8.43,4.391
2328,4.9633,1.1822,125.39,7.63,4.62
2329,4.99,1.1966,125.18,10.31,4.419
2330,5.0135,1.216,125.07,12.4,4.353
2331,4.9662,1.2047,125.06,10.21,4.385
2332,4.9889,1.1853,125.44,10.27,4.485
2333,5.0167,1.1913,125.34,11.01,4.357
2334,4.9628,1.2158,124.82,9.1,4.569
2335,5.0366,1.1979,125.36,10.16,4.494
2336,5.0187,1.1858,125.05,10.23,4.351
2337,4.9634,1.219,124.69,8.7,4.471
2338,5.0098,1.2079,125.34,9.83,4.518
2339,4.9927,1.2097,124.51,10.51,4.385
2340,4.992,1.1975,125.15,11.32,4.545
2341,4.981,1.2189,125.24,9.17,4.412
2342,4.9696,1.2103,125.37,10.48,4.562
2343,4.9769,1.216,124.78,10.3,4.432
2344,5.0053,1.18,125.33,12.66,4.553
2345,4.9631,1.1978,125.0,10.1,4.621
2346,5.0234,1.1881,125.08,10.4,4.496
2347,4.9866,1.1833,125.44,10.96,4.38
2348,5.0117,1.2114,124.52,9.02,4.565
2349,5.0121,1.1937,124.74,10.59,4.494
2350,4.9607,1.192,124.86,8.57,4.477
2351,5.017,1.2125,125.29,8.77,4.367
2352,4.9905,1.2,124.71,10.28,4.605
2353,5.0151,1.1829,124.7,9.73,4.615
2354,5.0332,1.1896,124.89,8.17,4.57
2355,4.9813,1.1956,125.47,9.36,4.372
2356,5.0205,1.1815,124.95,9.7,4.641
2357,4.9947,1.1929,124.61,10.02,4.528
2358,4.967,1.1985,124.71,9.15,4.396
2359,5.0356,1.2071,124.53,12.28,4.589
2360,5.0039,1.1936,124.63,11.47,4.383
2361,5.0309,1.1861,124.99,10.97,4.377
2362,5.0171,1.1901,124.54,10.74,4.638
2363,5.0273,1.2151,125.24,10.71,4.467
2364,5.004,1.2082,124.9,9.68,4.523
2365,5.0011,1.2063,124.65,9.74,4.593
2366,4.9952,1.1932,124.96,9.29,4.389
2367,5.037,1.1935,124.63,9.63,4.58
2368,4.9712,1.1856,124.8,8.76,4.507
2369,4.9777,1.2009,124.76,8.8,4.568
2370,4.9822,1.2005,125.05,10.31,4.512
2371,5.0308,1.1846,125.46,9.16,4.601
2372,5.0056,1.2103,124.66,9.86,4.406
2373,5.0137,1.2029,125.22,9.46,4.431
2374,4.9812,1.2111,125.23,9.13,4.489
2375,4.9637,1.1957,124.96,9.87,4.452
2376,5.0259,1.1839,124.61,8.94,4.642
2377,4.9666,1.1868,124.93,11.09,4.488
2378,5.0262,1.1949,124.93,10.94,4.593
2379,5.0367,1.2127,125.21,9.01,4.648
2380,4.9833,1.2097,124.52,9.28,4.497
2381,4.9998,1.2045,125.23,9.21,4.58
2382,5.0375,1.2044,124.72,9.52,4.577
2383,5.0022,1.1973,124.87,9.51,4.443
2384,5.0383,1.1935,124.8,10.53,4.539
2385,5.0101,1.2023,125.5,10.95,4.425
2386,4.9633,1.1906,124.73,9.23,4.471
2387,4.97,1.2063,124.66,11.47,4.361
2388,4.9801,1.2125,124.88,9.49,4.353
2389,5.0332,1.1936,125.33,10.02,4.525
2390,5.0143,1.1964,124.59,11.22,4.53
2391,4.961,1.2121,124.97,9.16,4.429
2392,4.9658,1.1891,124.53,12.55,4.461
2393,5.0022,1.2003,124.66,10.56,4.63
2394,4.9743,1.1815,124.74,9.55,4.538
2395,5.025,1.2026,125.31,10.65,4.528
2396,5.0004,1.2023,125.08,11.48,4.532
2397,5.0334,1.1917,125.11,9.43,4.516
2398,4.9721,1.2002,124.97,11.18,4.432
2399,4.9787,1.1918,125.46,11.03,4.37
2400,4.9679,1.1995,124.71,9.73,4.372
2401,5.0236,1.2042,125.46,9.54,4.5
2402,5.0058,1.1993,124.55,8.61,4.593
2403,5.0389,1.2172,125.42,9.2,4.501
2404,5.0285,1.2119,124.86,10.66,4.397
2405,4.9902,1.2055,125.48,9.02,4.421
2406,4.9944,1.2147,125.45,8.41,4.351
2407,4.9862,1.2176,124.91,8.33,4.464
2408,5.0367,1.1968,124.75,10.79,4.546
2409,4.9805,1.2144,125.27,11.54,4.497
2410,4.9789,1.191,124.59,10.22,4.47
2411,4.9799,1.1902,124.85,11.52,4.505
2412,4.9868,1.2069,124.84,11.73,4.483
2413,4.9601,1.2006,125.29,10.65,4.59
2414,4.9995,1.1852,124.74,9.05,4.615
2415,4.9854,1.1901,124.9,8.53,4.578
2416,5.0003,1.2189,125.06,11.71,4.551
2417,5.0215,1.1918,124.72,9.83,4.401
2418,5.0136,1.1802,125.0,9.69,4.354
2419,4.9633,1.1989,124.59,9.2,4.641
2420,4.997,1.198,124.61,8.04,4.474
2421,4.9893,1.2173,125.43,10.04,4.475
2422,5.0067,1.2115,125.25,10.88,4.57
2423,5.0048,1.2156,125.27,11.33,4.647
2424,4.9866,1.1894,125.21,9.28,4.492
2425,4.9634,1.1823,125.02,10.06,4.421
2426,5.0325,1.188,125.27,10.3,4.408
2427,4.9756,1.2056,124.83,9.56,4.604
2428,4.96,1.208,124.66,12.06,4.486
2429,5.0354,1.2035,124.89,8.72,4.573
2430,4.9839,1.2169,124.8,11.53,4.53
2431,4.9767,1.1847,124.96,10.4,4.457
2432,5.0309,1.2099,124.95,10.57,4.623
2433,5.0289,1.1804,125.32,9.28,4.517
2434,5.0235,1.2188,124.84,9.62,4.423
2435,5.0005,1.1971,124.58,7.55,4.601
2436,5.035,1.2097,124.88,10.56,4.5
2437,4.9953,1.206,125.4,11.88,4.612
2438,5.0035,1.1909,125.19,9.01,4.482
2439,4.9745,1.2126,125.04,11.38,4.635
2440,5.0322,1.1859,125.43,9.57,4.624
2441,5.0346,1.2093,125.15,10.73,4.548
2442,5.0232,1.202,125.19,9.4,4.502
2443,5.012,1.1833,125.05,9.57,4.493
2444,5.0163,1.202,124.57,10.49,4.424
2445,5.0398,1.192,125.08,10.29,4.397
2446,5.0369,1.1848,124.68,10.24,4.454
2447,4.9893,1.2055,124.52,10.94,4.545
2448,4.9744,1.1992,124.85,9.99,4.566
2449,5.0043,1.2109,124.69,10.34,4.449
2450,5.0288,1.1858,124.73,9.52,4.397
2451,4.9821,1.1879,124.58,8.82,4.457
2452,4.984,1.2103,124.91,10.0,4.508
2453,4.9757,1.2135,124.58,10.86,4.628
2454,5.0217,1.2032,124.86,9.01,4.45
2455,5.0221,1.209,124.9,10.03,4.489
2456,5.039,1.2101,125.39,10.53,4.638
2457,4.9971,1.2059,125.37,8.61,4.426
2458,5.005,1.1831,124.61,10.66,4.402
2459,5.0159,1.1972,124.95,9.29,4.491
2460,5.0364,1.2172,125.15,11.23,4.636
2461,4.9983,1.1806,125.27,7.53,4.519
2462,5.0359,1.1956,124.66,9.35,4.423
2463,5.0166,1.2145,124.65,9.6,4.497
2464,5.0147,1.2196,125.2,11.18,4.396
2465,4.9683,1.2078,124.94,10.67,4.417
2466,4.9809,1.2154,124.98,10.34,4.389
2467,4.976,1.1895,124.74,9.97,4.59
2468,4.9952,1.1904,125.02,9.76,4.432
2469,4.9758,1.1882,124.77,11.32,4.468
2470,5.0307,1.1971,124.99,9.13,4.36
2471,4.9918,1.2134,125.03,10.61,4.468
2472,5.0174,1.1966,125.26,10.91,4.386
2473,4.9699,1.1872,125.29,11.47,4.456
2474,5.0318,1.1875,124.73,11.93,4.517
2475,5.0235,1.1863,125.39,10.69,4.643
2476,4.9976,1.191,124.81,11.19,4.454
2477,4.9888,1.2145,125.04,10.22,4.482
2478,4.9911,1.1849,124.54,9.62,4.596
2479,5.0056,1.2105,125.21,11.31,4.377
2480,5.0017,1.2115,125.25,11.06,4.536
2481,5.0143,1.2038,124.7,8.21,4.629
2482,4.9876,1.1905,124.52,9.83,4.603
2483,5.0307,1.2041,124.82,9.87,4.516
2484,5.0213,1.189,125.04,9.49,4.633
2485,5.0167,1.2019,124.92,12.05,4.521
2486,4.9718,1.1804,124.54,9.42,4.611
2487,5.0307,1.206,125.45,10.61,4.412
2488,4.9834,1.2161,125.05,10.66,4.609
2489,4.9974,1.2101,125.34,8.35,4.508
2490,5.0304,1.2153,124.53,13.5,4.619
2491,5.0032,1.2093,125.41,9.36,4.355
2492,5.0164,1.2166,124.89,9.31,4.647
2493,5.0199,1.1839,125.12,9.13,4.378
2494,5.0271,1.1878,124.96,12.03,4.533
2495,5.0312,1.208,125.15,13.35,4.622
2496,5.0111,1.1972,124.65,6.81,4.428
2497,5.0003,1.2029,125.27,12.94,4.452
2498,4.9809,1.2015,125.0,11.11,4.499
2499,5.004,1.2165,124.83,10.4,4.403
2500,5.021,1.1972,124.74,10.57,4.399
2501,5.039,1.1986,124.77,8.5,4.595
2502,4.9947,1.1973,125.29,9.25,4.392
2503,4.986,1.1914,125.07,8.38,4.521
2504,5.0028,1.2178,125.3,8.01,4.359
2505,4.9892,1.2117,124.84,9.1,4.453
2506,4.9904,1.1904,124.86,11.48,4.392
2507,5.0336,1.1856,125.32,8.93,4.541
2508,5.0183,1.2069,124.67,9.3,4.518
2509,5.0087,1.2181,124.76,10.72,4.611
2510,4.9945,1.2045,124.6,9.74,4.601
2511,5.0243,1.1953,125.24,11.17,4.389
2512,4.9766,1.19,124.7,8.23,4.477
2513,5.0238,1.2127,124.62,10.48,4.371
2514,4.9723,1.2184,125.46,10.04,4.454
2515,4.9612,1.1928,124.8,8.78,4.479
2516,4.9966,1.2091,124.62,9.75,4.598
2517,4.9745,1.2006,125.3,10.87,4.528
2518,4.9684,1.1852,124.82,9.64,4.368
2519,4.9921,1.1917,125.45,10.34,4.5
2520,5.0157,1.1833,125.26,9.04,4.439
2521,5.0161,1.2137,125.17,9.58,4.406
2522,4.9954,1.2125,124.7,10.05,4.449
2523,4.9708,1.2046,125.35,10.7,4.386
2524,5.0081,1.1986,124.85,10.72,4.447
2525,5.0239,1.1994,125.02,9.7,4.57
2526,4.9676,1.2139,125.39,10.89,4.45
2527,4.9657,1.2199,125.47,9.85,4.567
2528,5.0367,1.1828,124.66,10.73,4.627
2529,4.988,1.1943,125.49,10.87,4.445
2530,5.0204,1.2125,125.28,8.78,4.468
2531,4.9867,1.1928,125.03,10.95,4.433
2532,4.9708,1.1903,124.84,8.73,4.351
2533,5.0345,1.217,124.88,9.21,4.482
2534,4.9651,1.1992,124.83,12.72,4.585
2535,5.0227,1.18,125.11,11.26,4.431
2536,4.9749,1.1806,124.94,11.33,4.429
2537,5.0001,1.1894,125.49,9.83,4.459
2538,5.0045,1.2164,125.18,9.77,4.57
2539,4.9734,1.2033,124.79,10.97,4.362
2540,5.0255,1.1926,125.22,10.43,4.428
2541,4.9897,1.1866,124.77,10.05,4.525
2542,5.0253,1.1844,124.99,8.76,4.597
2543,5.0183,1.2029,124.63,9.4,4.451
2544,5.0024,1.2079,125.29,9.05,4.403
2545,4.9675,1.1964,125.42,9.16,4.407
2546,5.006,1.2199,124.87,10.9,4.41
2547,4.9603,1.2058,125.43,12.42,4.56
2548,4.9962,1.1967,125.1,9.09,4.538
2549,4.9708,1.2068,125.4,9.46,4.647
2550,5.0307,1.2162,125.14,11.4,4.401
2551,4.9838,1.2179,125.01,10.04,4.51
2552,5.022,1.2082,124.57,8.58,4.456
2553,5.0193,1.1952,124.56,9.09,4.526
2554,4.9611,1.1815,124.56,8.94,4.576
2555,4.9879,1.2142,125.45,9.93,4.574
2556,4.9932,1.1934,125.37,8.7,4.508
2557,5.0156,1.1844,124.52,9.89,4.5
2558,5.04,1.2155,124.72,10.86,4.636
2559,4.967,1.2194,125.15,8.61,4.426
2560,4.9735,1.2162,124.85,12.65,4.351
2561,4.9828,1.219,125.0,10.34,4.443
2562,5.0338,1.1859,125.29,9.11,4.613
2563,5.0155,1.1923,124.9,9.82,4.607
2564,4.9819,1.1877,125.43,10.07,4.562
2565,5.0352,1.2003,124.53,11.8,4.568
2566,4.9746,1.2134,124.53,11.63,4.62
2567,4.9634,1.1957,124.51,7.66,4.524
2568,4.9694,1.2197,124.72,11.13,4.498
2569,4.9713,1.2103,124.82,11.5,4.627
2570,5.0337,1.2101,124.84,9.84,4.428
2571,5.0151,1.1824,124.79,11.75,4.42
2572,5.0307,1.1992,125.22,9.81,4.509
2573,4.9637,1.2136,124.69,12.05,4.398
2574,5.0009,1.2194,125.31,10.45,4.578
2575,5.0128,1.1996,125.2,10.21,4.551
2576,4.9619,1.2014,124.67,9.75,4.365
2577,4.9829,1.1999,124.77,11.0,4.559
2578,5.0196,1.2072,125.4,9.89,4.583
2579,5.0188,1.2094,125.16,10.65,4.549
2580,4.9647,1.1972,124.68,9.88,4.472
2581,5.0044,1.1987,124.52,8.96,4.413
2582,4.9858,1.204,124.59,9.02,4.41
2583,5.007,1.214,125.01,9.7,4.41
2584,5.0258,1.2165,124.83,7.61,4.41
2585,4.9652,1.2017,124.66,9.52,4.491
2586,5.0298,1.2067,125.43,8.65,4.633
2587,5.0049,1.1808,125.15,8.05,4.475
2588,4.9693,1.1824,125.08,10.33,4.402
2589,5.0183,1.1902,125.39,10.26,4.369
2590,4.9877,1.2165,124.7,11.44,4.616
2591,4.9982,1.2061,124.75,9.84,4.611
2592,4.9716,1.1936,125.44,11.44,4.646
2593,4.9974,1.212,124.61,7.3,4.403
2594,5.0307,1.2106,125.06,9.53,4.618
2595,4.9962,1.1853,125.1,9.69,4.486
2596,5.0193,1.1944,125.14,10.15,4.554
2597,4.9941,1.1837,124.69,10.23,4.46
2598,4.9816,1.1946,124.67,11.23,4.412
2599,4.9875,1.1946,124.98,8.63,4.412
2600,5.0247,1.196,125.14,9.33,4.603
2601,4.996,1.2184,125.21,10.07,4.54
2602,4.9764,1.206,125.17,8.36,4.409
2603,5.0057,1.1822,124.96,8.77,4.37
2604,4.9875,1.214,125.48,8.52,4.497
2605,4.9955,1.1828,124.61,8.5,4.362
2606,4.9728,1.1999,124.73,11.54,4.591
2607,4.9712,1.2071,124.79,10.24,4.638
2608,5.0136,1.2133,125.21,7.59,4.505
2609,4.9935,1.2023,125.48,8.69,4.441
2610,4.9825,1.2133,124.53,8.02,4.373
2611,5.0289,1.1966,124.77,9.58,4.563
2612,5.0348,1.1841,125.47,8.83,4.414
2613,5.037,1.1859,125.04,8.18,4.587
2614,5.0205,1.1917,124.92,9.99,4.529
2615,5.0228,1.2092,125.16,8.13,4.412
2616,4.9812,1.1808,124.69,10.66,4.649
2617,4.9951,1.1934,124.77,9.19,4.396
2618,4.9642,1.1831,124.84,10.75,4.504
2619,5.0018,1.1878,124.97,8.68,4.378
2620,4.9988,1.2187,124.78,9.61,4.374
2621,4.9987,1.1937,125.05,8.36,4.434
2622,4.9641,1.2068,125.18,8.91,4.389
2623,5.0117,1.182,124.68,11.58,4.365
2624,4.9994,1.1921,125.4,11.29,4.493
2625,5.0009,1.217,125.4,9.73,4.551
2626,4.992,1.1934,124.79,11.78,4.446
2627,4.9941,1.1843,125.38,9.84,4.647
2628,4.9988,1.1911,125.34,8.39,4.377
2629,4.9741,1.1858,125.19,8.95,4.502
2630,4.9668,1.1899,124.89,9.94,4.499
2631,4.9685,1.2147,125.07,8.6,4.648
2632,5.0222,1.1833,125.19,10.98,4.529
2633,4.967,1.1993,125.22,10.12,4.467
2634,4.9907,1.1892,125.49,10.22,4.394
2635,4.9803,1.212,125.02,9.7,4.369
2636,5.0399,1.2135,124.86,10.38,4.352
2637,5.0049,1.2179,125.48,9.34,4.416
2638,5.0087,1.1883,125.31,10.61,4.581
2639,4.963,1.1882,125.48,10.92,4.353
2640,4.9834,1.2,124.8,9.01,4.356
2641,5.0386,1.1948,125.14,11.62,4.555
2642,4.9674,1.2039,124.94,9.33,4.473
2643,4.9646,1.1886,124.5,10.32,4.471
2644,4.9826,1.2043,125.16,8.13,4.468
2645,5.0383,1.1858,125.43,10.79,4.633
2646,4.9624,1.1867,124.9,8.72,4.355
2647,5.0271,1.1874,124.8,10.92,4.522
2648,4.9963,1.1881,125.2,10.83,4.382
2649,4.9691,1.2192,124.94,9.89,4.51
2650,4.9796,1.2043,125.31,9.87,4.386
2651,5.0389,1.1827,124.67,9.7,4.435
2652,5.0064,1.2174,125.46,9.89,4.531
2653,4.9985,1.2105,125.32,9.14,4.408
2654,4.9745,1.2172,124.58,10.91,4.632
2655,4.9903,1.1816,125.42,8.68,4.602
2656,4.991,1.1869,124.63,11.33,4.457
2657,5.0107,1.1877,124.81,9.78,4.527
2658,4.9922,1.1813,124.68,12.11,4.628
2659,4.9701,1.1995,124.71,10.96,4.64
2660,5.0106,1.2096,125.47,10.86,4.522
2661,5.0021,1.1805,125.26,7.85,4.412
2662,4.9645,1.2109,124.89,11.83,4.617
2663,4.9604,1.1929,124.97,10.81,4.464
2664,5.0005,1.2001,124.92,11.6,4.536
2665,5.021,1.2122,124.98,9.01,4.47
2666,4.9869,1.1935,125.46,10.41,4.522
2667,5.002,1.2055,125.04,11.9,4.378
2668,5.0316,1.1974,125.36,9.55,4.611
2669,4.9722,1.2139,124.55,12.93,4.382
2670,4.9975,1.1816,124.85,11.29,4.585
2671,5.0022,1.1973,124.65,10.46,4.394
2672,4.9974,1.2148,125.22,12.78,4.477
2673,4.988,1.1977,124.59,10.43,4.494
2674,4.9788,1.1958,124.96,10.24,4.372
2675,5.032,1.2072,125.06,9.99,4.458
2676,5.0368,1.1897,125.36,11.71,4.575
2677,4.9774,1.1815,124.78,9.21,4.398
2678,5.0154,1.1843,125.41,10.6,4.505
2679,4.9876,1.1838,124.72,9.91,4.384
2680,4.9718,1.1982,124.71,10.69,4.364
2681,5.0224,1.1872,124.9,12.05,4.371
2682,4.987,1.21,124.87,9.92,4.36
2683,5.034,1.1992,124.82,10.89,4.462
2684,5.0251,1.1952,124.72,11.23,4.573
2685,5.0294,1.1841,124.96,10.09,4.642
2686,4.9709,1.2076,125.49,10.1,4.463
2687,4.9796,1.2051,124.55,11.94,4.635
2688,4.976,1.1861,124.88,11.27,4.463
2689,4.9896,1.1888,125.49,10.85,4.648
2690,5.0236,1.1891,125.11,11.02,4.577
2691,4.9914,1.2171,124.66,7.38,4.643
2692,5.0121,1.1939,125.07,8.19,4.371
2693,4.9696,1.1957,125.1,9.93,4.464
2694,4.9716,1.1944,124.96,9.31,4.559
2695,4.997,1.1996,125.01,11.27,4.506
2696,5.0061,1.2056,125.32,8.92,4.606
2697,4.9696,1.2192,125.27,9.36,4.425
2698,4.9823,1.2015,124.62,10.15,4.424
2699,5.0165,1.2073,125.5,9.7,4.612
2700,4.9728,1.2086,125.43,9.07,4.416
2701,5.0108,1.1957,124.76,10.37,4.399
2702,4.9972,1.1908,125.29,12.2,4.649
2703,4.9747,1.1969,124.95,10.51,4.632
2704,4.9647,1.1855,124.93,12.57,4.64
2705,4.9639,1.1985,124.56,9.85,4.388
2706,4.9904,1.1846,124.73,10.29,4.495
2707,5.0314,1.2161,125.02,8.6,4.535
2708,5.0188,1.1916,125.36,10.11,4.479
2709,5.0062,1.1876,124.98,8.65,4.428
2710,4.9968,1.1812,124.81,7.35,4.407
2711,5.0042,1.1969,125.15,11.18,4.486
2712,5.0086,1.2155,125.17,12.09,4.417
2713,5.0344,1.2185,125.5,10.01,4.39
2714,5.0098,1.2142,125.25,9.76,4.542
2715,5.034,1.1861,125.17,8.98,4.554
2716,5.0127,1.1996,124.54,8.28,4.594
2717,5.0215,1.1999,124.96,8.07,4.394
2718,5.017,1.2182,125.45,9.26,4.605
2719,5.0131,1.2037,124.95,11.82,4.556
2720,5.0222,1.1845,124.61,10.62,4.617
2721,5.0206,1.1876,124.5,9.65,4.406
2722,4.9941,1.182,125.01,9.52,4.509
2723,4.9758,1.1914,124.92,12.6,4.409
2724,4.9971,1.2033,125.1,9.54,4.463
2725,4.9977,1.1926,124.9,10.64,4.575
2726,4.9607,1.1832,124.6,10.66,4.359
2727,4.9933,1.2122,125.25,9.73,4.368
2728,4.9775,1.2154,125.33,8.46,4.373
2729,4.9752,1.2023,124.82,7.33,4.602
2730,5.0052,1.1992,125.26,10.2,4.595
2731,5.0395,1.1811,124.75,7.97,4.582
2732,4.9778,1.1965,125.23,10.8,4.508
2733,5.0223,1.2177,125.47,12.29,4.635
2734,5.0296,1.2058,125.21,9.94,4.455
2735,5.0062,1.1833,125.18,11.97,4.492
2736,5.0161,1.1944,124.76,11.4,4.411
2737,4.9768,1.191,124.76,11.34,4.443
2738,4.9962,1.2145,124.72,8.59,4.488
2739,4.9994,1.1837,124.62,9.44,4.551
2740,4.9705,1.1985,125.45,11.34,4.585
2741,5.0361,1.2039,125.21,11.71,4.563
2742,4.9958,1.1998,125.09,7.34,4.617
2743,5.0223,1.1962,125.31,10.57,4.441
2744,4.9757,1.1972,124.98,11.31,4.57
2745,5.0082,1.2134,125.11,8.12,4.406
2746,5.024,1.2061,125.28,9.44,4.4
2747,5.0046,1.2166,125.31,9.22,4.54
2748,5.0251,1.1999,124.67,10.83,4.417
2749,5.0268,1.2133,124.79,11.96,4.374
2750,4.9728,1.2013,125.49,11.7,4.407
2751,4.9651,1.1857,125.35,9.61,4.382
2752,5.0355,1.2155,125.19,9.22,4.36
2753,4.9964,1.1925,125.31,7.81,4.402
2754,4.9982,1.2165,124.83,7.96,4.533
2755,5.0179,1.1871,125.2,10.66,4.642
2756,5.026,1.2036,125.36,11.01,4.369
2757,5.03,1.1887,125.49,11.33,4.478
2758,5.0185,1.197,124.6,9.34,4.486
2759,4.9864,1.1956,124.84,12.05,4.433
2760,4.9742,1.2117,125.01,10.0,4.578
2761,4.9859,1.1886,125.42,8.87,4.608
2762,5.0273,1.2131,124.85,10.52,4.365
2763,5.0237,1.2033,124.85,10.1,4.427
2764,4.9986,1.2179,124.94,9.92,4.613
2765,5.0055,1.2139,125.02,9.22,4.434
2766,4.9675,1.2044,125.02,8.99,4.535
2767,5.033,1.1887,124.93,11.34,4.619
2768,4.9898,1.2127,124.65,9.78,4.627
2769,5.0136,1.2002,125.11,9.53,4.389
2770,5.0124,1.1897,125.06,8.32,4.621
2771,4.9665,1.1984,124.93,11.25,4.482
2772,4.9968,1.1959,124.63,8.67,4.375
2773,4.9706,1.187,124.52,9.98,4.57
2774,4.9858,1.2176,124.94,10.02,4.51
2775,4.976,1.1897,125.14,9.41,4.421
2776,4.9842,1.2021,124.9,9.39,4.431
2777,5.0085,1.189,125.37,6.93,4.536
2778,5.0221,1.1983,125.19,10.7,4.404
2779,4.9609,1.2129,125.44,10.77,4.464
2780,4.9761,1.1939,125.5,9.35,4.636
2781,5.0177,1.1807,124.95,10.36,4.465
2782,5.007,1.2112,124.77,10.36,4.524
2783,5.0205,1.2091,125.38,8.38,4.408
2784,5.0336,1.2193,124.54,9.29,4.354
2785,5.0228,1.1858,124.59,12.6,4.594
2786,4.9686,1.1854,125.41,9.47,4.63
2787,5.0167,1.2122,125.14,8.6,4.601
2788,4.9633,1.1987,124.79,12.2,4.637
2789,5.0301,1.1841,125.37,8.31,4.42
2790,4.9612,1.2128,124.84,9.55,4.463
2791,5.0214,1.1878,125.21,9.63,4.378
2792,5.0037,1.1889,125.29,9.81,4.373
2793,5.0207,1.1972,125.02,9.89,4.643
2794,4.9869,1.2145,124.96,11.59,4.365
2795,5.0261,1.1998,125.11,9.46,4.36
2796,4.9677,1.2033,124.65,9.91,4.646
2797,5.0093,1.205,125.36,9.34,4.414
2798,4.9608,1.2157,124.81,7.09,4.391
2799,5.0267,1.1815,125.27,10.81,4.38
2800,5.0258,1.2111,124.94,10.27,4.399
2801,5.0331,1.207,125.28,8.45,4.583
2802,5.0128,1.1961,124.99,10.76,4.534
2803,5.0147,1.2194,125.11,11.03,4.536
2804,5.005,1.2104,124.86,9.1,4.381
2805,4.9663,1.2101,124.61,8.75,4.572
2806,5.0156,1.1845,125.46,9.04,4.564
2807,4.9786,1.1937,124.7,10.47,4.546
2808,4.9693,1.1936,124.68,8.67,4.501
2809,4.975,1.1868,125.41,12.03,4.366
2810,4.9922,1.1812,125.15,8.68,4.559
2811,4.9771,1.1876,124.72,8.91,4.525
2812,5.0044,1.2163,124.82,9.42,4.561
2813,4.9845,1.2015,124.78,10.75,4.577
2814,4.9915,1.2033,124.91,9.59,4.557
2815,5.0188,1.2137,124.83,12.02,4.404
2816,4.9947,1.1822,125.27,10.43,4.393
2817,4.9803,1.2043,124.99,8.86,4.412
2818,4.9697,1.1994,124.76,8.97,4.566
2819,5.035,1.1878,124.61,9.97,4.573
2820,4.9937,1.2084,125.26,10.06,4.489
2821,5.0349,1.1985,124.52,9.72,4.404
2822,5.0107,1.1824,125.31,11.58,4.606
2823,4.9929,1.2017,124.65,10.46,4.585
2824,4.9986,1.2095,125.34,9.02,4.41
2825,4.9671,1.2165,124.53,10.9,4.527
2826,4.9999,1.2156,124.8,8.8,4.467
2827,5.0233,1.216,124.55,9.75,4.491
2828,4.9631,1.2173,125.08,11.14,4.549
2829,5.0229,1.2053,125.31,11.07,4.363
2830,5.0256,1.1901,125.43,10.38,4.429
2831,4.9686,1.2078,124.57,9.61,4.489
2832,4.9656,1.2153,125.39,9.64,4.421
2833,4.9717,1.1987,124.84,10.01,4.502
2834,4.976,1.1855,124.96,8.46,4.615
2835,4.9637,1.1959,124.9,8.37,4.544
2836,5.0199,1.2148,124.58,9.08,4.539
2837,4.9626,1.214,125.37,10.69,4.368
2838,5.0312,1.1849,125.05,9.32,4.364
2839,5.0204,1.2055,125.29,9.8,4.469
2840,5.0087,1.2032,124.86,10.23,4.399
2841,5.0208,1.2045,125.1,12.16,4.607
2842,4.9713,1.2114,125.19,10.38,4.554
2843,5.027,1.2,124.92,11.78,4.408
2844,4.9805,1.1917,125.35,8.29,4.536
2845,4.9864,1.1874,125.32,10.57,4.586
2846,5.0158,1.2154,124.88,10.74,4.649
2847,5.0382,1.1983,124.52,11.38,4.617
2848,5.0093,1.205,124.87,11.0,4.514
2849,5.025,1.1838,124.97,10.37,4.415
2850,5.0249,1.1954,125.49,7.79,4.464
2851,4.9832,1.2193,125.18,8.84,4.464
2852,4.9722,1.1884,124.93,11.8,4.414
2853,4.9666,1.1904,125.11,9.97,4.608
2854,5.0252,1.1968,124.79,10.17,4.397
2855,5.0266,1.1966,125.5,10.53,4.532
2856,4.9999,1.1945,124.6,12.2,4.617
2857,4.9779,1.2105,124.91,10.9,4.542
2858,5.0204,1.1898,125.28,10.5,4.389
2859,5.0378,1.1807,125.38,9.27,4.441
2860,5.0253,1.2065,124.84,8.77,4.405
2861,4.997,1.2175,125.14,10.52,4.643
2862,5.0301,1.1822,124.65,9.98,4.636
2863,4.9649,1.2166,124.78,12.31,4.571
2864,4.9653,1.2025,125.04,9.47,4.377
2865,5.0246,1.2072,124.52,10.46,4.585
2866,5.0315,1.181,124.74,9.44,4.556
2867,4.9922,1.2106,125.23,10.99,4.508
2868,5.0346,1.2126,125.43,10.01,4.528
2869,5.0176,1.188,125.26,10.34,4.356
2870,5.0164,1.2083,125.24,10.08,4.599
2871,4.9774,1.1831,125.14,10.6,4.539
2872,5.0179,1.2167,125.2,10.2,4.61
2873,4.9972,1.2119,125.3,10.19,4.48
2874,4.9773,1.2105,125.29,10.0,4.524
2875,5.0318,1.1821,125.06,9.82,4.353
2876,5.0061,1.2025,125.16,9.64,4.372
2877,4.962,1.21,125.24,8.48,4.429
2878,4.9607,1.2137,124.9,12.23,4.584
2879,5.016,1.2148,124.9,8.1,4.403
2880,4.9718,1.1843,125.36,9.71,4.536
2881,5.0151,1.1928,124.63,8.11,4.46
2882,4.9896,1.2061,124.76,8.35,4.47
2883,5.039,1.1949,125.32,10.47,4.502
2884,5.0103,1.2036,125.42,10.58,4.372
2885,4.9856,1.2082,124.9,9.19,4.582
2886,4.972,1.1958,125.26,10.4,4.568
2887,4.9798,1.2123,125.3,10.04,4.515
2888,4.9926,1.2167,124.66,9.23,4.366
2889,4.9686,1.1804,125.06,11.68,4.505
2890,5.0324,1.2111,124.74,9.62,4.427
2891,5.0349,1.2161,125.14,10.36,4.378
2892,4.9669,1.2096,125.32,10.83,4.618
2893,5.0033,1.2182,125.2,12.47,4.354
2894,5.0268,1.1819,125.29,10.06,4.597
2895,4.9828,1.1969,125.08,8.54,4.612
2896,4.9688,1.1976,125.48,10.48,4.365
2897,5.0275,1.1993,124.84,10.58,4.643
2898,4.9641,1.2054,124.59,9.69,4.448
2899,4.9773,1.1955,125.14,9.81,4.361
2900,4.9763,1.2152,124.58,9.13,4.649
2901,4.9615,1.1948,125.48,9.17,4.605
2902,5.0225,1.1895,125.3,10.46,4.39
2903,4.9763,1.2135,125.4,11.78,4.431
2904,4.9666,1.1889,125.45,9.97,4.534
2905,5.0221,1.203,125.28,10.94,4.533
2906,4.9972,1.1835,125.16,8.12,4.366
2907,4.9692,1.2123,125.45,10.12,4.472
2908,5.0154,1.2021,125.09,10.38,4.648
2909,4.9952,1.2092,125.14,10.15,4.524
2910,4.9716,1.212,125.18,9.45,4.372
2911,4.9706,1.2111,124.63,11.47,4.585
2912,5.0083,1.1995,124.93,11.63,4.377
2913,4.9688,1.1865,124.73,9.14,4.528
2914,4.9626,1.1814,125.06,9.78,4.386
2915,4.9703,1.1833,125.44,8.71,4.391
2916,5.0321,1.2003,125.06,10.46,4.577
2917,5.0239,1.205,125.21,8.42,4.426
2918,5.0259,1.2024,125.39,9.87,4.568
2919,4.9989,1.2098,124.83,8.89,4.441
2920,5.0385,1.1902,124.59,11.54,4.509
2921,5.0219,1.1844,125.26,10.82,4.613
2922,5.0031,1.2065,125.38,7.43,4.445
2923,5.0222,1.1913,125.34,10.68,4.62
2924,4.9876,1.187,124.58,8.51,4.628
2925,4.9694,1.2168,125.35,11.2,4.431
2926,4.9934,1.1883,125.44,11.72,4.448
2927,4.9671,1.2133,124.88,11.01,4.365
2928,5.0208,1.2167,125.41,9.69,4.503
2929,5.0165,1.219,124.7,11.55,4.54
2930,4.9652,1.2021,124.84,9.5,4.391
2931,5.0396,1.2188,124.67,11.66,4.398
2932,5.007,1.2034,125.33,8.41,4.421
2933,5.0298,1.1987,125.13,10.35,4.469
2934,4.9601,1.1836,124.54,8.43,4.427
2935,5.0073,1.1888,124.64,10.21,4.556
2936,5.0223,1.1981,124.69,8.38,4.531
2937,4.9778,1.1903,124.5,9.86,4.558
2938,4.9766,1.1968,125.25,9.66,4.552
2939,4.962,1.1813,124.6,10.18,4.596
2940,4.9723,1.18,125.21,10.02,4.456
2941,4.9902,1.1882,125.31,11.1,4.49
2942,4.9894,1.2109,125.14,8.83,4.363
2943,4.9862,1.1935,124.63,11.9,4.463
2944,5.0193,1.1848,125.25,9.19,4.646
2945,5.0009,1.2093,125.25,10.84,4.377
2946,5.0318,1.2132,124.65,9.81,4.57
2947,4.9851,1.2124,124.67,9.41,4.476
2948,4.9714,1.2118,125.3,8.97,4.459
2949,4.9605,1.2155,124.84,9.37,4.371
2950,5.0254,1.1914,125.48,11.02,4.489
2951,5.0207,1.204,124.54,9.59,4.452
2952,4.9968,1.1895,125.22,10.08,4.587
2953,4.9813,1.219,125.27,11.08,4.547
2954,4.9938,1.1999,125.34,9.01,4.421
2955,4.9995,1.1906,125.39,10.72,4.371
2956,5.0258,1.2117,124.53,10.29,4.624
2957,5.0104,1.21,124.9,9.45,4.399
2958,4.961,1.1842,125.39,9.56,4.522
2959,5.0015,1.1978,124.93,10.67,4.572
2960,4.9682,1.1974,124.82,11.7,4.589
2961,4.9615,1.181,124.61,10.64,4.645
2962,4.9686,1.1824,125.37,9.99,4.388
2963,4.9958,1.1872,125.05,9.5,4.641
2964,5.0039,1.1993,125.27,8.43,4.423
2965,5.0183,1.192,125.27,10.59,4.585
2966,5.0317,1.2074,125.26,10.44,4.466
2967,4.9688,1.2154,125.12,9.52,4.64
2968,5.0191,1.2086,125.26,6.59,4.597
2969,5.036,1.1819,124.78,9.75,4.59
2970,4.9983,1.2182,124.82,10.45,4.572
2971,5.0052,1.1962,124.6,11.33,4.367
2972,4.9702,1.2109,125.33,11.07,4.42
2973,5.0072,1.1842,125.46,10.06,4.605
2974,5.0045,1.2039,125.38,8.74,4.509
2975,5.0229,1.2124,125.03,10.84,4.472
2976,4.9856,1.2052,125.13,8.32,4.505
2977,5.006,1.1844,124.9,8.95,4.462
2978,4.9978,1.1978,125.03,7.75,4.372
2979,5.0344,1.1989,125.31,11.74,4.357
2980,5.0208,1.2046,125.32,9.38,4.547
2981,4.9603,1.1873,125.1,8.35,4.553
2982,4.9751,1.1956,124.51,7.45,4.37
2983,4.989,1.1859,125.11,8.8,4.569
2984,4.9638,1.1907,124.58,7.78,4.535
2985,5.0398,1.1819,124.83,9.76,4.61
2986,5.0375,1.1873,125.16,7.54,4.419
2987,5.0247,1.1942,125.0,9.3,4.351
2988,5.0131,1.1805,124.69,8.04,4.428
2989,4.9822,1.2015,125.07,9.46,4.44
2990,5.0271,1.1806,124.97,10.32,4.48
2991,5.0215,1.1842,124.71,10.25,4.554
2992,5.0041,1.2092,125.42,11.28,4.506
2993,5.0345,1.2099,124.87,9.88,4.419
2994,5.0166,1.2146,124.59,9.36,4.377
2995,5.0356,1.2054,124.67,11.56,4.593
2996,4.9789,1.2016,125.21,9.4,4.365
2997,4.9961,1.2039,124.94,8.94,4.565
2998,4.9684,1.1979,125.41,10.28,4.56
2999,5.0016,1.205,125.44,9.63,4.531
3000,4.9686,1.1974,125.29,10.58,4.531
3001,4.9642,1.1907,125.14,9.3,4.459
3002,4.9724,1.2098,125.38,10.62,4.648
3003,4.995,1.216,125.12,9.78,4.601
3004,5.0076,1.2167,124.83,9.86,4.404
3005,4.9867,1.2083,124.54,10.84,4.445
3006,5.0284,1.1818,124.53,8.51,4.61
3007,5.0321,1.1898,125.18,8.6,4.457
3008,4.9761,1.1977,124.68,11.6,4.631
3009,5.0255,1.2083,124.68,8.46,4.626
3010,4.9723,1.2029,124.65,9.01,4.586
3011,4.9986,1.2185,125.25,9.89,4.458
3012,4.967,1.1865,124.73,10.74,4.523
3013,4.9872,1.216,124.91,10.29,4.379
3014,5.0128,1.2127,124.61,10.05,4.561
3015,4.9993,1.1863,124.86,11.58,4.359
3016,4.986,1.1902,125.35,10.4,4.602
3017,5.003,1.1855,125.13,8.47,4.392
3018,5.0065,1.2154,125.33,10.27,4.496
3019,4.9625,1.1892,125.09,9.88,4.543
3020,4.9882,1.1959,124.51,10.3,4.41
3021,4.971,1.2105,124.93,10.85,4.561
3022,4.9713,1.2105,124.96,9.51,4.358
3023,4.992,1.208,124.63,10.42,4.54
3024,4.9847,1.1827,124.55,11.29,4.635
3025,4.9917,1.201,124.51,7.11,4.595
3026,5.0149,1.1802,124.99,10.59,4.382
3027,5.0301,1.1854,125.01,9.75,4.449
3028,4.9769,1.1854,125.01,10.21,4.513
3029,5.0072,1.2195,124.76,9.25,4.522
3030,4.9937,1.217,124.94,10.98,4.489
3031,5.0349,1.209,125.35,9.64,4.35
3032,4.9947,1.1962,124.61,10.63,4.481
3033,5.013,1.2173,125.47,10.07,4.445
3034,4.9731,1.1878,124.8,11.14,4.642
3035,5.0254,1.2195,125.35,10.4,4.485
3036,4.9819,1.1913,124.56,9.8,4.554
3037,4.9738,1.211,124.85,10.14,4.523
3038,4.9811,1.2001,125.12,9.82,4.615
3039,5.0269,1.2174,124.71,8.9,4.63
3040,5.0287,1.2188,124.92,11.02,4.501
3041,4.9811,1.2057,125.17,10.94,4.521
3042,5.0276,1.198,125.28,10.24,4.362
3043,5.0053,1.2017,124.79,8.23,4.527
3044,5.0395,1.2019,124.51,11.97,4.631
3045,4.9674,1.2021,124.66,11.05,4.598
3046,5.0227,1.1951,124.98,10.41,4.494
3047,5.0024,1.209,124.72,7.5,4.528
3048,5.0227,1.2079,125.11,12.57,4.365
3049,4.973,1.1864,125.48,11.2,4.398
3050,5.0222,1.2168,125.47,8.5,4.527
3051,4.9856,1.2121,125.1,10.14,4.481
3052,5.0062,1.2089,124.56,10.28,4.524
3053,4.9961,1.2192,125.47,11.57,4.421
3054,5.0027,1.1979,125.4,8.31,4.555
3055,4.9864,1.199,125.05,10.74,4.391
3056,5.0098,1.1925,125.07,10.36,4.355
3057,5.0132,1.1894,124.51,10.95,4.649
3058,4.9801,1.2043,125.34,7.85,4.552
3059,5.0135,1.202,124.94,9.48,4.577
3060,5.0137,1.1902,124.85,8.46,4.464
3061,5.0198,1.213,124.53,9.59,4.503
3062,4.964,1.2175,124.71,11.43,4.481
3063,4.9938,1.1819,124.8,11.88,4.497
3064,4.994,1.1804,125.31,8.34,4.633
3065,4.9675,1.2133,124.99,10.04,4.554
3066,4.9802,1.1813,125.46,9.62,4.471
3067,4.9941,1.2164,124.98,10.07,4.587
3068,5.0353,1.2035,125.17,10.17,4.357
3069,5.0002,1.2085,124.75,8.65,4.636
3070,4.9948,1.1892,125.25,8.37,4.425
3071,4.9699,1.1895,125.49,10.22,4.382
3072,4.9772,1.1834,124.66,9.98,4.457
3073,4.9658,1.1968,124.7,12.57,4.555
3074,4.9928,1.2061,125.43,9.3,4.404
3075,5.0282,1.2045,125.25,10.8,4.353
3076,4.9915,1.2181,125.04,10.29,4.538
3077,5.0292,1.1985,124.93,8.64,4.554
3078,4.9709,1.2057,124.74,9.68,4.429
3079,5.0126,1.1897,125.16,10.02,4.351
3080,5.0065,1.2062,125.13,8.19,4.646
3081,5.0256,1.2029,125.39,11.41,4.63
3082,4.9921,1.1972,125.03,10.95,4.397
3083,5.0265,1.205,124.74,10.49,4.453
3084,4.9994,1.1968,124.9,8.12,4.363
3085,5.0256,1.2129,124.53,10.02,4.61
3086,4.9808,1.1888,125.34,10.24,4.482
3087,5.0275,1.1932,125.18,8.52,4.422
3088,4.9826,1.1813,124.61,9.38,4.612
3089,5.0118,1.1815,125.08,8.23,4.35
3090,4.9897,1.1819,125.48,10.05,4.5
3091,4.9638,1.2047,124.81,10.71,4.564
3092,4.9909,1.1844,125.41,10.38,4.626
3093,4.991,1.2034,125.16,10.3,4.622
3094,5.0392,1.2111,125.17,8.96,4.452
3095,4.9642,1.1936,124.57,8.48,4.372
3096,5.0276,1.1837,125.02,12.25,4.391
3097,4.9733,1.1814,125.31,12.34,4.637
3098,5.0038,1.2096,125.44,10.86,4.613
3099,4.9804,1.2083,124.71,9.87,4.492
3100,5.0078,1.2018,125.34,10.5,4.613
3101,5.0067,1.1923,124.82,10.54,4.414
3102,5.0043,1.1996,124.6,9.67,4.446
3103,5.038,1.2004,124.76,9.57,4.454
3104,5.0193,1.1879,125.47,9.72,4.419
3105,4.9859,1.2045,125.35,10.21,4.567
3106,4.9662,1.1846,125.31,10.3,4.516
3107,5.0077,1.1978,125.13,7.69,4.399
3108,4.99,1.1901,124.51,11.48,4.648
3109,4.9602,1.1844,124.66,12.36,4.393
3110,4.9718,1.2138,124.53,11.66,4.543
3111,5.015,1.2033,125.14,9.83,4.586
3112,4.9946,1.1929,125.33,9.01,4.472
3113,4.9856,1.2171,124.92,11.01,4.608
3114,4.9831,1.199,125.36,9.82,4.614
3115,5.0393,1.2129,124.6,9.69,4.615
3116,4.9826,1.2098,125.29,9.95,4.524
3117,5.0245,1.1943,124.88,11.39,4.362
3118,4.9698,1.1805,124.85,8.11,4.576
3119,5.0097,1.2028,125.12,10.51,4.499
3120,4.9836,1.1874,124.81,12.96,4.423
3121,4.9827,1.1966,125.2,10.81,4.39
3122,5.0329,1.1864,125.47,10.73,4.384
3123,4.9797,1.2059,124.68,9.03,4.523
3124,4.9823,1.1825,125.49,9.13,4.42
3125,5.0367,1.2077,124.82,8.41,4.621
3126,5.0363,1.2137,125.45,10.2,4.523
3127,4.9895,1.1958,124.54,10.73,4.539
3128,4.9942,1.204,124.7,10.86,4.583
3129,5.0377,1.1922,124.99,9.49,4.542
3130,5.0384,1.2041,125.06,8.86,4.457
3131,4.966,1.1942,125.1,8.66,4.457
3132,5.0272,1.1846,124.75,11.03,4.353
3133,5.0183,1.1918,124.81,12.48,4.632
3134,5.0069,1.1806,125.01,9.98,4.49
3135,5.0163,1.2137,125.39,9.86,4.392
3136,5.0331,1.2052,124.71,13.76,4.644
3137,4.9909,1.1879,125.24,10.63,4.358
3138,4.9841,1.2164,125.34,9.22,4.422
3139,4.9817,1.2184,124.77,9.43,4.43
3140,4.9813,1.2161,125.39,7.93,4.575
3141,5.0249,1.1831,124.63,10.58,4.361
3142,5.0318,1.2143,124.92,12.38,4.491
3143,4.9968,1.1828,124.63,11.71,4.588
3144,5.0124,1.1936,124.65,12.28,4.393
3145,5.004,1.1865,125.36,8.47,4.498
3146,4.9618,1.206,124.76,11.32,4.602
3147,4.9749,1.2147,125.16,10.59,4.47
3148,4.9663,1.2002,124.56,8.76,4.44
3149,4.9734,1.1968,125.4,8.64,4.365
3150,4.9725,1.1935,125.08,9.51,4.461
3151,4.9887,1.2194,124.97,11.69,4.432
3152,5.0022,1.2067,124.58,9.01,4.427
3153,5.0108,1.2183,125.14,9.8,4.354
3154,5.0188,1.1966,124.51,9.9,4.48
3155,4.9995,1.2038,125.34,7.93,4.385
3156,4.9809,1.197,125.05,9.48,4.418
3157,5.0016,1.2165,124.9,9.3,4.631
3158,5.0228,1.1898,124.61,10.54,4.618
3159,4.9656,1.1982,125.0,12.8,4.431
3160,4.9767,1.1848,125.15,7.61,4.532
3161,5.0291,1.1927,124.84,12.61,4.421
3162,4.9917,1.2128,125.19,10.44,4.416
3163,5.0308,1.194,125.06,12.64,4.523
3164,4.9779,1.2122,124.98,10.13,4.612
3165,5.036,1.186,124.99,8.36,4.61
3166,5.0034,1.2192,124.91,9.7,4.377
3167,4.961,1.2041,125.02,10.5,4.399
3168,5.004,1.1954,125.42,8.72,4.591
3169,4.9931,1.1813,124.53,10.2,4.519
3170,4.9854,1.2112,124.58,10.25,4.594
3171,5.0231,1.2017,124.72,9.63,4.567
3172,5.008,1.1992,125.06,11.75,4.627
3173,4.9967,1.1973,125.45,9.41,4.499
3174,5.0047,1.2104,125.49,8.17,4.615
3175,4.9784,1.1882,124.5,11.49,4.606
3176,5.0106,1.1935,124.8,8.99,4.535
3177,5.0007,1.1983,124.97,10.32,4.361
3178,5.0348,1.2181,124.55,8.07,4.372
3179,5.0173,1.2163,124.54,8.31,4.613
3180,4.9986,1.1871,124.69,11.23,4.445
3181,5.0391,1.2113,125.42,9.83,4.618
3182,4.9887,1.1889,124.64,10.07,4.49
3183,5.0353,1.207,124.61,10.58,4.519
3184,5.0344,1.2079,124.98,9.65,4.517
3185,4.9621,1.1975,125.38,9.48,4.627
3186,4.9792,1.198,125.43,8.01,4.394
3187,5.0118,1.182,125.02,9.22,4.447
3188,5.0039,1.2121,125.09,11.81,4.644
3189,5.0091,1.1838,125.08,12.98,4.598
3190,5.011,1.2056,125.44,10.91,4.443
3191,4.9854,1.2094,125.23,9.43,4.478
3192,5.0114,1.1936,124.76,9.1,4.393
3193,4.9617,1.204,124.99,8.23,4.583
3194,4.9605,1.2115,124.89,9.75,4.377
3195,4.9807,1.1866,125.02,9.77,4.604
3196,5.0115,1.1875,125.06,10.49,4.495
3197,5.0348,1.1928,124.57,9.09,4.382
3198,5.0243,1.1975,125.14,12.79,4.453
3199,5.0198,1.2188,125.09,9.36,4.471
3200,5.018,1.2122,125.17,8.7,4.486
3201,5.026,1.2068,125.35,7.49,4.591
3202,5.0301,1.2186,125.49,13.54,4.377
3203,4.9805,1.1971,124.9,11.93,4.633
3204,4.9618,1.1921,125.31,7.98,4.453
3205,4.9818,1.181,124.78,8.12,4.503
3206,4.9621,1.2188,124.79,8.43,4.396
3207,5.0216,1.1863,125.24,10.02,4.602
3208,5.0138,1.2085,124.77,10.31,4.602
3209,5.0262,1.2147,124.51,11.16,4.619
3210,5.0116,1.2175,125.35,9.33,4.477
3211,5.0078,1.1939,124.85,9.77,4.38
3212,5.0296,1.1955,125.27,8.8,4.424
3213,4.9894,1.2155,125.34,11.4,4.477
3214,5.002,1.2099,125.36,9.24,4.59
3215,4.9749,1.1987,125.07,8.19,4.579
3216,4.9947,1.2,124.9,7.51,4.494
3217,5.039,1.2067,124.92,10.53,4.574
3218,4.9769,1.2002,125.11,8.04,4.382
3219,5.0217,1.2128,125.4,10.02,4.543
3220,4.9841,1.1937,125.08,10.58,4.433
3221,4.9839,1.1828,124.83,11.61,4.61
3222,4.9663,1.1809,124.67,10.13,4.625
3223,5.0191,1.2013,124.63,9.64,4.516
3224,4.9686,1.1955,125.39,11.29,4.396
3225,5.0309,1.2082,125.37,9.57,4.369
3226,4.9708,1.2065,125.05,9.72,4.593
3227,5.0311,1.1954,124.95,9.9,4.502
3228,5.0042,1.19,125.3,11.61,4.46
3229,5.0335,1.186,125.02,10.71,4.566
3230,5.0139,1.1995,124.54,8.23,4.462
3231,4.9694,1.2122,124.6,10.58,4.437
3232,4.997,1.2089,125.41,11.22,4.37
3233,4.9922,1.2181,124.91,11.22,4.414
3234,4.992,1.1834,125.43,8.87,4.433
3235,4.9897,1.214,125.39,12.4,4.39
3236,5.0195,1.2119,124.51,10.1,4.475
3237,4.9916,1.2127,125.08,8.88,4.413
3238,4.9636,1.2068,125.1,10.09,4.577
3239,4.9836,1.2196,125.36,8.16,4.441
3240,4.98,1.2119,125.46,10.05,4.419
3241,5.0217,1.2172,124.93,10.33,4.545
3242,4.9709,1.2092,124.84,9.87,4.582
3243,4.9856,1.2033,124.6,10.51,4.375
3244,4.9648,1.212,125.27,9.67,4.412
3245,5.0132,1.2149,124.96,10.12,4.405
3246,5.0205,1.2084,124.6,6.33,4.373
3247,5.0007,1.1897,124.91,10.38,4.492
3248,5.0112,1.1953,125.0,8.39,4.434
3249,5.0134,1.186,124.55,9.19,4.617
3250,4.9613,1.2016,124.95,8.44,4.435
3251,5.0106,1.1976,125.43,11.15,4.447
3252,4.9914,1.1872,124.64,11.27,4.626
3253,4.9844,1.1956,125.24,9.34,4.577
3254,5.0285,1.2108,125.25,11.41,4.383
3255,4.9637,1.1935,125.26,10.48,4.622
3256,5.0325,1.1809,125.38,10.71,4.389
3257,5.0269,1.1826,125.13,9.22,4.587
3258,4.9655,1.2069,125.36,8.35,4.485
3259,5.0037,1.1946,125.2,11.44,4.586
3260,4.9983,1.1903,125.12,8.47,4.562
3261,4.964,1.2051,125.07,12.29,4.502
3262,5.0021,1.2135,125.05,10.22,4.366
3263,4.9874,1.209,124.5,9.85,4.558
3264,5.0361,1.2152,125.24,8.14,4.453
3265,4.9734,1.2135,125.43,9.74,4.497
3266,4.9973,1.2013,124.69,7.97,4.518
3267,4.9989,1.2056,124.67,9.11,4.452
3268,4.9882,1.2116,124.68,10.81,4.575
3269,5.0256,1.1886,125.18,10.4,4.393
3270,4.9627,1.1901,125.19,10.29,4.55
3271,4.9926,1.1932,124.76,10.01,4.499
3272,4.9656,1.1829,124.95,10.65,4.59
3273,5.0215,1.2007,124.8,10.5,4.416
3274,4.9736,1.1878,125.28,10.17,4.473
3275,5.0233,1.2067,124.92,11.8,4.477
3276,4.9983,1.1858,124.57,9.1,4.528
3277,4.9719,1.181,124.86,10.18,4.597
3278,4.9756,1.212,125.5,8.18,4.461
3279,5.013,1.2105,124.88,8.59,4.622
3280,4.9703,1.2049,125.19,10.68,4.582
3281,5.0213,1.2062,125.16,8.39,4.572
3282,5.0233,1.2014,125.47,8.47,4.463
3283,5.0376,1.2016,124.69,9.71,4.408
3284,5.0087,1.1919,124.7,9.5,4.556
3285,4.9684,1.2197,125.16,10.95,4.567
3286,4.9773,1.2157,124.63,10.03,4.569
3287,5.0075,1.2169,124.89,10.77,4.429
3288,4.9611,1.1978,125.13,10.36,4.438
3289,4.9767,1.1845,124.69,10.05,4.356
3290,4.9831,1.1803,124.84,10.47,4.41
3291,5.0276,1.2006,124.82,11.83,4.617
3292,4.9843,1.2121,125.26,9.67,4.409
3293,5.0122,1.209,124.64,11.79,4.394
3294,4.9686,1.1869,125.39,7.37,4.53
3295,4.9945,1.1807,124.71,9.81,4.56
3296,5.0335,1.2106,124.91,9.44,4.46
3297,5.0075,1.2003,125.31,11.14,4.631
3298,4.9827,1.2159,125.27,10.53,4.536
3299,4.9893,1.2097,124.76,9.3,4.577
3300,4.9643,1.1867,124.86,10.53,4.467
3301,5.0243,1.2167,124.96,8.45,4.485
3302,4.9773,1.1994,124.99,10.42,4.502
3303,5.0311,1.2001,125.21,8.85,4.474
3304,4.9919,1.2028,125.02,11.06,4.414
3305,4.9742,1.1873,124.98,11.16,4.632
3306,5.0363,1.2121,125.37,7.8,4.437
3307,4.9916,1.1832,124.99,7.82,4.593
3308,4.9732,1.1811,124.58,7.13,4.642
3309,5.0199,1.1824,124.89,9.35,4.636
3310,5.033,1.1872,125.49,10.83,4.58
3311,4.9798,1.1974,124.92,10.36,4.459
3312,5.0266,1.1973,125.09,8.89,4.366
3313,4.9863,1.1918,125.35,8.77,4.469
3314,4.9844,1.1848,124.5,9.24,4.482
3315,4.9827,1.2174,124.63,8.8,4.641
3316,4.9999,1.2014,125.2,7.07,4.586
3317,5.0188,1.1933,125.13,10.65,4.372
3318,4.9921,1.214,125.35,8.37,4.609
3319,4.9794,1.1949,124.68,11.25,4.477
3320,4.9853,1.2024,124.7,11.82,4.541
3321,4.999,1.1816,124.71,9.21,4.506
3322,4.9621,1.1893,125.08,9.12,4.355
3323,5.0163,1.1876,125.2,9.31,4.424
3324,4.972,1.1929,125.45,9.35,4.356
3325,5.0358,1.2178,124.85,9.7,4.481
3326,5.0185,1.1907,125.0,9.04,4.504
3327,5.0145,1.1925,124.6,10.18,4.477
3328,5.0013,1.2015,125.09,10.1,4.554
3329,5.0202,1.1877,125.15,10.59,4.393
3330,4.9905,1.1824,125.44,9.47,4.443
3331,4.9769,1.2081,125.21,10.15,4.596
3332,4.9616,1.1973,125.14,8.34,4.644
3333,5.0087,1.2123,125.49,12.19,4.566
3334,4.9906,1.2036,125.13,9.19,4.391
3335,4.964,1.2132,124.79,10.97,4.638
3336,5.0072,1.1994,125.14,8.02,4.47
3337,4.983,1.1919,125.14,9.17,4.46
3338,4.9609,1.1997,124.96,9.08,4.636
3339,5.0387,1.1908,124.55,10.12,4.542
3340,4.9931,1.2085,125.18,10.19,4.525
3341,4.9969,1.1867,125.35,10.14,4.478
3342,4.962,1.211,125.14,10.42,4.576
3343,4.967,1.1812,124.94,12.2,4.615
3344,4.9867,1.2083,124.53,9.54,4.543
3345,5.0092,1.1939,124.94,9.32,4.63
3346,4.998,1.1972,124.55,8.43,4.453
3347,5.0384,1.2011,124.69,9.59,4.359
3348,4.9964,1.2126,125.11,8.7,4.585
3349,5.0114,1.2164,124.54,10.75,4.443
3350,4.9945,1.2145,124.8,8.53,4.387
3351,4.9952,1.2021,124.81,10.63,4.469
3352,4.9644,1.1887,125.22,8.63,4.593
3353,5.0099,1.202,125.35,9.61,4.398
3354,4.9896,1.1827,124.78,10.86,4.533
3355,4.9682,1.1805,125.03,11.66,4.368
3356,5.003,1.2105,124.94,9.38,4.48
3357,4.9629,1.1896,124.9,9.5,4.624
3358,5.0134,1.2184,125.0,9.68,4.506
3359,4.9629,1.2024,125.32,9.56,4.412
3360,4.9804,1.2112,125.08,9.63,4.539
3361,5.0386,1.1946,124.85,10.04,4.618
3362,5.0212,1.206,124.94,11.72,4.424
3363,5.0292,1.1977,125.42,8.21,4.448
3364,5.0156,1.21,125.0,9.38,4.465
3365,5.0366,1.1856,125.0,10.73,4.435
3366,4.9703,1.1893,125.5,12.29,4.525
3367,5.017,1.1932,125.21,9.33,4.53
3368,4.9774,1.1817,125.42,9.18,4.42
3369,4.9876,1.1829,124.6,8.87,4.436
3370,5.0022,1.1858,125.25,7.15,4.647
3371,5.0143,1.2145,125.02,9.83,4.383
3372,4.9698,1.2186,124.57,10.59,4.511
3373,5.0353,1.1943,124.61,10.49,4.52
3374,5.0204,1.2063,124.88,8.14,4.613
3375,5.0116,1.2035,124.7,9.84,4.475
3376,5.012,1.1809,125.31,9.33,4.397
3377,4.9612,1.2095,124.74,8.89,4.617
3378,5.0391,1.2016,125.48,9.39,4.458
3379,5.014,1.1804,125.47,11.18,4.59
3380,5.0038,1.2001,124.91,9.39,4.454
3381,4.9927,1.2003,124.99,8.43,4.421
3382,4.9684,1.2071,125.03,8.06,4.518
3383,4.9819,1.2193,124.78,12.46,4.554
3384,4.9659,1.212,124.99,11.04,4.646
3385,5.0306,1.1888,124.98,11.6,4.646
3386,5.036,1.2189,124.97,9.0,4.577
3387,5.0383,1.1979,124.85,10.07,4.547
3388,4.9924,1.1836,125.34,10.18,4.589
3389,4.9848,1.1872,124.59,9.92,4.549
3390,4.9803,1.1889,124.53,9.69,4.417
3391,5.0363,1.207,124.93,8.25,4.596
3392,4.9977,1.2067,125.2,11.15,4.583
3393,5.0328,1.1845,125.25,8.45,4.437
3394,4.9743,1.2094,124.62,9.67,4.555
3395,5.0156,1.1958,124.98,11.83,4.488
3396,5.004,1.1957,125.31,11.19,4.424
3397,4.973,1.1861,125.11,10.59,4.563
3398,5.0004,1.1988,124.8,9.47,4.373
3399,5.0361,1.184,124.54,9.94,4.429
3400,5.0245,1.2069,124.71,10.98,4.433
3401,5.0265,1.2038,125.43,12.43,4.592
3402,5.0279,1.1854,125.28,9.36,4.471
3403,5.0052,1.2141,124.83,9.23,4.458
3404,5.0195,1.2016,125.19,11.34,4.356
3405,4.9786,1.2168,125.1,10.84,4.557
3406,5.0233,1.1881,125.22,9.97,4.586
3407,4.9855,1.1893,125.46,11.31,4.62
3408,5.0229,1.1908,124.84,9.15,4.614
3409,5.0297,1.2176,125.04,8.25,4.44
3410,4.9941,1.199,124.9,8.89,4.589
3411,5.0111,1.1875,124.6,10.21,4.639
3412,5.0224,1.2126,124.62,9.7,4.53
3413,4.965,1.1906,124.73,9.12,4.423
3414,5.0317,1.1858,125.39,10.87,4.443
3415,4.9998,1.2096,125.01,8.1,4.382
3416,4.9939,1.1937,124.7,9.67,4.555
3417,5.0101,1.2095,125.02,9.46,4.597
3418,4.9878,1.1905,124.85,11.97,4.499
3419,5.0093,1.1828,124.62,8.97,4.522
3420,4.9734,1.1805,124.93,10.85,4.537
3421,5.0083,1.1913,125.31,11.54,4.579
3422,4.9915,1.2198,125.32,8.67,4.351
3423,4.989,1.2116,124.62,10.23,4.36
3424,5.0142,1.2019,125.34,12.05,4.507
3425,5.0281,1.1893,125.46,11.92,4.585
3426,4.9963,1.1872,124.96,8.42,4.523
3427,5.0151,1.1943,124.54,11.17,4.634
3428,5.0283,1.2098,124.53,7.67,4.375
3429,5.0029,1.213,124.65,9.78,4.392
3430,5.0046,1.1818,124.57,10.7,4.52
3431,4.9982,1.1987,125.34,9.06,4.54
3432,4.9915,1.2069,125.37,8.22,4.552
3433,4.9845,1.1891,125.06,10.38,4.445
3434,4.9657,1.2158,124.78,11.93,4.489
3435,5.0064,1.1841,124.94,7.03,4.574
3436,4.9991,1.1913,124.78,10.4,4.375
3437,4.9723,1.1934,125.21,10.64,4.604
3438,5.0099,1.1906,124.61,10.92,4.492
3439,4.9868,1.1923,125.48,10.59,4.569
3440,4.9945,1.2096,125.14,10.63,4.602
3441,4.9668,1.2053,125.1,10.14,4.569
3442,5.0068,1.2189,125.01,11.06,4.611
3443,5.0029,1.2161,124.89,11.56,4.57
3444,5.0385,1.1931,125.27,11.61,4.638
3445,5.0209,1.1809,125.13,9.95,4.454
3446,4.9886,1.196,124.65,10.59,4.489
3447,4.9889,1.2052,124.98,10.26,4.463
3448,4.9731,1.1991,124.62,11.44,4.548
3449,4.9779,1.2163,124.59,10.45,4.404
3450,5.0276,1.2069,125.46,8.69,4.603
3451,4.9629,1.187,124.86,10.62,4.372
3452,5.0263,1.1847,124.73,10.79,4.607
3453,5.0317,1.1931,124.78,8.32,4.454
3454,5.0038,1.183,125.08,9.92,4.38
3455,5.0249,1.1818,124.76,9.71,4.392
3456,5.0216,1.2072,125.1,9.73,4.474
3457,4.9896,1.1951,125.44,9.75,4.638
3458,4.9789,1.185,124.66,9.79,4.497
3459,5.038,1.1935,125.11,10.44,4.392
3460,4.9994,1.1803,125.35,10.97,4.436
3461,5.0383,1.1804,124.58,8.88,4.504
3462,5.0029,1.2163,124.89,10.09,4.573
3463,5.0048,1.1828,124.73,10.51,4.59
3464,4.9734,1.187,125.3,11.5,4.588
3465,5.0357,1.2037,125.4,11.9,4.438
3466,4.971,1.1808,125.09,8.81,4.58
3467,4.9961,1.2149,125.18,11.19,4.369
3468,4.9704,1.1807,125.37,8.79,4.615
3469,4.9931,1.2093,125.46,8.63,4.454
3470,5.0012,1.191,125.48,10.99,4.484
3471,5.0033,1.1944,125.12,8.36,4.571
3472,5.0191,1.1889,124.5,9.14,4.493
3473,5.0235,1.2029,125.21,7.87,4.64
3474,5.0034,1.1993,124.83,8.98,4.561
3475,5.0351,1.2181,124.61,8.36,4.409
3476,4.9667,1.1814,124.51,13.14,4.356
3477,4.9781,1.1939,124.97,11.16,4.507
3478,5.0241,1.1828,124.66,12.97,4.365
3479,5.0204,1.1904,125.01,8.55,4.47
3480,5.0277,1.2146,125.48,8.66,4.372
3481,5.0054,1.1894,125.45,11.67,4.422
3482,4.9601,1.2178,124.72,9.51,4.395
3483,4.9821,1.2169,124.58,7.29,4.408
3484,5.0225,1.213,124.69,8.77,4.48
3485,5.0104,1.2199,124.87,9.33,4.545
3486,4.9789,1.2176,124.58,9.14,4.369
3487,5.0156,1.2191,125.25,10.14,4.395
3488,4.9747,1.2023,125.24,9.72,4.351
3489,4.963,1.214,125.13,8.2,4.442
3490,4.96,1.2169,125.02,8.54,4.497
3491,4.9845,1.1973,125.07,8.05,4.65
3492,4.9916,1.1973,125.41,8.67,4.535
3493,5.0261,1.2059,124.94,9.86,4.374
3494,5.022,1.1841,124.78,11.99,4.392
3495,4.9913,1.1857,125.39,6.79,4.47
3496,5.0292,1.213,124.91,10.9,4.463
3497,4.9619,1.2132,124.51,8.67,4.381
3498,5.0253,1.1968,125.47,8.72,4.458
3499,4.9653,1.213,124.84,9.83,4.492
3500,5.0234,1.1847,124.82,11.32,4.642
3501,4.994,1.1977,124.85,9.92,4.437
3502,5.0378,1.198,124.84,10.17,4.375
3503,4.9628,1.1998,124.83,9.51,4.428
3504,5.004,1.2027,124.88,8.81,4.517
3505,4.9995,1.2181,124.96,10.92,4.53
3506,4.9751,1.1802,124.51,9.61,4.368
3507,4.9651,1.2052,124.74,10.13,4.479
3508,4.9748,1.1983,125.17,9.18,4.565
3509,5.0272,1.1844,124.71,8.73,4.376
3510,4.976,1.1998,125.12,10.87,4.51
3511,4.9733,1.2005,125.01,10.08,4.527
3512,4.9703,1.2189,125.47,10.51,4.411
3513,4.9738,1.1902,124.91,10.65,4.352
3514,5.0032,1.2089,124.95,8.6,4.387
3515,5.0291,1.2116,124.74,11.23,4.513
3516,5.0368,1.2127,125.27,9.36,4.379
3517,4.9652,1.1805,124.62,10.86,4.415
3518,5.0069,1.1897,125.17,11.31,4.386
3519,5.0122,1.2082,125.02,9.75,4.437
3520,5.0207,1.1993,125.39,8.78,4.583
3521,4.974,1.1976,125.36,10.79,4.605
3522,4.9741,1.2004,125.39,9.47,4.636
3523,4.9629,1.2023,124.93,7.96,4.638
3524,5.0066,1.1859,124.9,8.02,4.417
3525,5.0275,1.1865,125.06,9.43,4.385
3526,5.0318,1.2123,124.65,9.89,4.386
3527,4.9657,1.2055,125.39,11.09,4.356
3528,5.0245,1.1873,125.18,9.56,4.647
3529,4.9682,1.1987,125.46,11.14,4.53
3530,5.0157,1.1955,125.29,11.3,4.574
3531,5.0075,1.2001,124.65,10.73,4.392
3532,5.0193,1.2069,124.69,10.62,4.542
3533,4.9811,1.2001,124.68,13.69,4.499
3534,4.9648,1.1893,125.39,10.2,4.648
3535,5.0263,1.1876,124.75,10.48,4.61
3536,5.0157,1.1984,124.67,11.67,4.578
3537,4.9902,1.2076,124.54,9.96,4.501
3538,5.0235,1.2006,124.86,9.77,4.372
3539,5.001,1.2074,125.14,11.36,4.408
3540,4.979,1.2133,124.8,10.1,4.418
3541,5.0023,1.1985,124.76,10.29,4.411
3542,5.0289,1.1887,125.2,11.51,4.609
3543,5.0156,1.2143,125.17,9.76,4.424
3544,4.978,1.2083,124.68,9.78,4.458
3545,4.9674,1.2019,125.5,9.95,4.589
3546,4.9692,1.1841,125.43,10.56,4.362
3547,4.9911,1.1942,124.51,11.03,4.477
3548,4.9861,1.2053,124.78,11.15,4.628
3549,5.0326,1.2003,124.88,11.12,4.437
3550,4.9678,1.2019,125.38,10.93,4.465
3551,4.9683,1.2028,125.41,10.42,4.508
3552,5.0382,1.2031,124.68,6.87,4.497
3553,4.9801,1.1863,125.17,10.13,4.359
3554,5.0095,1.1936,125.1,11.57,4.5
3555,5.002,1.1944,125.19,8.75,4.572
3556,5.0089,1.1898,124.96,9.67,4.41
3557,4.9763,1.2183,124.99,10.57,4.406
3558,4.9896,1.1812,125.35,7.57,4.364
3559,5.0228,1.2121,124.89,8.53,4.454
3560,4.9602,1.2129,125.39,10.16,4.558
3561,4.9608,1.2041,125.28,9.48,4.458
3562,5.0301,1.1883,124.95,8.31,4.474
3563,5.034,1.197,125.16,8.98,4.596
3564,5.0131,1.1971,125.31,9.09,4.398
3565,5.0009,1.1958,124.85,9.44,4.399
3566,5.0023,1.2063,124.82,8.66,4.505
3567,4.9872,1.2064,124.53,9.41,4.477
3568,5.0021,1.1813,125.18,10.84,4.401
3569,4.9823,1.2063,125.24,9.04,4.477
3570,4.9737,1.214,124.68,11.45,4.575
3571,5.03,1.2018,125.25,9.93,4.396
3572,4.9978,1.2162,125.42,8.36,4.63
3573,5.0261,1.2004,124.96,10.58,4.53
3574,4.9851,1.2105,125.31,9.51,4.477
3575,5.0075,1.1928,125.0,7.73,4.602
3576,4.9977,1.1995,124.64,11.7,4.422
3577,5.0327,1.2003,124.79,11.21,4.576
3578,4.9992,1.2008,124.63,9.43,4.437
3579,4.9673,1.1858,124.82,10.05,4.452
3580,4.9731,1.2193,125.42,9.9,4.607
3581,4.9749,1.1862,124.59,11.47,4.363
3582,5.0264,1.2033,125.35,8.31,4.56
3583,5.0292,1.2115,124.73,9.29,4.408
3584,5.0315,1.2063,125.08,10.01,4.587
3585,5.0312,1.207,125.03,10.4,4.434
3586,4.9743,1.192,125.07,10.84,4.471
3587,5.0351,1.2099,124.89,11.69,4.468
3588,4.9992,1.2047,124.74,8.97,4.393
3589,4.9821,1.2114,125.15,9.32,4.623
3590,5.0308,1.2172,125.36,10.94,4.523
3591,5.0141,1.196,124.92,8.89,4.385
3592,4.9652,1.1999,125.4,10.53,4.502
3593,5.003,1.21,125.46,9.9,4.405
3594,5.0339,1.1985,124.84,10.5,4.516
3595,4.9869,1.1912,124.9,9.97,4.383
3596,5.0049,1.207,124.76,9.0,4.567
3597,5.0268,1.2119,125.26,9.98,4.482
3598,5.014,1.1815,125.28,7.94,4.437
3599,4.9855,1.1861,124.91,11.83,4.49
3600,4.9798,1.2006,125.04,12.44,4.379
3601,5.0302,1.1884,124.91,10.7,4.36
3602,4.9857,1.2161,125.39,11.16,4.475
3603,4.9853,1.2127,125.07,8.26,4.385
3604,5.0177,1.2049,124.86,9.13,4.358
3605,5.026,1.2019,124.61,10.8,4.592
3606,4.9878,1.1949,125.16,12.59,4.504
3607,4.9784,1.1816,124.96,9.03,4.582
3608,5.0322,1.2078,124.73,10.96,4.612
3609,5.0052,1.2117,124.67,10.77,4.594
3610,5.0149,1.2056,124.96,11.37,4.541
3611,4.9707,1.1965,124.7,11.04,4.377
3612,4.9987,1.1813,124.67,10.14,4.379
3613,4.9933,1.2081,124.82,10.17,4.357
3614,5.0337,1.2153,125.41,11.35,4.466
3615,4.9664,1.2046,124.75,9.23,4.476
3616,4.9649,1.1963,124.96,10.51,4.548
3617,4.9924,1.1969,125.06,11.0,4.643
3618,5.0383,1.2172,124.72,9.28,4.558
3619,5.0108,1.1992,124.66,11.05,4.357
3620,4.9816,1.1949,125.17,9.55,4.478
3621,5.005,1.1919,124.59,9.62,4.445
3622,5.0053,1.1894,125.33,10.75,4.556
3623,4.9713,1.2086,125.09,13.17,4.483
3624,4.9714,1.1967,124.68,11.3,4.367
3625,5.04,1.2148,124.7,9.58,4.629
3626,5.0279,1.1841,125.22,10.93,4.492
3627,4.972,1.2149,125.21,11.85,4.627
3628,5.0237,1.1847,125.48,10.13,4.472
3629,5.0198,1.1893,124.68,9.59,4.566
3630,4.9802,1.1952,125.3,8.0,4.444
3631,4.9987,1.2103,125.08,10.82,4.501
3632,5.0395,1.1826,124.75,8.09,4.599
3633,4.9776,1.1979,125.22,8.03,4.622
3634,4.9643,1.2102,124.94,9.86,4.646
3635,5.028,1.2173,124.5,9.03,4.391
3636,5.0148,1.219,125.38,8.78,4.367
3637,4.9997,1.2161,125.07,10.47,4.577
3638,4.9873,1.1814,124.53,9.76,4.391
3639,4.9932,1.1935,124.74,8.62,4.577
3640,4.976,1.2079,125.09,11.29,4.466
3641,4.973,1.181,124.95,9.1,4.61
3642,5.0184,1.2095,124.92,7.95,4.547
3643,5.0046,1.1999,125.32,9.61,4.499
3644,5.0147,1.2075,124.55,8.64,4.561
3645,4.9816,1.2138,124.96,10.41,4.426
3646,4.9954,1.2124,125.22,10.25,4.581
3647,5.0256,1.2053,125.27,9.57,4.539
3648,5.0077,1.1843,125.49,10.4,4.41
3649,4.9996,1.1802,125.47,9.25,4.362
3650,5.0002,1.2092,124.77,8.94,4.366
3651,4.9926,1.2173,125.02,10.6,4.442
3652,5.0287,1.2019,125.26,11.54,4.619
3653,5.0327,1.1848,125.47,10.74,4.499
3654,5.0154,1.2099,125.3,7.6,4.53
3655,5.0188,1.1973,125.42,7.74,4.522
3656,4.9637,1.2088,125.08,11.69,4.45
3657,5.036,1.2012,125.25,9.4,4.583
3658,5.0148,1.1991,124.92,9.41,4.351
3659,4.9893,1.192,125.23,10.85,4.383
3660,4.9805,1.1853,124.79,10.01,4.544
3661,5.0254,1.1884,125.3,11.59,4.62
3662,5.0289,1.1903,124.94,12.84,4.409
3663,4.9995,1.2188,124.92,12.28,4.539
3664,5.0323,1.1917,125.38,9.51,4.539
3665,4.9926,1.2019,125.25,9.42,4.358
3666,5.0285,1.2097,125.12,10.2,4.542
3667,4.9759,1.2106,125.4,10.1,4.523
3668,5.0179,1.1845,124.97,10.35,4.351
3669,5.033,1.199,125.5,12.32,4.496
3670,5.0251,1.2185,125.42,8.78,4.614
3671,4.976,1.207,125.35,10.55,4.598
3672,4.9991,1.1976,125.14,11.65,4.538
3673,5.0214,1.2138,125.48,9.05,4.391
3674,4.9806,1.2027,125.23,8.64,4.617
3675,4.9941,1.1928,125.23,11.19,4.58
3676,5.0216,1.2088,124.66,10.44,4.436
3677,5.0204,1.186,124.58,7.29,4.37
3678,5.004,1.2126,124.56,11.84,4.603
3679,4.9894,1.205,124.52,10.52,4.458
3680,4.9817,1.2096,125.48,9.27,4.471
3681,4.9857,1.2121,124.67,8.25,4.576
3682,4.9783,1.1953,125.05,11.46,4.627
3683,5.0144,1.1848,125.07,9.86,4.434
3684,5.0193,1.1915,125.49,11.34,4.377
3685,4.9624,1.2172,124.65,8.37,4.493
3686,5.0323,1.1955,124.71,11.2,4.592
3687,4.9912,1.1843,125.19,11.51,4.572
3688,4.9946,1.1999,124.79,11.88,4.423
3689,4.9707,1.2008,124.73,8.59,4.472
3690,4.9636,1.2038,125.49,10.01,4.572
3691,5.0224,1.1907,124.88,10.95,4.392
3692,4.9637,1.182,125.25,9.14,4.465
3693,5.0221,1.2027,125.46,9.63,4.595
3694,4.9976,1.1969,124.86,7.04,4.428
3695,5.0174,1.1967,125.13,9.45,4.476
3696,4.9628,1.2164,124.51,8.76,4.386
3697,5.0294,1.1909,125.0,9.31,4.642
3698,4.9903,1.1945,124.63,10.45,4.595
3699,5.0063,1.1853,124.81,10.98,4.44
3700,4.9891,1.2043,124.8,9.75,4.508
3701,5.0381,1.2055,124.94,11.9,4.395
3702,4.9639,1.2055,125.06,8.74,4.619
3703,4.962,1.2043,124.67,9.85,4.422
3704,4.9633,1.1833,125.36,11.13,4.507
3705,4.9689,1.2115,124.58,11.19,4.352
3706,5.028,1.1831,124.74,10.73,4.616
3707,4.9691,1.1852,125.01,9.04,4.463
3708,4.9713,1.2073,125.41,10.46,4.609
3709,4.97,1.1933,125.01,8.04,4.58
3710,5.01,1.2126,125.07,11.63,4.611
3711,5.0126,1.2035,125.08,10.97,4.518
3712,4.971,1.1852,124.59,11.36,4.351
3713,5.0066,1.1887,125.29,9.17,4.504
3714,5.0217,1.2076,125.17,9.67,4.563
3715,4.962,1.1841,124.71,11.68,4.535
3716,5.0258,1.1963,124.62,9.73,4.466
3717,5.0194,1.2175,124.76,9.6,4.544
3718,4.976,1.189,125.22,10.82,4.429
3719,4.9638,1.2144,125.05,8.47,4.613
3720,4.973,1.1956,125.07,11.14,4.5
3721,4.9928,1.211,125.1,10.49,4.45
3722,5.0262,1.1811,125.36,9.48,4.388
3723,4.9844,1.2167,125.15,11.55,4.46
3724,4.9796,1.193,125.05,9.73,4.463
3725,4.9727,1.2137,124.78,11.39,4.481
3726,4.9879,1.202,125.22,12.55,4.376
3727,5.0014,1.1923,124.71,9.07,4.649
3728,4.9674,1.2114,124.65,9.2,4.436
3729,4.9818,1.1831,125.24,9.08,4.503
3730,5.0213,1.1881,125.01,8.81,4.537
3731,4.9783,1.1888,125.41,12.4,4.582
3732,4.9724,1.1805,124.92,10.26,4.525
3733,5.0349,1.1857,124.92,9.28,4.441
3734,4.9606,1.2132,124.53,8.24,4.477
3735,5.0016,1.1824,125.17,9.55,4.554
3736,4.9741,1.1808,125.13,8.48,4.455
3737,4.9778,1.2064,124.67,9.88,4.615
3738,4.9608,1.2139,125.24,8.75,4.627
3739,5.0252,1.2075,125.14,9.55,4.403
3740,5.0206,1.1861,124.62,10.18,4.401
3741,5.0362,1.1889,125.05,10.55,4.447
3742,4.9766,1.1881,125.45,10.38,4.452
3743,4.9914,1.1809,125.29,11.04,4.48
3744,4.9773,1.1815,124.51,9.01,4.586
3745,5.0382,1.1941,125.3,6.89,4.544
3746,5.0002,1.1927,125.29,9.96,4.475
3747,5.009,1.1808,125.43,7.47,4.647
3748,5.0188,1.1899,125.2,10.17,4.478
3749,4.9871,1.2159,124.8,8.56,4.396
3750,4.9824,1.2,124.61,11.13,4.406
3751,5.0013,1.209,124.79,10.98,4.563
3752,4.9674,1.1949,125.24,8.85,4.439
3753,5.0313,1.2026,124.58,9.28,4.535
3754,4.9862,1.1875,125.22,9.77,4.366
3755,5.0386,1.1862,124.64,9.97,4.401
3756,4.9609,1.2057,124.88,10.79,4.393
3757,4.9966,1.186,125.11,10.39,4.548
3758,5.0099,1.1923,125.11,8.97,4.406
3759,5.0287,1.1819,125.18,12.01,4.583
3760,4.9673,1.1936,125.36,8.67,4.378
3761,5.0372,1.2134,125.34,10.61,4.405
3762,4.971,1.2129,124.69,11.93,4.369
3763,5.0238,1.1815,124.74,11.12,4.536
3764,5.0388,1.2007,124.71,11.75,4.513
3765,5.0024,1.187,125.11,10.67,4.549
3766,5.0202,1.2071,125.28,9.9,4.63
3767,4.995,1.2137,124.68,10.15,4.474
3768,4.9711,1.1893,125.27,9.63,4.579
3769,4.9689,1.1989,125.41,10.39,4.551
3770,5.0032,1.2107,124.78,10.45,4.409
3771,4.967,1.1946,125.41,10.12,4.529
3772,5.0297,1.184,124.8,7.6,4.579
3773,5.0278,1.2095,124.62,11.93,4.385
3774,5.0086,1.2111,124.55,10.27,4.503
3775,4.9746,1.1872,125.04,10.05,4.587
3776,5.0127,1.1834,124.53,10.0,4.468
3777,4.9908,1.2139,125.48,10.01,4.429
3778,4.9878,1.2156,124.8,9.07,4.561
3779,4.9614,1.2023,125.19,9.01,4.578
3780,5.0338,1.2039,125.31,10.41,4.56
3781,4.9777,1.1902,125.14,11.86,4.386
3782,5.0309,1.1976,124.78,12.3,4.376
3783,5.0165,1.207,125.12,9.87,4.639
3784,4.9813,1.2095,124.71,13.03,4.514
3785,5.0145,1.2062,124.97,9.78,4.548
3786,5.0104,1.1802,125.39,9.19,4.62
3787,4.9776,1.2097,124.6,10.84,4.519
3788,4.9603,1.1847,125.06,9.6,4.49
3789,4.9985,1.199,124.55,10.49,4.362
3790,4.9865,1.1856,124.69,10.1,4.39
3791,4.9754,1.2164,125.47,8.61,4.579
3792,5.0112,1.1954,125.26,9.27,4.577
3793,4.9854,1.1929,125.24,11.3,4.602
3794,5.0304,1.1951,125.44,8.94,4.385
3795,4.9868,1.1958,125.15,10.84,4.485
3796,5.0014,1.2169,124.54,10.46,4.637
3797,5.022,1.2197,124.92,9.28,4.565
3798,5.0007,1.2124,125.15,10.24,4.414
3799,4.9859,1.2182,125.34,10.28,4.454
3800,4.9648,1.2097,125.14,12.18,4.377
3801,4.9906,1.1882,125.26,10.81,4.501
3802,5.0147,1.2102,124.52,9.17,4.38
3803,5.0106,1.2016,124.54,11.82,4.412
3804,5.021,1.2037,125.27,13.0,4.623
3805,4.9976,1.2109,124.95,9.93,4.369
3806,5.0165,1.1944,125.06,9.66,4.379
3807,5.0104,1.1867,125.36,10.26,4.614
3808,4.9925,1.2137,125.07,9.21,4.522
3809,5.0055,1.1831,125.22,9.93,4.639
3810,5.0043,1.2112,125.23,11.67,4.492
3811,4.9976,1.1959,125.25,9.71,4.392
3812,5.0072,1.1855,125.28,12.16,4.475
3813,4.9843,1.2117,125.3,10.22,4.43
3814,4.973,1.2118,125.27,10.76,4.601
3815,5.0279,1.2105,125.24,9.7,4.564
3816,4.9642,1.2114,125.25,10.02,4.356
3817,4.9801,1.1929,124.61,11.31,4.4
3818,4.9793,1.218,125.45,8.0,4.569
3819,4.9633,1.2018,124.7,8.64,4.407
3820,4.9692,1.1912,124.84,9.22,4.591
3821,4.9775,1.2068,124.88,9.13,4.485
3822,5.0246,1.2132,125.25,9.61,4.578
3823,5.0223,1.2026,125.4,8.97,4.575
3824,4.9776,1.1995,124.63,10.66,4.525
3825,5.0122,1.1889,124.53,9.1,4.388
3826,4.9768,1.1956,125.06,10.12,4.459
3827,5.0037,1.1808,124.62,10.23,4.438
3828,4.9923,1.2029,125.07,10.4,4.544
3829,4.9674,1.2038,124.82,10.21,4.462
3830,4.9706,1.2186,124.73,8.6,4.579
3831,5.0383,1.1991,124.5,9.67,4.471
3832,4.9705,1.2172,125.24,10.66,4.354
3833,5.0075,1.1999,125.4,8.95,4.388
3834,4.9763,1.1928,125.44,7.88,4.565
3835,4.9791,1.2076,124.79,9.73,4.443
3836,4.9688,1.1814,125.4,11.05,4.414
3837,5.0351,1.2191,124.93,9.65,4.456
3838,5.0163,1.2159,125.28,10.37,4.591
3839,5.0058,1.1979,124.87,9.12,4.594
3840,5.0264,1.2154,125.16,6.86,4.5
3841,4.9602,1.1806,125.07,9.61,4.546
3842,4.9613,1.1881,125.48,10.7,4.548
3843,4.9623,1.1831,124.6,11.29,4.58
3844,4.9952,1.186,124.8,11.31,4.571
3845,4.9747,1.2146,124.81,10.82,4.593
3846,5.0182,1.1852,125.13,10.88,4.567
3847,4.967,1.2087,124.68,10.3,4.381
3848,4.99,1.2029,125.25,11.52,4.624
3849,4.9649,1.1981,125.28,10.39,4.493
3850,4.9819,1.2187,124.52,10.06,4.609
3851,5.0236,1.1855,124.94,9.03,4.416
3852,4.9688,1.184,125.23,10.57,4.51
3853,5.0123,1.1925,124.73,9.75,4.641
3854,5.0075,1.1833,124.83,10.56,4.4
3855,5.0393,1.2023,124.68,9.69,4.505
3856,5.0101,1.2033,124.63,10.1,4.439
3857,5.0004,1.2176,125.27,9.32,4.551
3858,5.0225,1.1849,124.71,9.9,4.486
3859,4.9902,1.1985,124.54,10.38,4.526
3860,5.0081,1.189,124.72,9.36,4.461
3861,5.0355,1.1975,125.2,8.86,4.446
3862,4.9602,1.1846,124.91,10.79,4.387
3863,4.9876,1.1999,124.74,7.89,4.553
3864,5.015,1.1966,124.62,9.73,4.634
3865,5.0355,1.2174,125.16,9.66,4.429
3866,4.977,1.2044,125.05,9.33,4.541
3867,4.9792,1.2105,124.89,10.52,4.516
3868,5.0271,1.1862,125.24,8.6,4.429
3869,4.9633,1.1819,125.44,11.03,4.467
3870,5.0088,1.2046,125.16,9.72,4.636
3871,5.0061,1.1906,124.57,10.93,4.366
3872,4.9872,1.2094,124.6,11.3,4.595
3873,4.9901,1.1927,124.7,9.12,4.405
3874,5.0002,1.2142,124.76,9.23,4.596
3875,5.0287,1.1828,125.17,9.36,4.501
3876,4.9758,1.1937,125.08,10.17,4.589
3877,5.0277,1.1948,124.56,11.49,4.607
3878,4.9635,1.1911,125.12,9.15,4.43
3879,5.0302,1.2013,124.97,11.87,4.546
3880,4.9902,1.1801,124.68,10.03,4.622
3881,4.9816,1.2097,124.56,10.59,4.424
3882,5.0047,1.1922,125.49,9.19,4.649
3883,5.0117,1.197,124.5,9.42,4.353
3884,4.9887,1.2113,125.21,9.4,4.554
3885,5.0371,1.2166,124.92,11.83,4.625
3886,5.0053,1.215,125.32,10.18,4.418
3887,5.0144,1.2031,124.97,10.56,4.573
3888,5.0048,1.1812,124.77,9.51,4.457
3889,4.9742,1.1892,124.71,11.82,4.531
3890,5.0278,1.188,125.3,10.49,4.423
3891,4.9878,1.1998,125.28,10.71,4.601
3892,4.9706,1.1927,125.36,10.9,4.503
3893,4.986,1.1997,125.12,9.09,4.358
3894,5.0156,1.1833,125.29,9.73,4.553
3895,4.9873,1.2152,124.66,10.77,4.44
3896,5.0346,1.194,125.13,8.39,4.492
3897,5.0274,1.21,124.54,9.99,4.367
3898,4.9874,1.2171,125.18,10.57,4.603
3899,5.0077,1.1932,124.94,10.51,4.351
3900,5.0154,1.2094,125.1,6.85,4.556
3901,5.031,1.1913,125.41,9.96,4.606
3902,4.9679,1.1865,124.52,10.69,4.643
3903,4.9823,1.2103,125.16,12.85,4.447
3904,4.9951,1.213,125.18,9.01,4.446
3905,4.9854,1.2126,125.33,12.51,4.611
3906,4.965,1.1947,124.64,10.25,4.585
3907,5.0297,1.2057,125.42,9.62,4.636
3908,5.0147,1.1916,124.52,10.22,4.374
3909,4.9811,1.1852,124.73,10.8,4.455
3910,5.0098,1.2181,125.2,9.29,4.631
3911,4.9741,1.2191,124.7,10.89,4.494
3912,4.9735,1.2163,125.12,10.41,4.526
3913,4.9767,1.1868,125.34,10.0,4.465
3914,5.024,1.1806,125.31,9.32,4.54
3915,5.0041,1.2026,124.6,10.09,4.519
3916,5.0202,1.2054,125.06,9.28,4.65
3917,4.9943,1.2084,124.66,10.6,4.65
3918,4.9821,1.213,125.3,8.98,4.432
3919,4.963,1.2076,124.84,12.12,4.612
3920,5.009,1.2059,125.15,9.71,4.385
3921,4.9793,1.1971,125.46,10.41,4.601
3922,4.9888,1.1939,124.84,9.38,4.426
3923,5.0354,1.1885,124.67,8.87,4.559
3924,5.0334,1.1817,125.18,10.14,4.391
3925,5.0321,1.2162,124.97,8.22,4.515
3926,5.0005,1.1801,125.32,10.58,4.479
3927,5.0085,1.1802,124.8,8.75,4.629
3928,5.0146,1.192,124.73,9.86,4.486
3929,4.9801,1.2197,124.61,10.31,4.381
3930,5.037,1.2196,125.25,9.77,4.568
3931,4.9697,1.1837,124.87,11.23,4.399
3932,5.0322,1.1887,125.02,9.1,4.409
3933,4.9761,1.1807,125.17,12.05,4.635
3934,5.0223,1.1988,125.2,10.13,4.594
3935,5.0261,1.1922,124.98,12.58,4.633
3936,5.0374,1.2163,124.66,11.31,4.461
3937,4.9976,1.18,125.0,9.59,4.554
3938,4.9844,1.2108,124.99,11.58,4.463
3939,5.0315,1.1925,125.28,10.42,4.406
3940,5.0277,1.1936,125.06,8.32,4.573
3941,5.0264,1.1809,124.67,10.45,4.388
3942,4.9733,1.2086,124.51,11.11,4.522
3943,4.9964,1.1886,125.2,8.68,4.437
3944,5.0181,1.2112,124.51,8.34,4.495
3945,4.9731,1.195,124.63,8.43,4.569
3946,4.9693,1.202,125.01,10.63,4.609
3947,4.9653,1.2117,124.68,8.44,4.414
3948,4.97,1.2003,125.22,10.85,4.616
3949,4.9956,1.199,124.78,11.48,4.388
3950,4.9716,1.182,124.8,9.84,4.562
3951,5.0324,1.2167,124.89,11.81,4.404
3952,5.0185,1.1828,125.01,9.52,4.514
3953,5.0063,1.201,124.66,11.4,4.627
3954,4.9984,1.1822,125.29,11.04,4.542
3955,4.9906,1.203,125.22,11.23,4.407
3956,5.0239,1.2193,124.79,10.27,4.608
3957,4.9908,1.1829,125.32,10.86,4.357
3958,5.0006,1.2004,125.43,11.58,4.566
3959,4.9636,1.2138,125.05,9.69,4.624
3960,5.0345,1.1897,125.25,9.11,4.626
3961,4.9845,1.2169,125.31,11.53,4.507
3962,5.0302,1.2088,125.24,9.02,4.42
3963,5.0202,1.1929,125.19,10.26,4.356
3964,4.992,1.1904,125.41,8.92,4.41
3965,4.9919,1.1946,125.01,10.31,4.453
3966,5.0384,1.207,125.49,11.67,4.553
3967,4.9815,1.2044,125.49,11.0,4.607
3968,4.9666,1.2149,125.46,8.72,4.474
3969,4.9895,1.2113,125.44,9.95,4.442
3970,4.9645,1.1914,124.8,9.43,4.548
3971,4.9687,1.2097,124.78,9.38,4.568
3972,4.9992,1.2085,124.73,9.42,4.375
3973,5.0123,1.1854,125.14,10.64,4.581
3974,4.9738,1.1872,125.3,10.07,4.477
3975,5.023,1.1841,125.21,9.67,4.403
3976,5.0044,1.2127,124.79,8.57,4.57
3977,4.9924,1.1985,125.28,8.66,4.638
3978,4.9921,1.2058,125.16,9.41,4.45
3979,5.0353,1.1828,124.97,11.54,4.351
3980,4.9732,1.1946,125.31,7.65,4.443
3981,5.0171,1.1996,124.82,8.04,4.642
3982,4.9695,1.2095,125.43,9.59,4.507
3983,5.0241,1.2046,125.42,11.42,4.36
3984,5.0279,1.1837,125.14,9.63,4.433
3985,4.9879,1.1851,124.8,8.97,4.632
3986,4.9738,1.2087,124.52,10.78,4.505
3987,4.9922,1.2064,124.52,11.39,4.618
3988,5.0098,1.1831,124.67,9.55,4.396
3989,4.9728,1.214,125.4,10.57,4.47
3990,5.028,1.1977,124.84,9.88,4.441
3991,4.991,1.209,124.96,11.38,4.415
3992,5.021,1.1848,124.98,9.65,4.575
3993,4.9744,1.2133,124.71,7.59,4.631
3994,5.0385,1.1882,124.66,9.76,4.368
3995,4.9951,1.193,125.23,11.15,4.601
3996,4.9689,1.1803,124.83,9.48,4.623
3997,4.9676,1.2123,124.58,8.48,4.58
3998,4.9828,1.2082,124.82,10.4,4.387
3999,5.0086,1.1816,125.46,10.81,4.554
4000,5.0084,1.2177,124.64,9.66,4.456
4001,5.0327,1.2108,124.85,9.8,4.641
4002,4.9796,1.2006,124.67,11.56,4.482
4003,5.0005,1.1959,124.57,7.55,4.371
4004,4.9601,1.1806,124.68,11.1,4.572
4005,4.9915,1.1941,125.34,10.21,4.448
4006,4.9864,1.1892,125.43,9.43,4.579
4007,5.032,1.2,124.5,11.11,4.507
4008,4.9918,1.2152,125.21,9.24,4.351
4009,5.0035,1.1959,125.07,10.58,4.409
4010,5.0165,1.2111,124.81,8.49,4.395
4011,5.0082,1.198,124.8,7.88,4.643
4012,4.9902,1.2101,125.01,7.99,4.57
4013,4.9609,1.1978,125.37,11.13,4.534
4014,5.0298,1.1876,125.33,9.46,4.589
4015,4.9679,1.1976,125.01,8.27,4.386
4016,4.9786,1.182,125.21,7.97,4.579
4017,5.0312,1.2126,124.83,8.62,4.414
4018,5.0323,1.1905,125.2,8.7,4.398
4019,4.986,1.1803,124.81,11.87,4.433
4020,5.031,1.1897,125.37,8.16,4.646
4021,4.981,1.197,124.83,10.46,4.594
4022,4.9664,1.2149,124.69,9.49,4.564
4023,5.0344,1.2016,125.38,9.33,4.617
4024,5.0051,1.1987,125.44,7.24,4.578
4025,5.0009,1.2061,124.65,10.65,4.499
4026,5.0249,1.2056,125.3,11.63,4.644
4027,4.9815,1.2065,124.63,8.05,4.61
4028,5.0044,1.1946,124.65,10.07,4.579
4029,4.9781,1.1907,125.07,11.22,4.511
4030,5.0109,1.2164,124.88,9.09,4.43
4031,5.012,1.1945,124.66,10.07,4.421
4032,4.9703,1.2115,125.12,12.52,4.35
4033,4.9822,1.1933,124.94,10.7,4.588
4034,4.9982,1.2101,124.61,7.89,4.574
4035,4.963,1.2193,125.44,12.85,4.634
4036,4.9726,1.2054,125.04,8.89,4.487
4037,5.0368,1.1829,124.92,9.61,4.458
4038,5.0182,1.1812,125.32,8.77,4.462
4039,5.0074,1.2014,125.44,11.74,4.445
4040,4.9711,1.2028,124.87,11.11,4.404
4041,5.0338,1.2043,124.72,8.57,4.381
4042,4.99,1.2079,124.98,8.37,4.401
4043,5.0041,1.2051,125.31,11.48,4.625
4044,5.0137,1.2197,124.71,8.8,4.487
4045,5.0399,1.2122,125.13,6.33,4.543
4046,5.0048,1.1902,124.69,6.57,4.525
4047,4.9979,1.1945,125.31,9.39,4.41
4048,4.9783,1.2073,124.53,9.27,4.581
4049,4.9835,1.1982,125.44,9.66,4.493
4050,5.0277,1.207,124.86,9.58,4.489
4051,4.9905,1.2056,124.68,10.12,4.523
4052,5.0091,1.1952,125.43,9.67,4.457
4053,4.9992,1.2083,124.79,8.47,4.488
4054,4.9976,1.2095,125.37,9.27,4.498
4055,5.0378,1.2032,125.25,10.1,4.372
4056,4.9696,1.1895,125.19,10.86,4.369
4057,5.0307,1.2158,125.13,9.7,4.488
4058,4.9963,1.1932,125.15,8.34,4.456
4059,5.0293,1.196,124.81,10.0,4.423
4060,4.9762,1.1908,125.43,11.85,4.457
4061,4.9752,1.2088,124.78,10.69,4.426
4062,4.9806,1.2012,125.14,11.83,4.362
4063,5.0027,1.2087,124.72,8.53,4.398
4064,5.0116,1.2148,124.52,8.03,4.648
4065,4.9658,1.2086,125.37,11.6,4.505
4066,5.0081,1.1854,125.17,9.5,4.426
4067,5.0105,1.1838,125.3,9.37,4.488
4068,5.025,1.1992,124.83,9.65,4.584
4069,5.0399,1.1836,125.01,10.63,4.631
4070,5.0136,1.1885,124.83,9.97,4.438
4071,4.9964,1.187,125.47,9.71,4.357
4072,5.0192,1.213,125.23,8.56,4.439
4073,5.0253,1.1803,125.4,10.39,4.484
4074,4.9602,1.2023,124.7,10.56,4.597
4075,4.975,1.2174,124.62,8.54,4.504
4076,4.9709,1.201,124.65,11.56,4.418
4077,4.9819,1.1895,125.11,10.56,4.362
4078,5.0141,1.1882,125.17,7.76,4.648
4079,4.9681,1.2183,124.66,11.12,4.57
4080,4.9699,1.1916,125.1,11.29,4.514
4081,4.9783,1.1802,125.05,10.01,4.501
4082,5.0314,1.2115,125.21,7.0,4.548
4083,5.0258,1.194,125.2,8.98,4.352
4084,4.973,1.1911,124.99,10.31,4.579
4085,5.0379,1.2129,125.44,9.48,4.507
4086,5.0196,1.194,124.91,9.46,4.379
4087,4.9638,1.1967,124.83,8.19,4.626
4088,5.0077,1.2051,125.38,8.35,4.497
4089,5.0123,1.1898,124.85,9.87,4.535
4090,5.0252,1.2124,124.67,12.23,4.587
4091,4.986,1.2049,124.52,9.65,4.615
4092,4.9861,1.1922,125.02,10.47,4.471
4093,5.0317,1.198,124.76,8.42,4.444
4094,4.9749,1.1954,125.13,11.61,4.53
4095,4.9735,1.19,125.45,9.14,4.596
4096,5.0284,1.2007,124.69,9.96,4.54
4097,4.9677,1.2029,124.54,11.1,4.464
4098,5.0396,1.1961,124.72,8.96,4.521
4099,5.035,1.2163,125.46,9.98,4.574
4100,5.0205,1.1977,124.65,9.62,4.407
4101,4.9892,1.1859,125.24,11.2,4.47
4102,5.0361,1.2006,125.34,11.51,4.6
4103,5.0113,1.2179,125.28,9.72,4.358
4104,4.9713,1.2091,125.36,10.74,4.64
4105,4.9893,1.2036,125.4,9.81,4.472
4106,5.0139,1.2181,125.47,10.14,4.452
4107,4.9617,1.1991,125.05,11.66,4.627
4108,5.0213,1.2022,125.07,9.86,4.376
4109,4.9631,1.1874,124.95,8.84,4.53
4110,5.0066,1.183,124.7,7.65,4.437
4111,5.0292,1.2164,124.76,10.16,4.505
4112,5.0137,1.208,124.61,8.5,4.471
4113,4.9851,1.1846,125.28,10.04,4.419
4114,4.9797,1.1933,124.98,7.99,4.503
4115,5.0385,1.2061,124.96,9.55,4.45
4116,4.9653,1.2037,124.9,11.96,4.502
4117,4.9872,1.2098,125.12,11.92,4.417
4118,4.9739,1.2159,124.88,9.48,4.556
4119,5.0249,1.1839,124.53,11.43,4.39
4120,4.98,1.1874,124.63,7.32,4.586
4121,5.0209,1.1817,125.48,10.66,4.593
4122,5.0153,1.1992,124.92,9.58,4.617
4123,4.985,1.2188,125.32,9.11,4.546
4124,5.0242,1.2018,125.37,10.02,4.537
4125,4.9985,1.2095,125.35,9.3,4.508
4126,4.9917,1.2117,125.18,9.25,4.55
4127,5.0042,1.2002,124.69,10.41,4.419
4128,5.0343,1.1984,125.18,8.06,4.511
4129,4.9926,1.1885,125.33,9.29,4.461
4130,5.0305,1.1906,124.86,9.76,4.523
4131,4.9883,1.1951,124.89,9.5,4.354
4132,4.9969,1.1888,125.27,7.1,4.429
4133,4.9813,1.1973,125.29,8.83,4.613
4134,5.0301,1.2133,125.09,11.29,4.358
4135,4.9601,1.1836,125.19,9.3,4.475
4136,4.9609,1.2154,125.32,10.47,4.596
4137,4.9992,1.1905,124.82,8.05,4.428
4138,4.9883,1.2193,124.76,10.89,4.64
4139,4.9673,1.1813,124.91,10.63,4.381
4140,4.9978,1.207,124.96,8.41,4.556
4141,5.0001,1.1919,125.37,9.43,4.368
4142,4.9874,1.2077,124.83,8.97,4.444
4143,5.0211,1.2099,125.26,9.69,4.558
4144,5.0256,1.1995,124.62,10.86,4.507
4145,4.983,1.1981,124.77,10.96,4.603
4146,4.9638,1.1853,125.15,8.86,4.607
4147,5.0078,1.1877,124.55,10.54,4.47
4148,4.9857,1.2053,125.01,9.96,4.375
4149,4.98,1.1812,124.97,8.74,4.57
4150,4.9754,1.2191,124.77,10.3,4.455
4151,5.0116,1.2061,124.98,11.3,4.59
4152,4.9939,1.206,124.87,10.8,4.402
4153,5.0303,1.2163,124.71,9.38,4.512
4154,5.0023,1.2088,125.12,10.02,4.527
4155,4.9811,1.2104,125.13,9.66,4.628
4156,4.9856,1.2078,124.74,10.84,4.611
4157,5.037,1.2197,125.22,8.01,4.453
4158,4.9767,1.2069,124.52,12.09,4.475
4159,5.0048,1.1933,125.22,7.46,4.416
4160,5.0379,1.1832,124.82,10.03,4.407
4161,4.9607,1.1956,124.52,10.85,4.461
4162,5.0356,1.1979,124.51,8.38,4.476
4163,5.0023,1.2194,125.21,8.56,4.529
4164,4.988,1.193,125.34,12.15,4.42
4165,5.0336,1.2015,124.7,9.15,4.351
4166,4.9964,1.1888,124.94,10.68,4.6
4167,5.0139,1.2027,125.44,8.96,4.431
4168,5.0016,1.2118,125.44,10.98,4.475
4169,4.9823,1.2146,124.66,10.2,4.425
4170,4.9878,1.2129,124.63,11.02,4.565
4171,4.9765,1.2076,124.69,9.85,4.635
4172,4.9644,1.211,125.12,9.33,4.649
4173,5.0363,1.1924,125.41,9.23,4.37
4174,4.9747,1.1908,124.96,8.49,4.381
4175,5.0073,1.2086,124.51,7.7,4.478
4176,4.9611,1.1936,125.36,10.05,4.569
4177,4.9933,1.1929,125.14,9.74,4.353
4178,5.0111,1.1858,124.59,10.01,4.356
4179,4.966,1.1997,124.96,9.7,4.423
4180,5.0208,1.2144,125.47,7.94,4.455
4181,4.9892,1.2165,124.67,10.96,4.546
4182,4.969,1.1817,124.8,9.43,4.599
4183,4.9991,1.2185,124.78,10.57,4.352
4184,5.0115,1.1888,125.44,11.91,4.64
4185,5.0223,1.218,124.86,9.69,4.499
4186,4.9891,1.2177,125.08,9.27,4.471
4187,4.9616,1.1808,125.23,9.42,4.5
4188,4.993,1.1847,125.31,10.15,4.614
4189,4.9993,1.1853,125.13,7.61,4.619
4190,5.0083,1.214,124.79,11.45,4.556
4191,5.008,1.2168,124.55,10.34,4.41
4192,5.0228,1.2093,125.45,9.54,4.369
4193,5.0311,1.1842,124.59,7.66,4.61
4194,4.9657,1.1974,124.99,9.45,4.62
4195,4.9704,1.1807,125.16,9.09,4.554
4196,4.9974,1.1984,124.84,10.58,4.443
4197,4.9646,1.1934,124.79,10.25,4.518
4198,5.0298,1.1849,124.59,11.49,4.574
4199,5.0348,1.2047,124.73,10.95,4.481
4200,4.9684,1.1989,125.3,11.15,4.602
4201,5.0355,1.1865,124.87,8.43,4.474
4202,5.0198,1.1988,124.77,9.94,4.456
4203,5.039,1.2144,125.26,10.33,4.54
4204,4.9754,1.2029,124.82,11.03,4.352
4205,5.0368,1.2048,124.84,9.99,4.592
4206,5.002,1.205,125.08,10.51,4.574
4207,4.9746,1.2108,125.41,11.07,4.376
4208,5.0006,1.1966,124.64,12.36,4.618
4209,4.9775,1.1984,124.67,9.69,4.378
4210,5.0127,1.1996,124.59,12.75,4.521
4211,4.9966,1.1818,124.77,8.19,4.424
4212,4.9926,1.1952,125.05,10.11,4.469
4213,5.021,1.1827,124.64,9.65,4.61
4214,4.9944,1.2164,125.11,8.82,4.575
4215,5.0102,1.2086,125.02,10.15,4.478
4216,5.0385,1.1836,125.42,12.46,4.629
4217,5.0174,1.1829,124.96,11.58,4.414
4218,4.9665,1.1903,124.52,11.81,4.439
4219,4.9942,1.2061,125.12,8.93,4.517
4220,5.0042,1.2136,125.18,9.27,4.484
4221,5.0397,1.1956,124.99,10.58,4.402
4222,5.0174,1.201,124.54,8.16,4.515
4223,4.9629,1.2176,124.5,10.03,4.567
4224,4.9813,1.2056,125.02,9.35,4.531
4225,5.001,1.2109,125.4,10.87,4.504
4226,4.964,1.211,124.84,10.99,4.431
4227,4.9862,1.1856,124.63,9.26,4.555
4228,5.0374,1.2083,125.41,11.39,4.389
4229,5.0074,1.1807,124.72,10.86,4.527
4230,4.9878,1.2001,124.91,10.79,4.363
4231,4.9629,1.1919,125.47,11.18,4.527
4232,4.9723,1.1894,125.17,10.5,4.467
4233,5.0161,1.2172,124.53,9.86,4.55
4234,4.9871,1.1914,125.46,11.1,4.501
4235,4.9922,1.2066,125.33,9.8,4.598
4236,4.9747,1.2194,124.51,10.36,4.379
4237,4.9692,1.2044,124.59,11.22,4.557
4238,4.9984,1.2067,124.61,9.1,4.571
4239,5.0338,1.1915,124.93,11.83,4.555
4240,4.9679,1.1844,125.23,7.13,4.616
4241,4.974,1.1818,125.39,10.74,4.385
4242,4.9618,1.2192,125.02,11.15,4.475
4243,5.0105,1.1813,125.38,11.12,4.409
4244,5.0005,1.1955,124.83,8.49,4.48
4245,4.9798,1.2126,124.83,9.83,4.514
4246,4.9837,1.181,125.09,8.95,4.635
4247,4.9729,1.2157,125.11,11.18,4.623
4248,5.0261,1.2017,125.22,12.9,4.526
4249,5.0075,1.2076,124.84,10.15,4.354
4250,5.0233,1.2039,124.8,9.24,4.484
4251,4.986,1.1815,124.66,7.68,4.634
4252,5.022,1.1931,124.62,10.11,4.394
4253,4.9974,1.1818,125.27,11.43,4.431
4254,5.0206,1.1897,125.0,8.86,4.462
4255,4.9741,1.2023,125.15,9.81,4.625
4256,5.0259,1.2078,124.89,10.23,4.593
4257,4.9809,1.2152,125.27,8.49,4.476
4258,5.0359,1.201,124.91,10.76,4.521
4259,4.9806,1.2027,124.6,7.88,4.431
4260,4.9606,1.1891,125.42,10.21,4.438
4261,5.0166,1.1901,125.34,9.51,4.576
4262,4.9805,1.2153,125.04,11.38,4.362
4263,4.9862,1.1826,124.98,9.65,4.616
4264,4.9979,1.2112,124.97,11.09,4.46
4265,5.0059,1.1833,125.45,9.61,4.426
4266,4.9975,1.2049,124.82,9.44,4.557
4267,5.0188,1.1811,125.19,7.41,4.513
4268,4.9856,1.1856,124.6,10.17,4.441
4269,4.9756,1.2063,124.87,9.12,4.419
4270,5.0066,1.1892,125.31,10.87,4.559
4271,5.0371,1.2003,125.16,9.34,4.482
4272,5.0191,1.2158,125.23,11.57,4.362
4273,4.9839,1.21,124.75,9.19,4.487
4274,4.9709,1.1845,125.36,9.38,4.522
4275,5.0071,1.1916,124.51,11.26,4.361
4276,4.98,1.204,125.46,8.26,4.579
4277,5.0306,1.1856,124.94,9.05,4.546
4278,4.9943,1.2079,125.25,11.4,4.538
4279,5.0313,1.1912,125.24,9.81,4.617
4280,4.9837,1.2096,125.22,10.83,4.616
4281,5.0095,1.2026,125.12,10.68,4.417
4282,5.0023,1.2166,124.64,9.07,4.597
4283,4.9695,1.1872,125.11,11.4,4.37
4284,4.9731,1.1946,125.31,10.55,4.495
4285,5.0306,1.1977,124.5,9.62,4.506
4286,5.0022,1.1942,125.43,10.03,4.38
4287,4.9994,1.2168,125.28,10.47,4.493
4288,4.9718,1.1979,125.2,12.43,4.574
4289,4.9796,1.2074,125.0,9.83,4.583
4290,4.9783,1.1807,125.19,11.11,4.54
4291,5.026,1.2103,125.25,8.55,4.568
4292,4.9906,1.2017,124.98,10.2,4.5
4293,5.0382,1.1869,125.35,10.72,4.546
4294,5.0289,1.2105,124.91,10.17,4.475
4295,4.9703,1.2065,124.57,7.26,4.409
4296,5.0036,1.2088,125.31,8.59,4.492
4297,4.9662,1.1827,124.97,11.07,4.519
4298,5.0284,1.2012,124.73,9.79,4.599
4299,5.0214,1.1867,124.83,9.28,4.618
4300,4.9883,1.1839,124.54,9.76,4.62
4301,4.987,1.2139,125.22,9.94,4.375
4302,4.97,1.1939,125.13,8.41,4.465
4303,4.9964,1.2167,125.25,8.66,4.398
4304,5.0358,1.1928,124.64,9.58,4.563
4305,5.0367,1.1966,125.48,11.54,4.437
4306,5.0272,1.2179,125.15,8.84,4.352
4307,5.0049,1.1997,124.6,11.37,4.504
4308,5.0099,1.1981,124.84,9.37,4.399
4309,4.9999,1.2076,125.18,8.94,4.492
4310,5.0355,1.2076,124.95,12.11,4.479
4311,5.006,1.1918,125.03,9.6,4.42
4312,5.0009,1.1882,125.1,10.82,4.459
4313,5.0395,1.1959,124.5,8.45,4.514
4314,4.9855,1.2189,124.96,8.23,4.366
4315,4.9768,1.183,125.1,8.49,4.49
4316,5.0317,1.2005,125.12,10.41,4.543
4317,4.9719,1.1959,125.35,9.04,4.442
4318,4.9718,1.2148,124.85,11.07,4.535
4319,4.9845,1.2084,124.86,7.5,4.613
4320,4.9872,1.2194,124.94,10.26,4.459
4321,5.0119,1.1854,125.08,11.24,4.426
4322,4.9989,1.1873,124.86,9.56,4.4
4323,4.9961,1.2096,124.87,9.78,4.435
4324,5.0172,1.2143,125.42,9.17,4.581
4325,5.0187,1.198,125.4,10.49,4.496
4326,5.0273,1.1838,124.67,7.16,4.57
4327,5.0072,1.187,125.06,9.11,4.354
4328,5.0249,1.2192,125.03,8.51,4.594
4329,4.9845,1.1809,124.91,11.64,4.622
4330,5.0115,1.1939,124.83,9.29,4.627
4331,4.9943,1.1851,124.94,8.52,4.592
4332,5.0283,1.1984,124.95,9.95,4.633
4333,4.9987,1.2128,125.24,8.24,4.642
4334,4.9839,1.2048,124.96,11.26,4.387
4335,5.0293,1.2097,125.12,9.17,4.363
4336,5.027,1.1985,125.33,10.87,4.586
4337,5.0268,1.1832,124.97,10.18,4.43
4338,4.9673,1.196,124.8,10.54,4.581
4339,5.0165,1.1932,125.14,8.73,4.528
4340,5.0313,1.1849,124.61,8.87,4.379
4341,5.0122,1.2013,124.5,9.28,4.541
4342,5.0162,1.2005,124.96,10.16,4.445
4343,4.9942,1.2035,124.67,9.36,4.401
4344,4.9844,1.2014,125.23,10.13,4.591
4345,4.9817,1.2106,124.61,8.93,4.548
4346,5.0024,1.1926,125.08,10.82,4.388
4347,5.0398,1.1875,125.02,12.07,4.449
4348,4.9654,1.1814,124.69,10.62,4.5
4349,5.0121,1.1888,125.34,9.87,4.485
4350,4.9995,1.1883,125.44,10.09,4.589
4351,4.9687,1.1937,125.37,10.45,4.588
4352,5.0182,1.2081,124.52,10.32,4.455
4353,4.9609,1.1824,124.92,11.01,4.434
4354,4.9754,1.1982,124.5,10.09,4.561
4355,5.0015,1.1897,124.8,10.09,4.542
4356,5.0286,1.2038,125.08,11.28,4.639
4357,4.9722,1.2085,125.39,6.14,4.378
4358,4.9982,1.182,124.54,10.39,4.599
4359,5.0188,1.1913,124.91,11.97,4.404
4360,5.0385,1.1883,125.14,10.39,4.591
4361,5.0011,1.2013,124.51,11.91,4.506
4362,4.9624,1.2023,125.16,10.16,4.569
4363,5.0136,1.22,125.16,11.5,4.573
4364,4.9812,1.215,124.56,9.48,4.38
4365,4.9627,1.1871,125.12,8.46,4.59
4366,5.016,1.197,124.65,9.81,4.544
4367,5.0004,1.2018,125.01,9.49,4.536
4368,4.9811,1.2061,125.23,10.34,4.506
4369,4.9637,1.1871,124.92,7.64,4.594
4370,5.0296,1.1897,125.13,9.51,4.563
4371,5.0058,1.2117,124.71,8.43,4.521
4372,5.0061,1.1832,124.72,10.84,4.422
4373,5.0191,1.195,125.03,7.64,4.605
4374,4.9651,1.1948,124.99,11.26,4.563
4375,4.9825,1.2078,125.1,8.84,4.492
4376,5.0375,1.1924,125.12,8.12,4.456
4377,5.0374,1.1801,124.95,10.09,4.557
4378,4.9821,1.1969,125.35,9.78,4.461
4379,5.0127,1.1993,125.24,9.11,4.541
4380,4.9894,1.2004,124.58,9.01,4.535
4381,5.021,1.2016,125.11,9.96,4.415
4382,4.9642,1.2014,124.72,9.45,4.615
4383,4.9893,1.1894,125.31,9.61,4.367
4384,4.9959,1.1963,125.48,9.0,4.501
4385,4.9871,1.2147,124.65,9.69,4.534
4386,5.0141,1.1834,124.55,10.37,4.393
4387,5.0312,1.2164,124.6,11.65,4.557
4388,4.986,1.1813,124.55,12.4,4.499
4389,4.9798,1.2113,125.01,11.24,4.581
4390,4.9916,1.2162,124.99,10.39,4.464
4391,4.9973,1.2135,125.48,9.25,4.587
4392,4.9955,1.211,125.32,7.73,4.596
4393,4.999,1.2033,124.72,11.19,4.57
4394,5.025,1.1971,124.64,10.13,4.637
4395,5.0326,1.2131,124.75,8.99,4.37
4396,5.0213,1.1944,124.65,10.93,4.592
4397,4.9673,1.2132,125.24,9.63,4.394
4398,5.0227,1.1948,124.84,11.67,4.436
4399,4.9671,1.2002,125.16,11.86,4.444
4400,5.0251,1.2017,124.63,11.64,4.464
4401,5.0372,1.2141,125.32,8.59,4.373
4402,4.9875,1.1822,124.58,10.92,4.501
4403,5.0359,1.1877,124.54,9.23,4.486
4404,5.0261,1.2149,124.51,9.2,4.562
4405,4.9653,1.2004,124.92,9.83,4.582
4406,5.0018,1.1833,124.51,8.81,4.43
4407,4.971,1.2199,124.79,11.28,4.634
4408,4.9722,1.184,125.48,10.26,4.437
4409,4.996,1.2131,124.68,9.79,4.493
4410,5.0105,1.1856,124.53,8.53,4.617
4411,4.9662,1.193,124.54,8.92,4.596
4412,4.9766,1.2055,124.73,10.31,4.611
4413,4.996,1.2118,124.7,7.93,4.505
4414,4.9649,1.1903,125.35,9.16,4.505
4415,5.0214,1.2017,125.4,9.77,4.446
4416,5.0127,1.2097,124.88,11.11,4.646
4417,5.0015,1.1803,125.41,9.68,4.449
4418,4.9935,1.2084,124.77,8.45,4.584
4419,5.0094,1.206,124.86,12.31,4.473
4420,4.9825,1.2116,125.34,11.31,4.615
4421,5.0202,1.2028,125.18,11.1,4.542
4422,5.0009,1.2159,124.8,11.17,4.395
4423,4.9654,1.1948,125.28,10.37,4.371
4424,4.9883,1.1895,124.89,9.38,4.572
4425,4.9728,1.1945,124.58,10.39,4.497
4426,4.9936,1.2167,125.32,10.76,4.575
4427,4.9715,1.2054,125.49,11.77,4.518
4428,4.9747,1.1901,125.49,7.79,4.4
4429,5.0195,1.1887,125.4,9.66,4.562
4430,5.0338,1.1895,125.12,9.4,4.442
4431,4.9647,1.2194,124.93,11.17,4.515
4432,5.0394,1.2077,125.43,10.66,4.629
4433,4.9815,1.2115,125.34,9.86,4.631
4434,5.0391,1.1865,124.61,9.97,4.576
4435,5.0244,1.2174,125.18,10.64,4.484
4436,5.0396,1.2158,125.41,8.68,4.516
4437,4.9751,1.1805,124.99,10.21,4.436
4438,5.0005,1.2108,125.27,9.86,4.421
4439,5.0071,1.1948,124.61,10.02,4.602
4440,4.9919,1.194,125.44,8.08,4.441
4441,5.0361,1.1931,124.58,12.47,4.608
4442,5.0379,1.1914,124.91,11.01,4.389
4443,5.0361,1.1953,125.44,9.68,4.631
4444,4.9878,1.196,125.39,8.59,4.451
4445,4.9682,1.2138,124.74,11.09,4.415
4446,5.0232,1.2062,124.93,8.83,4.403
4447,4.9795,1.2132,125.05,10.16,4.467
4448,5.0219,1.2073,125.25,9.59,4.438
4449,5.0374,1.1982,124.54,10.09,4.45
4450,4.9908,1.2114,125.06,7.63,4.601
4451,5.0048,1.1989,124.51,10.71,4.415
4452,4.9672,1.2098,124.94,7.77,4.419
4453,5.0153,1.2188,124.88,8.47,4.413
4454,4.9962,1.1885,124.8,10.26,4.506
4455,5.0146,1.1844,125.25,11.09,4.632
4456,4.9709,1.1918,125.04,9.94,4.433
4457,4.9684,1.2172,124.71,12.76,4.426
4458,5.0392,1.1823,124.95,11.14,4.546
4459,4.9835,1.2093,124.97,10.23,4.63
4460,4.9651,1.1914,124.52,9.88,4.621
4461,4.9854,1.1977,124.85,11.12,4.638
4462,4.9685,1.1911,124.84,10.55,4.409
4463,5.0194,1.1815,124.66,10.35,4.572
4464,4.9679,1.2069,124.76,9.75,4.434
4465,5.0214,1.1903,125.44,11.49,4.595
4466,5.0256,1.2053,124.58,9.21,4.572
4467,4.9628,1.1984,125.07,11.54,4.555
4468,5.0131,1.1954,125.31,6.95,4.607
4469,5.0232,1.1961,125.07,9.66,4.529
4470,4.9994,1.22,125.37,9.08,4.607
4471,5.0245,1.1918,124.71,9.91,4.583
4472,5.0361,1.2003,125.0,10.08,4.468
4473,5.0075,1.2078,124.8,10.28,4.51
4474,5.016,1.1897,125.18,8.7,4.588
4475,4.9828,1.2187,125.44,11.67,4.469
4476,5.0223,1.2158,124.78,10.18,4.521
4477,5.018,1.2048,125.42,10.94,4.382
4478,5.025,1.1815,124.91,11.96,4.556
4479,5.0327,1.2161,125.3,10.77,4.622
4480,4.9702,1.2091,124.8,11.57,4.538
4481,5.0331,1.2064,125.26,9.39,4.547
4482,5.0145,1.2196,125.35,12.38,4.508
4483,4.9835,1.1971,124.92,12.06,4.384
4484,4.9677,1.184,125.01,9.05,4.472
4485,4.9918,1.2083,124.54,6.68,4.55
4486,4.9739,1.2106,125.0,8.53,4.462
4487,4.9821,1.1927,125.09,9.84,4.513
4488,5.0029,1.1996,124.98,8.95,4.419
4489,4.9627,1.2173,124.87,10.64,4.622
4490,5.0114,1.1953,124.99,9.04,4.533
4491,5.0266,1.2115,125.28,10.06,4.47
4492,4.9794,1.2019,124.89,9.68,4.541
4493,5.0031,1.2145,124.93,10.53,4.493
4494,5.0206,1.2091,124.81,8.28,4.59
4495,5.0166,1.2028,125.43,9.6,4.446
4496,4.9745,1.1939,124.79,9.41,4.645
4497,5.0169,1.214,125.02,9.71,4.413
4498,5.0239,1.1876,125.44,8.56,4.575
4499,5.0206,1.1982,124.75,10.89,4.496
4500,5.0188,1.2158,125.36,9.76,4.395
4501,5.0027,1.1994,124.56,9.6,4.557
4502,5.0354,1.1965,125.47,12.73,4.359
4503,5.0109,1.184,124.5,10.77,4.39
4504,5.02,1.2035,125.13,10.41,4.383
4505,4.9705,1.2031,124.76,8.57,4.601
4506,4.9876,1.182,125.22,10.24,4.62
4507,4.9671,1.1814,124.97,10.92,4.63
4508,5.0093,1.1878,124.67,10.17,4.555
4509,4.9677,1.2165,125.42,10.61,4.583
4510,5.0008,1.1966,124.82,10.63,4.469
4511,5.0399,1.2155,124.62,10.38,4.543
4512,5.0118,1.1929,124.66,12.1,4.57
4513,4.9729,1.1967,124.58,8.98,4.516
4514,4.994,1.1846,124.9,10.2,4.648
4515,4.9766,1.1855,124.61,11.5,4.478
4516,4.963,1.2142,124.72,10.21,4.385
4517,4.9774,1.2049,124.97,7.7,4.356
4518,4.9638,1.201,124.61,10.65,4.587
4519,4.9611,1.1991,125.28,9.38,4.366
4520,4.9644,1.1915,125.0,9.69,4.615
4521,4.9821,1.1804,125.24,8.78,4.389
4522,5.0225,1.1939,125.15,7.51,4.545
4523,4.9714,1.1801,124.6,9.57,4.399
4524,5.0018,1.1806,125.36,9.9,4.493
4525,4.9726,1.1854,125.43,9.86,4.512
4526,5.0109,1.1844,124.61,10.55,4.567
4527,5.026,1.1935,124.95,9.95,4.532
4528,4.9829,1.2071,125.11,10.95,4.447
4529,4.972,1.2029,124.81,10.78,4.618
4530,4.9878,1.205,124.74,10.72,4.563
4531,4.9993,1.2027,124.98,9.47,4.615
4532,4.9661,1.1947,125.27,10.65,4.576
4533,5.0288,1.2035,125.38,9.08,4.361
4534,5.0333,1.1976,124.62,10.03,4.532
4535,4.9751,1.1871,125.03,10.31,4.546
4536,5.0201,1.2033,124.74,9.11,4.367
4537,4.984,1.2131,125.18,11.71,4.645
4538,4.969,1.2086,125.33,10.04,4.426
4539,5.0007,1.2067,125.06,10.84,4.601
4540,4.9736,1.2059,125.42,9.8,4.402
4541,4.9792,1.2013,124.52,11.58,4.642
4542,4.9828,1.2101,125.46,8.7,4.63
4543,4.9963,1.2137,125.33,8.65,4.541
4544,4.9665,1.2167,125.18,10.31,4.511
4545,4.9781,1.2111,125.19,10.38,4.441
4546,5.0225,1.1968,124.83,8.44,4.445
4547,4.981,1.1861,125.22,12.01,4.375
4548,4.9635,1.1972,125.4,8.72,4.465
4549,5.022,1.2151,125.24,8.58,4.474
4550,5.0322,1.1981,124.61,10.41,4.505
4551,5.0268,1.202,125.11,9.36,4.619
4552,5.0397,1.2125,125.2,8.71,4.567
4553,4.9705,1.2026,124.97,9.4,4.595
4554,5.0095,1.2174,125.33,9.82,4.442
4555,4.9821,1.212,124.58,10.2,4.419
4556,4.9993,1.2153,124.68,11.15,4.593
4557,5.0063,1.2097,125.3,10.38,4.612
4558,4.9859,1.2102,124.81,11.28,4.502
4559,4.9866,1.204,124.71,8.19,4.607
4560,5.0385,1.2148,124.56,9.7,4.593
4561,5.0002,1.1881,125.08,9.9,4.564
4562,5.0204,1.2135,125.13,8.85,4.623
4563,4.978,1.1897,125.25,10.63,4.374
4564,4.998,1.1888,125.17,7.55,4.554
4565,4.9873,1.2052,124.61,9.55,4.511
4566,5.015,1.1826,125.16,10.43,4.509
4567,4.9666,1.2082,125.06,9.84,4.372
4568,5.0362,1.1928,125.28,8.37,4.514
4569,4.9756,1.1818,125.16,10.31,4.597
4570,5.0302,1.2037,125.06,10.21,4.567
4571,4.9715,1.2052,125.36,9.46,4.521
4572,5.0146,1.2014,125.42,10.05,4.483
4573,4.9638,1.2072,124.5,11.02,4.552
4574,5.0355,1.1925,125.11,12.21,4.366
4575,4.9618,1.2173,124.85,9.84,4.601
4576,5.0054,1.1862,125.12,9.04,4.454
4577,4.9649,1.2191,124.87,8.01,4.507
4578,5.032,1.1833,125.25,8.35,4.495
4579,5.0256,1.1829,124.58,10.98,4.353
4580,5.0382,1.1901,124.82,8.16,4.555
4581,4.9692,1.1858,124.98,10.4,4.37
4582,5.0049,1.2037,124.62,8.84,4.376
4583,4.9946,1.1901,125.07,9.43,4.548
4584,5.0121,1.18,124.77,11.35,4.543
4585,4.9969,1.1863,125.21,8.57,4.468
4586,5.0261,1.1844,124.96,10.04,4.451
4587,4.965,1.1872,124.88,10.07,4.483
4588,5.005,1.1946,124.79,10.75,4.534
4589,5.0022,1.214,124.7,9.22,4.641
4590,4.9819,1.184,125.35,9.67,4.45
4591,5.0263,1.1941,125.42,8.9,4.637
4592,5.0208,1.1841,125.14,9.92,4.562
4593,5.0285,1.1965,124.93,10.17,4.384
4594,5.0109,1.1882,124.93,7.45,4.413
4595,5.0138,1.2074,124.96,8.62,4.611
4596,4.9671,1.1841,125.13,9.61,4.505
4597,5.0011,1.1882,125.31,10.0,4.625
4598,4.988,1.1816,124.9,10.73,4.482
4599,5.0131,1.2193,124.8,8.55,4.606
4600,5.0277,1.2098,125.09,10.91,4.426
4601,5.0172,1.183,124.69,13.65,4.452
4602,4.9667,1.2174,125.16,13.13,4.515
4603,5.028,1.1813,124.82,10.1,4.394
4604,5.0244,1.1992,125.11,9.44,4.494
4605,5.038,1.1988,125.17,10.35,4.59
4606,5.0358,1.1925,124.91,9.71,4.442
4607,5.0218,1.1945,125.01,9.42,4.528
4608,5.037,1.2124,125.21,9.74,4.638
4609,4.9746,1.1999,125.14,9.97,4.479
4610,4.9957,1.1989,125.09,12.28,4.406
4611,5.0062,1.1968,125.07,9.95,4.357
4612,4.9802,1.1885,124.85,10.15,4.355
4613,4.9612,1.2007,125.47,12.16,4.559
4614,4.9856,1.2102,125.1,10.17,4.482
4615,4.9711,1.1947,125.26,9.97,4.611
4616,4.9996,1.2088,125.01,8.36,4.373
4617,5.0103,1.2035,124.69,11.55,4.482
4618,5.0205,1.1954,124.97,11.91,4.356
4619,4.9781,1.1831,124.64,10.73,4.547
4620,5.0149,1.2094,124.62,11.51,4.578
4621,5.0233,1.2039,124.93,9.74,4.641
4622,4.9879,1.1967,124.82,9.83,4.464
4623,4.9656,1.2038,125.12,10.52,4.512
4624,4.9715,1.2067,125.35,9.63,4.497
4625,5.0288,1.2199,125.21,10.46,4.617
4626,4.9724,1.2056,124.6,10.06,4.59
4627,4.9837,1.2086,125.27,11.36,4.573
4628,5.01,1.1856,124.67,9.98,4.625
4629,5.0001,1.1875,124.69,10.54,4.467
4630,4.9832,1.1996,124.61,10.41,4.446
4631,4.9813,1.2074,125.33,11.5,4.415
4632,4.9633,1.2162,125.38,11.78,4.446
4633,4.9993,1.2115,124.6,9.12,4.536
4634,5.0208,1.2185,125.46,11.45,4.462
4635,4.9744,1.1975,124.99,6.07,4.629
4636,4.9721,1.2139,125.25,8.75,4.365
4637,5.0326,1.2005,125.09,10.32,4.489
4638,5.0107,1.1838,124.68,9.55,4.413
4639,5.0243,1.2191,124.5,9.99,4.572
4640,5.0028,1.2133,125.12,9.39,4.44
4641,4.9798,1.2039,124.67,9.96,4.383
4642,5.0051,1.1871,124.58,9.78,4.621
4643,4.9716,1.1917,125.23,8.04,4.46
4644,5.0016,1.1843,125.05,7.89,4.426
4645,5.0002,1.2154,125.39,9.92,4.485
4646,5.0261,1.1891,125.04,8.59,4.592
4647,5.0175,1.1958,125.1,10.46,4.633
4648,5.0235,1.1859,124.92,9.92,4.433
4649,5.023,1.209,124.63,10.23,4.498
4650,5.0226,1.1857,124.72,11.36,4.616
4651,5.0274,1.21,125.45,12.61,4.517
4652,5.0277,1.1824,124.62,10.4,4.552
4653,4.9932,1.1967,125.03,8.59,4.589
4654,4.9805,1.2055,124.9,10.55,4.434
4655,5.0202,1.1946,125.36,9.73,4.497
4656,4.9685,1.1801,124.61,7.84,4.42
4657,5.0374,1.2179,125.29,10.86,4.621
4658,5.0179,1.1959,124.91,11.12,4.566
4659,4.9808,1.2196,125.26,8.86,4.555
4660,4.9689,1.2183,124.67,10.52,4.484
4661,4.9949,1.2157,125.46,8.88,4.56
4662,4.9815,1.1897,124.81,11.65,4.488
4663,4.9614,1.2155,125.19,10.92,4.377
4664,4.9685,1.2091,124.95,11.32,4.463
4665,5.0395,1.2095,124.73,9.67,4.51
4666,4.9981,1.2115,125.41,10.19,4.398
4667,5.0394,1.1984,125.35,8.84,4.43
4668,4.9809,1.1854,124.98,7.91,4.533
4669,5.0216,1.2091,124.91,10.84,4.37
4670,4.9994,1.2173,124.64,9.97,4.619
4671,5.0221,1.2155,125.14,10.01,4.431
4672,4.9793,1.201,124.61,9.98,4.49
4673,4.9844,1.2159,124.9,11.22,4.402
4674,5.038,1.1824,124.89,9.8,4.533
4675,4.9969,1.2099,125.01,10.18,4.528
4676,5.0163,1.1917,124.73,9.19,4.634
4677,4.9992,1.2095,125.13,9.81,4.461
4678,5.0151,1.2011,124.73,9.33,4.353
4679,4.9763,1.197,125.11,11.04,4.563
4680,5.0114,1.2155,124.96,9.05,4.466
4681,5.0042,1.21,125.03,8.78,4.492
4682,5.0359,1.1883,124.79,10.91,4.567
4683,4.9952,1.1895,124.6,10.69,4.591
4684,5.0105,1.2185,124.87,7.41,4.495
4685,4.9827,1.1808,124.85,10.44,4.522
4686,4.9935,1.1875,125.08,10.73,4.488
4687,4.9944,1.216,125.27,10.27,4.618
4688,5.0082,1.1892,125.3,10.17,4.466
4689,5.0288,1.1983,124.62,10.86,4.434
4690,4.9682,1.1988,124.79,9.56,4.351
4691,4.978,1.1827,124.99,9.41,4.541
4692,5.0235,1.1959,125.21,8.96,4.583
4693,4.9806,1.1946,125.07,8.59,4.546
4694,5.0202,1.2119,124.91,9.76,4.538
4695,4.9611,1.201,125.46,13.34,4.624
4696,4.9635,1.2159,125.04,8.26,4.642
4697,5.0073,1.1926,125.28,8.78,4.585
4698,5.0262,1.1903,124.68,7.79,4.62
4699,5.0293,1.1863,124.63,9.88,4.394
4700,5.0149,1.2159,124.73,11.42,4.415
4701,4.9718,1.1915,125.27,10.51,4.412
4702,4.9801,1.2011,124.91,11.68,4.47
4703,5.0393,1.1862,125.12,8.27,4.533
4704,5.0345,1.2137,124.97,10.29,4.547
4705,5.0165,1.2131,125.02,8.7,4.522
4706,5.011,1.2061,124.74,10.79,4.536
4707,4.9735,1.2062,124.87,7.94,4.59
4708,4.991,1.1859,125.39,9.7,4.481
4709,5.0305,1.1854,125.27,9.41,4.394
4710,4.9715,1.1901,125.14,9.19,4.536
4711,4.9755,1.2173,125.11,13.95,4.528
4712,5.0317,1.2048,124.69,9.99,4.611
4713,5.0089,1.2182,125.29,9.19,4.46
4714,5.0046,1.1956,125.26,12.34,4.353
4715,5.0148,1.207,125.47,10.28,4.515
4716,5.0305,1.2157,124.78,10.19,4.623
4717,4.9893,1.192,124.83,11.6,4.619
4718,4.9826,1.2196,125.07,9.82,4.57
4719,4.9918,1.2018,125.37,9.38,4.452
4720,4.9741,1.2062,125.47,9.71,4.421
4721,5.0276,1.2092,124.62,10.84,4.38
4722,5.0059,1.2037,124.96,10.31,4.393
4723,4.9662,1.2059,124.55,10.75,4.368
4724,4.9888,1.1951,124.55,9.92,4.533
4725,4.9636,1.1998,125.35,9.56,4.554
4726,5.0285,1.2087,124.58,10.29,4.482
4727,4.9965,1.2182,124.66,10.96,4.368
4728,5.0277,1.2008,125.19,8.89,4.488
4729,5.0341,1.1841,125.03,8.52,4.435
4730,4.9668,1.2048,125.28,11.31,4.421
4731,4.9611,1.181,125.16,9.23,4.46
4732,5.0228,1.1806,124.87,10.52,4.56
4733,5.0316,1.2136,124.92,9.56,4.599
4734,4.9851,1.2193,125.08,9.47,4.45
4735,4.9899,1.2137,124.8,10.79,4.535
4736,4.974,1.2191,125.48,7.48,4.465
4737,4.9985,1.2116,124.53,7.37,4.54
4738,4.9613,1.2102,124.78,8.8,4.633
4739,4.9654,1.2199,125.2,9.0,4.475
4740,4.9675,1.1951,125.1,8.63,4.436
4741,5.0325,1.1897,124.57,7.12,4.512
4742,4.9601,1.1985,125.4,9.96,4.533
4743,4.9761,1.1943,124.71,9.51,4.534
4744,4.9716,1.1964,125.27,8.8,4.591
4745,4.9813,1.1935,124.61,9.83,4.352
4746,4.9785,1.1817,124.77,12.99,4.644
4747,5.0122,1.1981,124.92,11.05,4.455
4748,4.9615,1.1819,125.08,11.07,4.366
4749,4.9617,1.1988,124.89,8.92,4.643
4750,4.9726,1.2121,125.48,9.87,4.391
4751,5.0302,1.2124,125.01,10.19,4.383
4752,5.0302,1.2187,124.53,10.36,4.367
4753,5.0333,1.1955,125.07,9.67,4.387
4754,5.0019,1.1944,124.62,11.8,4.486
4755,4.9785,1.2144,124.93,7.49,4.551
4756,5.0091,1.2156,125.17,9.49,4.37
4757,4.9818,1.2166,125.29,8.23,4.36
4758,4.998,1.1824,124.83,14.21,4.44
4759,4.9739,1.1826,124.61,10.15,4.436
4760,5.0263,1.1987,124.71,11.24,4.454
4761,4.9686,1.1892,125.06,8.36,4.58
4762,5.0062,1.216,125.06,9.49,4.521
4763,5.0064,1.1994,124.81,10.65,4.418
4764,5.0384,1.2199,124.86,9.31,4.356
4765,4.9688,1.2191,124.86,10.49,4.387
4766,4.9853,1.1877,125.42,8.75,4.568
4767,5.0087,1.1873,125.41,9.31,4.563
4768,5.0333,1.2176,124.51,10.31,4.63
4769,5.0081,1.2148,124.83,8.99,4.619
4770,4.9605,1.1825,124.63,9.44,4.602
4771,5.0081,1.2059,124.87,9.64,4.457
4772,4.9866,1.216,124.74,10.06,4.579
4773,4.9919,1.1938,124.54,9.22,4.559
4774,4.9931,1.2152,125.44,9.82,4.401
4775,5.0165,1.1851,124.78,12.02,4.509
4776,5.0157,1.2125,125.15,12.83,4.53
4777,5.0079,1.2187,125.45,10.63,4.381
4778,4.9962,1.2036,124.83,8.18,4.404
4779,4.9987,1.2135,124.76,9.81,4.417
4780,4.9619,1.2184,125.19,8.57,4.355
4781,4.9734,1.2041,124.62,9.55,4.487
4782,5.0042,1.2102,125.14,10.34,4.603
4783,5.0355,1.213,125.42,12.29,4.462
4784,5.037,1.2145,125.38,12.98,4.416
4785,5.032,1.1879,125.47,9.53,4.406
4786,4.9702,1.1826,125.29,13.06,4.568
4787,5.013,1.1906,125.41,8.79,4.366
4788,4.9897,1.2004,124.7,9.87,4.489
4789,5.02,1.2136,124.99,8.86,4.43
4790,5.0215,1.1833,125.31,10.76,4.38
4791,4.9847,1.2122,125.23,11.85,4.54
4792,4.9998,1.2139,125.07,9.35,4.479
4793,4.9888,1.1926,125.27,10.83,4.526
4794,4.9951,1.1869,125.14,7.85,4.381
4795,4.9667,1.193,124.7,9.68,4.365
4796,5.0394,1.2094,125.25,10.52,4.53
4797,4.9859,1.2132,124.55,6.02,4.625
4798,5.0053,1.182,124.54,10.08,4.418
4799,4.9758,1.2034,125.38,10.85,4.557
4800,5.0226,1.2013,124.94,11.09,4.395
4801,4.9623,1.2075,124.54,10.57,4.629
4802,4.9956,1.1856,124.59,11.1,4.503
4803,5.0061,1.1943,124.8,10.53,4.441
4804,5.0121,1.2014,125.39,10.11,4.516
4805,5.0342,1.2127,125.15,9.51,4.434
4806,4.9989,1.2144,125.27,11.81,4.442
4807,4.9624,1.2042,125.11,11.14,4.461
4808,4.9989,1.1979,124.82,9.53,4.615
4809,5.0066,1.2071,125.38,9.06,4.518
4810,4.9689,1.2034,125.21,7.84,4.598
4811,5.03,1.1812,125.36,10.27,4.438
4812,5.0388,1.2188,124.88,9.31,4.394
4813,4.9915,1.2149,125.15,8.5,4.612
4814,5.0195,1.192,125.27,9.47,4.637
4815,4.9985,1.2013,124.77,8.24,4.388
4816,5.006,1.2151,124.87,10.66,4.392
4817,4.9922,1.2121,124.66,10.41,4.636
4818,4.9864,1.1927,124.65,12.07,4.399
4819,4.9644,1.1934,124.66,10.77,4.404
4820,4.9683,1.1899,125.2,10.33,4.542
4821,4.9642,1.2117,125.28,9.88,4.457
4822,5.0243,1.1993,124.81,10.3,4.626
4823,5.0103,1.1918,124.86,10.62,4.39
4824,4.9902,1.1946,124.91,10.36,4.573
4825,5.0269,1.2042,124.75,11.3,4.55
4826,4.9965,1.1955,124.57,8.86,4.517
4827,5.0289,1.2096,125.11,10.56,4.648
4828,4.9884,1.1991,124.88,10.75,4.459
4829,4.9837,1.2153,124.96,9.48,4.467
4830,5.0161,1.2147,125.24,8.31,4.498
4831,4.9657,1.1951,124.95,10.39,4.627
4832,4.9909,1.1999,124.61,11.43,4.567
4833,5.0144,1.2141,125.22,7.98,4.626
4834,4.9772,1.2113,124.73,11.27,4.571
4835,5.015,1.1935,125.12,8.76,4.486
4836,5.0336,1.1949,124.83,8.17,4.417
4837,4.9847,1.1901,124.9,11.06,4.455
4838,4.9743,1.1822,124.92,11.22,4.564
4839,4.9717,1.1818,125.43,11.42,4.388
4840,5.002,1.2051,125.13,10.5,4.641
4841,4.9627,1.1905,124.7,8.18,4.549
4842,4.9722,1.2069,125.25,10.6,4.543
4843,5.0183,1.2061,125.18,9.65,4.505
4844,4.9804,1.1894,124.95,9.73,4.442
4845,5.0319,1.1981,125.1,10.65,4.432
4846,5.0263,1.2113,125.46,11.35,4.463
4847,5.0325,1.184,125.09,8.77,4.56
4848,4.999,1.1922,125.24,8.21,4.378
4849,5.0361,1.2106,125.49,9.46,4.535
4850,4.9665,1.213,125.1,9.73,4.482
4851,5.0335,1.2028,125.37,9.59,4.556
4852,4.9988,1.2021,125.17,9.19,4.617
4853,5.0362,1.209,124.77,7.36,4.42
4854,4.9855,1.1994,125.18,10.04,4.516
4855,5.0109,1.1938,125.39,8.62,4.598
4856,5.0292,1.1816,124.54,11.15,4.505
4857,5.0218,1.1941,125.16,8.11,4.505
4858,4.9612,1.1966,125.37,9.5,4.649
4859,5.0362,1.1831,124.82,10.09,4.414
4860,4.9941,1.1876,124.71,9.32,4.565
4861,5.013,1.205,124.87,10.26,4.613
4862,5.005,1.1806,124.89,9.72,4.521
4863,4.9763,1.1986,125.23,10.39,4.47
4864,5.025,1.1939,125.47,8.49,4.539
4865,5.0297,1.1921,124.77,10.09,4.36
4866,4.9778,1.2076,124.89,10.96,4.501
4867,4.9889,1.1969,125.16,11.99,4.57
4868,4.9782,1.1923,124.67,11.52,4.495
4869,4.9661,1.2083,124.75,8.66,4.526
4870,5.0212,1.1816,125.42,12.33,4.627
4871,4.9901,1.1976,125.44,11.86,4.494
4872,4.9781,1.1882,124.87,10.82,4.468
4873,5.0276,1.208,124.89,9.95,4.486
4874,5.0157,1.2037,124.57,10.0,4.359
4875,5.0364,1.2033,125.43,10.62,4.424
4876,5.0395,1.2152,125.24,10.09,4.377
4877,5.0359,1.1892,124.95,9.84,4.439
4878,5.0385,1.1962,124.73,8.14,4.581
4879,4.9639,1.1801,124.98,8.47,4.525
4880,4.9807,1.213,124.96,9.18,4.471
4881,4.9788,1.1933,125.41,11.78,4.534
4882,4.981,1.214,125.33,10.87,4.523
4883,5.0361,1.2128,124.83,9.94,4.412
4884,4.9955,1.1987,124.54,9.67,4.466
4885,4.9878,1.1915,125.31,9.43,4.371
4886,4.9982,1.1917,125.19,7.76,4.438
4887,4.9631,1.2057,125.45,10.97,4.517
4888,5.0165,1.186,124.74,12.93,4.568
4889,5.0362,1.2016,124.85,9.26,4.484
4890,4.9677,1.2103,125.06,9.91,4.478
4891,4.9699,1.189,124.77,8.67,4.402
4892,5.0125,1.1813,125.42,9.24,4.578
4893,4.9926,1.2042,125.26,9.45,4.514
4894,5.0102,1.2176,125.1,9.99,4.608
4895,5.0082,1.2162,125.32,9.92,4.568
4896,5.0222,1.1999,124.78,12.67,4.508
4897,4.972,1.195,125.28,11.32,4.46
4898,4.9972,1.2026,124.62,12.16,4.513
4899,4.9657,1.1815,124.92,11.97,4.369
4900,5.0016,1.2127,124.95,13.66,4.545
4901,4.9719,1.2197,125.02,8.01,4.593
4902,4.9878,1.1955,125.45,8.08,4.542
4903,4.996,1.1835,125.37,11.45,4.377
4904,5.0163,1.2019,124.74,9.78,4.454
4905,4.9605,1.1922,125.1,9.3,4.478
4906,4.9804,1.1981,124.9,10.25,4.544
4907,5.0313,1.2119,125.15,12.78,4.458
4908,4.9945,1.2009,125.0,11.51,4.565
4909,4.9844,1.1842,124.64,9.16,4.391
4910,4.9627,1.1824,124.8,9.74,4.513
4911,5.0389,1.2161,125.0,11.12,4.541
4912,4.9692,1.1927,124.81,11.06,4.51
4913,4.9688,1.2018,125.07,10.33,4.405
4914,4.9816,1.1957,125.01,10.02,4.408
4915,4.9991,1.2151,125.21,10.22,4.525
4916,5.024,1.1822,125.31,6.9,4.58
4917,5.0222,1.1837,124.76,11.21,4.356
4918,4.9974,1.2188,125.24,10.21,4.357
4919,5.0237,1.1963,124.83,10.23,4.476
4920,5.0051,1.2136,124.88,9.87,4.482
4921,4.9771,1.2147,125.38,10.73,4.355
4922,4.9759,1.19,124.67,9.54,4.635
4923,5.0225,1.2084,125.02,10.58,4.611
4924,5.0275,1.2182,125.36,10.32,4.522
4925,4.9859,1.2073,124.61,10.48,4.379
4926,5.0128,1.1998,125.3,8.3,4.587
4927,5.0156,1.2111,124.58,9.78,4.515
4928,4.9801,1.2159,124.58,9.99,4.394
4929,5.0386,1.2136,125.16,10.02,4.373
4930,4.9802,1.2088,125.43,11.36,4.473
4931,4.9984,1.1807,125.15,11.25,4.436
4932,5.011,1.1812,124.68,10.16,4.448
4933,5.0008,1.2075,125.29,9.68,4.386
4934,5.0127,1.2027,124.56,9.84,4.637
4935,4.9984,1.2088,124.69,9.2,4.593
4936,5.0101,1.1826,124.77,10.7,4.643
4937,4.9887,1.1956,125.07,12.34,4.5
4938,4.9896,1.2149,125.01,11.03,4.486
4939,4.9926,1.1922,125.25,11.3,4.406
4940,5.0149,1.1862,124.53,11.33,4.359
4941,4.9841,1.1972,125.29,8.96,4.61
4942,4.9755,1.1972,124.68,10.99,4.484
4943,5.0222,1.2049,124.92,11.69,4.377
4944,5.0122,1.2185,125.43,9.2,4.476
4945,4.9779,1.2133,125.28,10.69,4.476
4946,4.9645,1.183,124.65,9.9,4.4
4947,4.9997,1.1939,125.14,9.46,4.426
4948,5.0186,1.2065,125.08,9.42,4.615
4949,4.9651,1.1819,124.71,10.04,4.631
4950,4.999,1.2106,125.45,8.93,4.382
4951,4.9605,1.1821,124.98,11.63,4.617
4952,5.0278,1.2001,124.87,11.29,4.504
4953,5.0163,1.1806,124.73,10.87,4.534
4954,5.0016,1.1885,124.93,11.53,4.476
4955,4.9723,1.197,124.61,9.7,4.504
4956,4.9862,1.2153,124.51,10.63,4.391
4957,5.0045,1.2081,125.05,10.52,4.369
4958,5.0359,1.2052,125.36,10.04,4.469
4959,4.9666,1.2102,124.68,10.14,4.377
4960,4.9742,1.197,125.27,8.34,4.613
4961,5.0178,1.181,125.32,10.34,4.618
4962,5.0108,1.2166,124.93,8.4,4.593
4963,5.0093,1.2174,125.4,8.39,4.414
4964,4.9798,1.2167,124.74,9.38,4.408
4965,5.0085,1.1984,125.08,9.21,4.593
4966,4.972,1.182,124.71,8.04,4.63
4967,4.998,1.1966,124.82,9.72,4.377
4968,4.9758,1.2098,125.42,12.1,4.538
4969,4.9959,1.2074,125.11,11.42,4.372
4970,5.0368,1.2077,124.75,9.16,4.366
4971,5.0164,1.1844,125.37,8.45,4.574
4972,5.0233,1.2023,124.68,8.03,4.522
4973,4.9921,1.2118,125.15,7.95,4.575
4974,5.0394,1.2086,125.09,11.46,4.37
4975,5.0248,1.1879,124.99,10.77,4.579
4976,5.0159,1.1803,124.65,12.25,4.499
4977,4.9691,1.2115,124.96,9.15,4.648
4978,4.9784,1.1942,124.63,10.17,4.648
4979,5.002,1.2186,124.57,9.46,4.502
4980,5.0359,1.1802,125.14,11.48,4.473
4981,5.0391,1.2099,124.63,10.33,4.476
4982,4.9685,1.2064,125.04,9.75,4.6
4983,4.9987,1.1814,124.58,11.45,4.369
4984,4.9771,1.1867,125.4,11.13,4.528
4985,4.9864,1.2026,124.88,10.02,4.492
4986,4.9728,1.1942,125.44,9.97,4.608
4987,5.0096,1.2126,124.9,9.79,4.552
4988,5.0255,1.2196,124.69,10.07,4.583
4989,5.0239,1.1976,125.04,8.41,4.463
4990,5.0227,1.2113,125.28,11.96,4.608
4991,4.9869,1.1997,124.74,7.7,4.478
4992,5.0027,1.2163,124.78,9.61,4.525
4993,5.0341,1.2096,125.15,11.54,4.615
4994,4.9926,1.2158,124.73,8.86,4.619
4995,4.9624,1.198,124.5,8.84,4.406
4996,5.039,1.2088,124.86,12.43,4.601
4997,4.9629,1.2172,124.98,9.05,4.529
4998,5.0199,1.1809,124.95,11.52,4.614
4999,5.0149,1.2191,124.81,8.64,4.514
