timestamp,voltage,current,temperature,iddq,prop_delay,criticality_level,label
2026-03-30T00:00:00.000Z,4.9744,1.1978,124.9573,10.8,4.539,2,normal
2026-03-30T00:00:01.000Z,4.9573,1.2051,124.8291,10.58,4.426,2,normal
2026-03-30T00:00:02.000Z,4.9866,1.2015,125.0,10.13,4.525,2,normal
2026-03-30T00:00:03.000Z,4.9744,1.1905,124.8291,8.84,4.421,2,normal
2026-03-30T00:00:04.000Z,4.9621,1.1978,125.0,10.56,4.575,2,normal
2026-03-30T00:00:05.000Z,4.9792,1.2088,124.8718,11.24,4.517,2,normal
2026-03-30T00:00:06.000Z,4.9597,1.1868,124.9573,9.29,4.482,2,normal
2026-03-30T00:00:07.000Z,4.9695,1.1941,124.6154,8.35,4.511,2,normal
2026-03-30T00:00:08.000Z,4.9719,1.2015,124.8291,10.9,4.433,2,normal
2026-03-30T00:00:09.000Z,4.9817,1.1978,124.8291,11.57,4.478,2,normal
2026-03-30T00:00:10.000Z,4.9817,1.1978,124.7436,12.62,4.523,2,normal
2026-03-30T00:00:11.000Z,4.9719,1.1978,124.7436,9.25,4.48,2,normal
2026-03-30T00:00:12.000Z,4.9744,1.1941,125.0,9.39,4.556,2,normal
2026-03-30T00:00:13.000Z,4.9695,1.2051,124.7863,10.15,4.463,2,normal
2026-03-30T00:00:14.000Z,4.9988,1.2015,124.8718,9.27,4.524,2,normal
2026-03-30T00:00:15.000Z,4.989,1.1941,124.4872,10.1,4.456,2,normal
2026-03-30T00:00:16.000Z,4.9719,1.1905,124.6581,8.67,4.483,2,normal
2026-03-30T00:00:17.000Z,5.011,1.1978,124.8291,9.93,4.426,2,normal
2026-03-30T00:00:18.000Z,4.9841,1.2015,124.9145,8.82,4.43,2,normal
2026-03-30T00:00:19.000Z,4.9988,1.1868,124.359,9.28,4.553,2,normal
2026-03-30T00:00:20.000Z,4.9768,1.1978,124.9573,8.69,4.464,2,normal
2026-03-30T00:00:21.000Z,4.9719,1.1941,124.6581,10.42,4.571,2,normal
2026-03-30T00:00:22.000Z,4.9695,1.1978,124.7863,9.94,4.566,2,normal
2026-03-30T00:00:23.000Z,4.9695,1.1941,124.7863,8.74,4.444,2,normal
2026-03-30T00:00:24.000Z,4.9646,1.2015,124.7009,8.53,4.419,2,normal
2026-03-30T00:00:25.000Z,4.9768,1.2088,124.6581,8.9,4.551,2,normal
2026-03-30T00:00:26.000Z,4.9792,1.2088,124.6581,7.98,4.432,2,normal
2026-03-30T00:00:27.000Z,4.9768,1.2015,124.6154,7.95,4.439,2,normal
2026-03-30T00:00:28.000Z,4.9768,1.1978,124.4872,12.19,4.485,2,normal
2026-03-30T00:00:29.000Z,4.989,1.1978,124.7009,9.16,4.468,2,normal
2026-03-30T00:00:30.000Z,4.9744,1.1941,124.8718,10.49,4.44,2,normal
2026-03-30T00:00:31.000Z,4.9841,1.1978,124.6581,9.48,4.453,2,normal
2026-03-30T00:00:32.000Z,4.9817,1.2015,124.8291,12.43,4.557,2,normal
2026-03-30T00:00:33.000Z,4.9792,1.1978,124.7436,9.24,4.44,2,normal
2026-03-30T00:00:34.000Z,4.9719,1.1905,124.7863,10.29,4.549,2,normal
2026-03-30T00:00:35.000Z,4.9792,1.1941,124.6581,10.42,4.493,2,normal
2026-03-30T00:00:36.000Z,4.9621,1.2015,124.5726,9.84,4.483,2,normal
2026-03-30T00:00:37.000Z,4.9939,1.1978,124.4444,10.61,4.488,2,normal
2026-03-30T00:00:38.000Z,4.9792,1.1978,124.4872,12.48,4.488,2,normal
2026-03-30T00:00:39.000Z,4.967,1.2161,124.7009,11.29,4.553,2,normal
2026-03-30T00:00:40.000Z,4.9719,1.2015,124.9145,9.41,4.498,2,normal
2026-03-30T00:00:41.000Z,4.9866,1.2051,124.6154,10.31,4.575,2,normal
2026-03-30T00:00:42.000Z,4.9939,1.1941,124.5726,10.23,4.57,2,normal
2026-03-30T00:00:43.000Z,4.9768,1.1978,124.7863,9.29,4.467,2,normal
2026-03-30T00:00:44.000Z,4.9744,1.1905,124.7863,9.45,4.429,2,normal
2026-03-30T00:00:45.000Z,4.9695,1.2015,124.4017,9.31,4.57,2,normal
2026-03-30T00:00:46.000Z,4.9792,1.1941,124.6581,8.94,4.456,2,normal
2026-03-30T00:00:47.000Z,4.9915,1.1978,124.7863,11.49,4.518,2,normal
2026-03-30T00:00:48.000Z,4.9817,1.1868,124.4017,9.47,4.449,2,normal
2026-03-30T00:00:49.000Z,4.9695,1.1941,124.5299,10.93,4.466,2,normal
2026-03-30T00:00:50.000Z,4.9915,1.2051,124.4444,10.42,4.576,2,normal
2026-03-30T00:00:51.000Z,4.9768,1.2015,124.6154,10.78,4.567,2,normal
2026-03-30T00:00:52.000Z,4.9621,1.1978,124.7863,10.44,4.554,2,normal
2026-03-30T00:00:53.000Z,4.9621,1.2051,124.4872,9.74,4.419,2,normal
2026-03-30T00:00:54.000Z,4.9695,1.1941,124.5726,7.57,4.44,2,normal
2026-03-30T00:00:55.000Z,4.9792,1.1941,124.5726,9.59,4.514,2,normal
2026-03-30T00:00:56.000Z,4.9695,1.1978,124.5299,9.21,4.496,2,normal
2026-03-30T00:00:57.000Z,4.9646,1.2051,124.7863,10.61,4.464,2,normal
2026-03-30T00:00:58.000Z,4.9768,1.1978,124.7863,9.27,4.538,2,normal
2026-03-30T00:00:59.000Z,4.9719,1.2015,124.359,9.87,4.558,2,normal
2026-03-30T00:01:00.000Z,4.9695,1.2015,124.7009,8.61,4.443,2,normal
2026-03-30T00:01:01.000Z,4.9817,1.2051,124.6154,8.69,4.556,2,normal
2026-03-30T00:01:02.000Z,4.9719,1.1978,124.6154,10.44,4.543,2,normal
2026-03-30T00:01:03.000Z,4.9695,1.1978,124.6154,9.45,4.567,2,normal
2026-03-30T00:01:04.000Z,4.9548,1.2015,124.7863,7.74,4.425,2,normal
2026-03-30T00:01:05.000Z,4.967,1.2088,124.4872,9.0,4.556,2,normal
2026-03-30T00:01:06.000Z,4.9695,1.2015,124.5726,9.36,4.558,2,normal
2026-03-30T00:01:07.000Z,4.9695,1.2015,124.5726,8.73,4.467,2,normal
2026-03-30T00:01:08.000Z,4.9695,1.2015,124.5299,9.99,4.47,2,normal
2026-03-30T00:01:09.000Z,4.9573,1.1978,124.7863,11.57,4.484,2,normal
2026-03-30T00:01:10.000Z,4.9744,1.2015,124.7009,9.71,4.574,2,normal
2026-03-30T00:01:11.000Z,4.9988,1.1978,124.6581,10.46,4.487,2,normal
2026-03-30T00:01:12.000Z,4.967,1.1941,124.4872,9.02,4.479,2,normal
2026-03-30T00:01:13.000Z,4.9719,1.1978,124.4017,9.79,4.565,2,normal
2026-03-30T00:01:14.000Z,4.9719,1.1978,124.2735,8.11,4.474,2,normal
2026-03-30T00:01:15.000Z,4.9817,1.1978,124.7009,10.8,4.554,2,normal
2026-03-30T00:01:16.000Z,4.967,1.1978,124.4872,10.97,4.482,2,normal
2026-03-30T00:01:17.000Z,4.9817,1.1905,124.4872,11.18,4.525,2,normal
2026-03-30T00:01:18.000Z,4.967,1.1978,124.6581,11.29,4.419,2,normal
2026-03-30T00:01:19.000Z,4.9866,1.1941,124.4444,9.05,4.491,2,normal
2026-03-30T00:01:20.000Z,4.9792,1.1905,124.4017,10.26,4.544,2,normal
2026-03-30T00:01:21.000Z,4.9792,1.1941,124.5299,9.72,4.471,2,normal
2026-03-30T00:01:22.000Z,4.9597,1.1978,124.6154,9.18,4.451,2,normal
2026-03-30T00:01:23.000Z,4.9768,1.1905,124.6154,10.25,4.43,2,normal
2026-03-30T00:01:24.000Z,4.9841,1.2015,124.3162,11.5,4.494,2,normal
2026-03-30T00:01:25.000Z,4.9915,1.2088,124.4872,9.94,4.54,2,normal
2026-03-30T00:01:26.000Z,4.9817,1.2051,124.6154,12.49,4.501,2,normal
2026-03-30T00:01:27.000Z,4.9792,1.2015,124.6154,8.87,4.546,2,normal
2026-03-30T00:01:28.000Z,4.9499,1.1905,124.2735,8.23,4.559,2,normal
2026-03-30T00:01:29.000Z,4.9646,1.1905,124.3162,9.76,4.504,2,normal
2026-03-30T00:01:30.000Z,4.967,1.1941,124.7009,10.07,4.459,2,normal
2026-03-30T00:01:31.000Z,4.9621,1.1941,124.3162,9.61,4.46,2,normal
2026-03-30T00:01:32.000Z,4.9792,1.1978,124.6154,10.9,4.504,2,normal
2026-03-30T00:01:33.000Z,4.9817,1.1978,124.5726,8.2,4.428,2,normal
2026-03-30T00:01:34.000Z,4.9817,1.1978,124.3162,10.22,4.483,2,normal
2026-03-30T00:01:35.000Z,4.9695,1.1978,124.6581,7.78,4.541,2,normal
2026-03-30T00:01:36.000Z,4.9768,1.1941,124.4872,11.42,4.554,2,normal
2026-03-30T00:01:37.000Z,4.9719,1.1978,124.6154,8.46,4.515,2,normal
2026-03-30T00:01:38.000Z,4.9841,1.1978,124.4872,9.98,4.47,2,normal
2026-03-30T00:01:39.000Z,4.967,1.2015,124.4017,10.96,4.437,2,normal
2026-03-30T00:01:40.000Z,4.9744,1.1941,124.4444,10.78,4.421,2,normal
2026-03-30T00:01:41.000Z,4.9719,1.1978,124.4444,9.95,4.478,2,normal
2026-03-30T00:01:42.000Z,4.9841,1.2015,124.5299,8.76,4.537,2,normal
2026-03-30T00:01:43.000Z,4.9695,1.2015,124.5299,9.99,4.504,2,normal
2026-03-30T00:01:44.000Z,4.9768,1.1941,124.6154,8.28,4.522,2,normal
2026-03-30T00:01:45.000Z,4.9524,1.2015,124.4872,10.09,4.443,2,normal
2026-03-30T00:01:46.000Z,4.9866,1.1978,124.6154,9.59,4.53,2,normal
2026-03-30T00:01:47.000Z,4.9695,1.1941,124.4872,8.68,4.436,2,normal
2026-03-30T00:01:48.000Z,4.9524,1.2015,124.6581,10.08,4.47,2,normal
2026-03-30T00:01:49.000Z,4.9524,1.1941,124.3162,10.93,4.429,2,normal
2026-03-30T00:01:50.000Z,4.9621,1.2051,124.4017,11.03,4.553,2,normal
2026-03-30T00:01:51.000Z,4.9719,1.2088,124.4017,9.65,4.472,2,normal
2026-03-30T00:01:52.000Z,4.9792,1.1941,124.359,9.8,4.552,2,normal
2026-03-30T00:01:53.000Z,4.9719,1.2051,124.4872,9.47,4.55,2,normal
2026-03-30T00:01:54.000Z,4.9646,1.1978,124.4444,6.89,4.461,2,normal
2026-03-30T00:01:55.000Z,4.9646,1.1941,124.5299,10.01,4.535,2,normal
2026-03-30T00:01:56.000Z,4.9963,1.2015,124.4444,9.43,4.557,2,normal
2026-03-30T00:01:57.000Z,4.9866,1.1941,124.4872,9.15,4.421,2,normal
2026-03-30T00:01:58.000Z,4.9719,1.2015,124.5299,11.88,4.472,2,normal
2026-03-30T00:01:59.000Z,4.9646,1.1978,124.6581,10.08,4.571,2,normal
2026-03-30T00:02:00.000Z,4.9841,1.1905,124.6581,10.05,4.529,2,normal
2026-03-30T00:02:01.000Z,4.967,1.2015,124.359,9.35,4.452,2,normal
2026-03-30T00:02:02.000Z,4.967,1.1941,124.4444,9.22,4.502,2,normal
2026-03-30T00:02:03.000Z,4.9841,1.1941,124.2308,11.37,4.458,2,normal
2026-03-30T00:02:04.000Z,4.9817,1.2015,124.4872,10.41,4.503,2,normal
2026-03-30T00:02:05.000Z,4.9695,1.2015,124.4872,11.17,4.533,2,normal
2026-03-30T00:02:06.000Z,4.9744,1.1978,124.6581,10.43,4.45,2,normal
2026-03-30T00:02:07.000Z,4.9817,1.2051,124.4872,10.0,4.461,2,normal
2026-03-30T00:02:08.000Z,4.9744,1.1978,124.6581,9.35,4.557,2,normal
2026-03-30T00:02:09.000Z,4.9768,1.1941,124.188,9.22,4.485,2,normal
2026-03-30T00:02:10.000Z,4.9792,1.2051,124.4872,9.4,4.548,2,normal
2026-03-30T00:02:11.000Z,4.9792,1.1978,124.4444,9.58,4.44,2,normal
2026-03-30T00:02:12.000Z,4.9719,1.2015,124.359,9.82,4.539,2,normal
2026-03-30T00:02:13.000Z,4.9646,1.2015,124.2735,11.2,4.488,2,normal
2026-03-30T00:02:14.000Z,4.9841,1.2051,124.188,9.74,4.514,2,normal
2026-03-30T00:02:15.000Z,4.9646,1.2015,124.2735,9.56,4.45,2,normal
2026-03-30T00:02:16.000Z,4.9719,1.2015,124.4444,10.26,4.417,2,normal
2026-03-30T00:02:17.000Z,4.9792,1.1978,124.2735,10.62,4.528,2,normal
2026-03-30T00:02:18.000Z,4.9646,1.1941,124.4017,7.44,4.543,2,normal
2026-03-30T00:02:19.000Z,4.9646,1.2051,124.3162,9.34,4.503,2,normal
2026-03-30T00:02:20.000Z,4.9597,1.2015,124.2735,9.43,4.443,2,normal
2026-03-30T00:02:21.000Z,4.9915,1.1941,124.4017,9.45,4.436,2,normal
2026-03-30T00:02:22.000Z,4.9621,1.2051,124.4017,9.37,4.496,2,normal
2026-03-30T00:02:23.000Z,4.9768,1.1941,124.4872,10.29,4.457,2,normal
2026-03-30T00:02:24.000Z,4.989,1.2015,124.7863,8.66,4.571,2,normal
2026-03-30T00:02:25.000Z,4.9768,1.1978,124.7009,10.25,4.54,2,normal
2026-03-30T00:02:26.000Z,4.9792,1.2015,124.2735,9.45,4.509,2,normal
2026-03-30T00:02:27.000Z,4.967,1.2015,124.359,10.42,4.47,2,normal
2026-03-30T00:02:28.000Z,4.9597,1.1941,124.3162,11.38,4.463,2,normal
2026-03-30T00:02:29.000Z,4.9695,1.1941,124.7436,9.54,4.47,2,normal
2026-03-30T00:02:30.000Z,4.9988,1.1941,124.2735,10.6,4.572,2,normal
2026-03-30T00:02:31.000Z,4.9646,1.1978,124.359,10.22,4.475,2,normal
2026-03-30T00:02:32.000Z,4.9621,1.1978,124.4872,9.1,4.506,2,normal
2026-03-30T00:02:33.000Z,4.9719,1.1978,124.6154,9.35,4.574,2,normal
2026-03-30T00:02:34.000Z,4.9719,1.2015,124.4017,11.07,4.505,2,normal
2026-03-30T00:02:35.000Z,4.9939,1.2051,124.8718,9.3,4.438,2,normal
2026-03-30T00:02:36.000Z,4.9646,1.1978,124.5726,8.55,4.462,2,normal
2026-03-30T00:02:37.000Z,4.9524,1.1978,124.7009,11.38,4.481,2,normal
2026-03-30T00:02:38.000Z,4.9695,1.2051,124.6154,8.32,4.463,2,normal
2026-03-30T00:02:39.000Z,4.967,1.2051,124.4872,9.32,4.549,2,normal
2026-03-30T00:02:40.000Z,4.9841,1.1832,124.4444,7.66,4.495,2,normal
2026-03-30T00:02:41.000Z,4.9866,1.1941,124.5726,11.1,4.504,2,normal
2026-03-30T00:02:42.000Z,4.9792,1.2015,124.359,11.49,4.507,2,normal
2026-03-30T00:02:43.000Z,4.9939,1.2088,124.4872,10.39,4.529,2,normal
2026-03-30T00:02:44.000Z,4.967,1.1941,124.5299,8.06,4.575,2,normal
2026-03-30T00:02:45.000Z,4.9768,1.1941,124.4444,9.84,4.556,2,normal
2026-03-30T00:02:46.000Z,4.9695,1.1941,124.5726,9.69,4.534,2,normal
2026-03-30T00:02:47.000Z,4.9841,1.2015,124.2735,10.89,4.57,2,normal
2026-03-30T00:02:48.000Z,4.989,1.1941,124.359,8.02,4.552,2,normal
2026-03-30T00:02:49.000Z,4.9695,1.1978,124.5726,11.57,4.54,2,normal
2026-03-30T00:02:50.000Z,4.9744,1.2051,124.4872,10.55,4.565,2,normal
2026-03-30T00:02:51.000Z,4.9768,1.1978,124.7009,10.14,4.52,2,normal
2026-03-30T00:02:52.000Z,4.967,1.1941,124.5726,7.56,4.426,2,normal
2026-03-30T00:02:53.000Z,4.967,1.1978,124.4872,10.33,4.503,2,normal
2026-03-30T00:02:54.000Z,4.9695,1.2015,124.2308,10.22,4.555,2,normal
2026-03-30T00:02:55.000Z,4.9719,1.2015,124.4017,9.52,4.49,2,normal
2026-03-30T00:02:56.000Z,4.9841,1.2088,124.4444,9.98,4.561,2,normal
2026-03-30T00:02:57.000Z,4.9719,1.1941,124.4444,10.24,4.511,2,normal
2026-03-30T00:02:58.000Z,4.967,1.1978,124.359,12.06,4.448,2,normal
2026-03-30T00:02:59.000Z,4.9841,1.2015,124.359,11.33,4.508,2,normal
2026-03-30T00:03:00.000Z,4.9768,1.2051,124.5726,9.66,4.462,2,normal
2026-03-30T00:03:01.000Z,4.9695,1.1978,124.2735,9.45,4.513,2,normal
2026-03-30T00:03:02.000Z,4.9768,1.1978,124.1453,11.79,4.511,2,normal
2026-03-30T00:03:03.000Z,4.9866,1.1941,124.359,8.65,4.531,2,normal
2026-03-30T00:03:04.000Z,4.9597,1.1905,124.3162,8.04,4.52,2,normal
2026-03-30T00:03:05.000Z,4.9866,1.1905,124.4017,8.95,4.43,2,normal
2026-03-30T00:03:06.000Z,4.9915,1.2015,124.4017,10.4,4.502,2,normal
2026-03-30T00:03:07.000Z,4.9744,1.2088,124.6581,8.79,4.46,2,normal
2026-03-30T00:03:08.000Z,4.9646,1.2015,124.5299,8.1,4.472,2,normal
2026-03-30T00:03:09.000Z,4.9939,1.2088,124.7436,12.25,4.556,2,normal
2026-03-30T00:03:10.000Z,4.9475,1.2088,124.4017,9.43,4.476,2,normal
2026-03-30T00:03:11.000Z,4.9744,1.1941,124.4872,9.58,4.525,2,normal
2026-03-30T00:03:12.000Z,4.9646,1.2051,124.359,7.39,4.434,2,normal
2026-03-30T00:03:13.000Z,4.9792,1.2051,124.4872,8.89,4.563,2,normal
2026-03-30T00:03:14.000Z,4.9792,1.2051,124.4872,7.62,4.465,2,normal
2026-03-30T00:03:15.000Z,4.9792,1.2051,124.4017,9.53,4.495,2,normal
2026-03-30T00:03:16.000Z,4.989,1.2015,124.7436,10.89,4.526,2,normal
2026-03-30T00:03:17.000Z,4.9524,1.1905,124.4444,10.78,4.443,2,normal
2026-03-30T00:03:18.000Z,4.9792,1.1941,124.4017,9.93,4.568,2,normal
2026-03-30T00:03:19.000Z,4.9768,1.1868,124.6154,10.89,4.555,2,normal
2026-03-30T00:03:20.000Z,4.9841,1.1868,124.6581,9.04,4.475,2,normal
2026-03-30T00:03:21.000Z,4.9792,1.2051,124.4017,11.4,4.489,2,normal
2026-03-30T00:03:22.000Z,4.9646,1.1978,124.359,9.7,4.543,2,normal
2026-03-30T00:03:23.000Z,4.9817,1.1978,124.4872,9.7,4.539,2,normal
2026-03-30T00:03:24.000Z,4.9817,1.2015,124.4872,9.12,4.44,2,normal
2026-03-30T00:03:25.000Z,4.9744,1.2015,124.4872,9.37,4.438,2,normal
2026-03-30T00:03:26.000Z,4.9817,1.1978,124.4872,9.65,4.419,2,normal
2026-03-30T00:03:27.000Z,4.9695,1.1978,124.4872,10.51,4.426,2,normal
2026-03-30T00:03:28.000Z,4.9646,1.1978,124.4444,8.55,4.542,2,normal
2026-03-30T00:03:29.000Z,4.9768,1.1868,124.4017,9.78,4.423,2,normal
2026-03-30T00:03:30.000Z,4.9573,1.1941,124.5299,9.71,4.573,2,normal
2026-03-30T00:03:31.000Z,4.9792,1.1941,124.6154,10.92,4.496,2,normal
2026-03-30T00:03:32.000Z,4.9744,1.2051,124.5299,10.65,4.428,2,normal
2026-03-30T00:03:33.000Z,4.989,1.1941,124.4444,9.56,4.575,2,normal
2026-03-30T00:03:34.000Z,4.9744,1.1978,124.3162,9.51,4.528,2,normal
2026-03-30T00:03:35.000Z,4.9646,1.2015,124.6154,8.08,4.453,2,normal
2026-03-30T00:03:36.000Z,4.9792,1.1978,124.359,10.91,4.482,2,normal
2026-03-30T00:03:37.000Z,4.9817,1.1978,124.6154,8.94,4.442,2,normal
2026-03-30T00:03:38.000Z,4.9744,1.2015,124.5299,9.44,4.433,2,normal
2026-03-30T00:03:39.000Z,4.9573,1.1941,124.4444,9.33,4.508,2,normal
2026-03-30T00:03:40.000Z,4.9817,1.1941,124.4444,11.21,4.537,2,normal
2026-03-30T00:03:41.000Z,4.9646,1.2051,124.6154,9.6,4.475,2,normal
2026-03-30T00:03:42.000Z,4.9719,1.1978,124.359,9.16,4.434,2,normal
2026-03-30T00:03:43.000Z,4.967,1.2015,124.5299,8.38,4.547,2,normal
2026-03-30T00:03:44.000Z,4.9548,1.2015,124.7009,8.48,4.523,2,normal
2026-03-30T00:03:45.000Z,4.9792,1.2015,124.7863,9.15,4.448,2,normal
2026-03-30T00:03:46.000Z,4.967,1.1978,124.4444,9.97,4.556,2,normal
2026-03-30T00:03:47.000Z,4.9719,1.2051,124.3162,11.1,4.421,2,normal
2026-03-30T00:03:48.000Z,4.9695,1.1941,124.4444,10.37,4.476,2,normal
2026-03-30T00:03:49.000Z,4.9597,1.1978,124.4017,9.65,4.426,2,normal
2026-03-30T00:03:50.000Z,4.9866,1.1978,124.5726,9.08,4.523,2,normal
2026-03-30T00:03:51.000Z,4.9768,1.1978,124.3162,11.74,4.434,2,normal
2026-03-30T00:03:52.000Z,4.9792,1.1978,124.359,8.64,4.523,2,normal
2026-03-30T00:03:53.000Z,4.9792,1.1978,124.6154,9.82,4.466,2,normal
2026-03-30T00:03:54.000Z,4.9817,1.1978,124.4872,10.9,4.418,2,normal
2026-03-30T00:03:55.000Z,4.9695,1.1941,124.4444,11.09,4.497,2,normal
2026-03-30T00:03:56.000Z,4.9597,1.2088,124.6154,10.9,4.426,2,normal
2026-03-30T00:03:57.000Z,4.9792,1.2051,124.7863,8.8,4.511,2,normal
2026-03-30T00:03:58.000Z,4.967,1.2015,124.4444,10.02,4.469,2,normal
2026-03-30T00:03:59.000Z,4.9621,1.2051,124.5299,7.63,4.432,2,normal
2026-03-30T00:04:00.000Z,4.9695,1.1941,124.5299,9.14,4.481,2,normal
2026-03-30T00:04:01.000Z,4.9841,1.1978,124.4017,10.45,4.498,2,normal
2026-03-30T00:04:02.000Z,4.9841,1.2015,124.6154,9.31,4.534,2,normal
2026-03-30T00:04:03.000Z,4.9597,1.1978,124.5726,10.54,4.45,2,normal
2026-03-30T00:04:04.000Z,4.967,1.1978,124.2735,9.22,4.539,2,normal
2026-03-30T00:04:05.000Z,4.9768,1.2015,124.2308,8.55,4.563,2,normal
2026-03-30T00:04:06.000Z,4.9695,1.1905,124.2735,8.2,4.516,2,normal
2026-03-30T00:04:07.000Z,4.9792,1.1941,124.4872,10.22,4.461,2,normal
2026-03-30T00:04:08.000Z,4.9792,1.1978,124.6154,11.07,4.427,2,normal
2026-03-30T00:04:09.000Z,4.9719,1.2051,124.4872,8.17,4.516,2,normal
2026-03-30T00:04:10.000Z,4.9744,1.1905,124.3162,9.15,4.559,2,normal
2026-03-30T00:04:11.000Z,4.9817,1.1978,124.188,8.97,4.491,2,normal
2026-03-30T00:04:12.000Z,4.9792,1.2088,124.4872,11.36,4.472,2,normal
2026-03-30T00:04:13.000Z,4.9646,1.2015,124.4444,10.63,4.487,2,normal
2026-03-30T00:04:14.000Z,4.9817,1.2015,124.3162,10.76,4.461,2,normal
2026-03-30T00:04:15.000Z,4.9817,1.1905,124.359,8.67,4.519,2,normal
2026-03-30T00:04:16.000Z,4.9768,1.1978,124.5299,9.04,4.533,2,normal
2026-03-30T00:04:17.000Z,4.9573,1.2015,124.2735,9.08,4.51,2,normal
2026-03-30T00:04:18.000Z,4.9841,1.2051,124.5726,9.53,4.48,2,normal
2026-03-30T00:04:19.000Z,4.9621,1.1978,124.188,10.84,4.542,2,normal
2026-03-30T00:04:20.000Z,4.9621,1.2015,124.5726,8.24,4.528,2,normal
2026-03-30T00:04:21.000Z,4.9744,1.1941,124.2735,10.32,4.473,2,normal
2026-03-30T00:04:22.000Z,4.9817,1.2051,124.5299,9.45,4.453,2,normal
2026-03-30T00:04:23.000Z,4.9792,1.2015,124.4872,9.43,4.54,2,normal
2026-03-30T00:04:24.000Z,4.9573,1.2051,124.6154,10.15,4.542,2,normal
2026-03-30T00:04:25.000Z,4.9841,1.2051,124.5726,11.74,4.541,2,normal
2026-03-30T00:04:26.000Z,4.9695,1.1941,124.4872,10.32,4.526,2,normal
2026-03-30T00:04:27.000Z,4.9866,1.1978,124.4872,11.74,4.488,2,normal
2026-03-30T00:04:28.000Z,4.9744,1.2015,124.359,8.63,4.55,2,normal
2026-03-30T00:04:29.000Z,4.9939,1.2051,124.2308,9.68,4.459,2,normal
2026-03-30T00:04:30.000Z,4.9841,1.2088,124.3162,9.38,4.544,2,normal
2026-03-30T00:04:31.000Z,4.9817,1.1941,124.5299,8.07,4.506,2,normal
2026-03-30T00:04:32.000Z,4.9866,1.2015,124.7009,9.17,4.54,2,normal
2026-03-30T00:04:33.000Z,4.9963,1.2015,124.4017,10.84,4.567,2,normal
2026-03-30T00:04:34.000Z,4.9866,1.1978,124.4872,10.09,4.425,2,normal
2026-03-30T00:04:35.000Z,4.9768,1.2051,124.359,9.8,4.421,2,normal
2026-03-30T00:04:36.000Z,4.967,1.1941,124.7436,8.29,4.442,2,normal
2026-03-30T00:04:37.000Z,4.9939,1.1978,124.4017,9.26,4.528,2,normal
2026-03-30T00:04:38.000Z,4.9768,1.2015,124.4444,10.28,4.55,2,normal
2026-03-30T00:04:39.000Z,4.9719,1.1978,124.2308,9.71,4.461,2,normal
2026-03-30T00:04:40.000Z,4.9792,1.1905,124.4444,10.85,4.49,2,normal
2026-03-30T00:04:41.000Z,4.989,1.1978,124.7009,9.81,4.501,2,normal
2026-03-30T00:04:42.000Z,4.9817,1.1941,124.4872,10.55,4.455,2,normal
2026-03-30T00:04:43.000Z,4.9841,1.2125,124.2735,11.42,4.426,2,normal
2026-03-30T00:04:44.000Z,4.9744,1.2051,124.2735,9.71,4.478,2,normal
2026-03-30T00:04:45.000Z,4.9792,1.2015,124.2735,9.71,4.418,2,normal
2026-03-30T00:04:46.000Z,4.967,1.1978,124.4872,8.26,4.541,2,normal
2026-03-30T00:04:47.000Z,4.967,1.2051,124.4444,10.26,4.547,2,normal
2026-03-30T00:04:48.000Z,4.9915,1.1905,124.5726,10.28,4.518,2,normal
2026-03-30T00:04:49.000Z,4.9719,1.2015,124.4872,8.62,4.464,2,normal
2026-03-30T00:04:50.000Z,4.9768,1.2088,124.5726,10.59,4.5,2,normal
2026-03-30T00:04:51.000Z,4.9744,1.1978,124.6581,11.84,4.449,2,normal
2026-03-30T00:04:52.000Z,4.989,1.2015,124.3162,9.06,4.435,2,normal
2026-03-30T00:04:53.000Z,4.9915,1.1978,124.2735,7.38,4.476,2,normal
2026-03-30T00:04:54.000Z,4.9744,1.1868,124.6581,9.95,4.502,2,normal
2026-03-30T00:04:55.000Z,4.9597,1.2051,124.5299,10.63,4.55,2,normal
2026-03-30T00:04:56.000Z,4.9744,1.2051,124.359,10.65,4.465,2,normal
2026-03-30T00:04:57.000Z,4.9695,1.1978,124.359,8.84,4.423,2,normal
2026-03-30T00:04:58.000Z,4.9695,1.2051,124.5726,9.88,4.575,2,normal
2026-03-30T00:04:59.000Z,4.9744,1.1978,124.5299,9.05,4.546,2,normal
2026-03-30T00:05:00.000Z,4.9548,1.2051,124.3162,11.06,4.542,2,normal
2026-03-30T00:05:01.000Z,4.9768,1.2015,124.5299,8.8,4.479,2,normal
2026-03-30T00:05:02.000Z,4.9695,1.1941,124.2735,7.29,4.475,2,normal
2026-03-30T00:05:03.000Z,4.9621,1.1941,124.4872,9.66,4.522,2,normal
2026-03-30T00:05:04.000Z,4.9817,1.1978,124.4872,8.52,4.479,2,normal
2026-03-30T00:05:05.000Z,4.9719,1.1978,124.359,11.09,4.576,2,normal
2026-03-30T00:05:06.000Z,4.9988,1.1978,124.4017,9.88,4.552,2,normal
2026-03-30T00:05:07.000Z,4.9817,1.1978,124.1453,9.95,4.523,2,normal
2026-03-30T00:05:08.000Z,4.9695,1.1978,124.5299,10.23,4.505,2,normal
2026-03-30T00:05:09.000Z,4.9646,1.1978,124.7009,7.37,4.521,2,normal
2026-03-30T00:05:10.000Z,4.9646,1.2015,124.5299,10.41,4.44,2,normal
2026-03-30T00:05:11.000Z,4.9744,1.1941,124.4872,9.5,4.546,2,normal
2026-03-30T00:05:12.000Z,4.9719,1.2015,124.2735,10.33,4.576,2,normal
2026-03-30T00:05:13.000Z,4.9646,1.2015,124.4444,7.73,4.429,2,normal
2026-03-30T00:05:14.000Z,4.9744,1.1905,124.6581,10.45,4.474,2,normal
2026-03-30T00:05:15.000Z,4.9646,1.1978,124.6581,9.35,4.574,2,normal
2026-03-30T00:05:16.000Z,4.9841,1.2015,124.1453,9.99,4.438,2,normal
2026-03-30T00:05:17.000Z,4.9841,1.1978,124.5299,8.86,4.568,2,normal
2026-03-30T00:05:18.000Z,4.9646,1.1978,124.7009,11.56,4.508,2,normal
2026-03-30T00:05:19.000Z,4.9817,1.1941,124.5726,9.61,4.444,2,normal
2026-03-30T00:05:20.000Z,4.9744,1.1941,124.5299,8.34,4.514,2,normal
2026-03-30T00:05:21.000Z,4.9646,1.2015,124.5726,9.65,4.426,2,normal
2026-03-30T00:05:22.000Z,4.967,1.1941,124.359,8.24,4.483,2,normal
2026-03-30T00:05:23.000Z,4.967,1.1978,124.359,9.16,4.57,2,normal
2026-03-30T00:05:24.000Z,4.9768,1.1978,124.188,8.91,4.426,2,normal
2026-03-30T00:05:25.000Z,4.9792,1.1941,124.6154,9.98,4.515,2,normal
2026-03-30T00:05:26.000Z,4.9915,1.1978,124.359,7.57,4.571,2,normal
2026-03-30T00:05:27.000Z,4.9841,1.1941,124.5726,9.51,4.492,2,normal
2026-03-30T00:05:28.000Z,4.9841,1.2015,124.4444,10.4,4.478,2,normal
2026-03-30T00:05:29.000Z,4.9719,1.2015,124.4017,9.34,4.469,2,normal
2026-03-30T00:05:30.000Z,4.9719,1.2015,124.359,8.49,4.499,2,normal
2026-03-30T00:05:31.000Z,4.9768,1.2125,124.359,10.24,4.497,2,normal
2026-03-30T00:05:32.000Z,4.9744,1.1978,124.5726,10.19,4.497,2,normal
2026-03-30T00:05:33.000Z,4.967,1.1941,124.6154,10.17,4.554,2,normal
2026-03-30T00:05:34.000Z,4.9841,1.1978,124.188,7.86,4.473,2,normal
2026-03-30T00:05:35.000Z,4.9841,1.2015,124.3162,11.2,4.427,2,normal
2026-03-30T00:05:36.000Z,4.9744,1.1978,124.2308,13.2,4.524,2,normal
2026-03-30T00:05:37.000Z,4.9939,1.1941,124.7863,11.21,4.473,2,normal
2026-03-30T00:05:38.000Z,4.9695,1.2015,124.7009,11.23,4.499,2,normal
2026-03-30T00:05:39.000Z,4.9768,1.1978,124.5299,11.01,4.491,2,normal
2026-03-30T00:05:40.000Z,4.9695,1.1978,124.3162,11.23,4.442,2,normal
2026-03-30T00:05:41.000Z,4.9744,1.1978,124.7009,10.92,4.551,2,normal
2026-03-30T00:05:42.000Z,4.9719,1.1978,124.2308,11.82,4.474,2,normal
2026-03-30T00:05:43.000Z,4.9524,1.1905,124.2735,8.79,4.533,2,normal
2026-03-30T00:05:44.000Z,4.9744,1.1868,124.4444,10.34,4.542,2,normal
2026-03-30T00:05:45.000Z,4.9621,1.1978,124.4872,8.37,4.445,2,normal
2026-03-30T00:05:46.000Z,4.967,1.2015,124.3162,9.28,4.525,2,normal
2026-03-30T00:05:47.000Z,4.9817,1.2015,124.8291,10.1,4.47,2,normal
2026-03-30T00:05:48.000Z,4.989,1.1905,124.6154,10.96,4.565,2,normal
2026-03-30T00:05:49.000Z,4.9646,1.2015,124.6581,10.15,4.452,2,normal
2026-03-30T00:05:50.000Z,4.989,1.1941,124.359,9.68,4.443,2,normal
2026-03-30T00:05:51.000Z,4.9719,1.1941,124.5726,11.46,4.533,2,normal
2026-03-30T00:05:52.000Z,4.9646,1.1978,124.3162,9.35,4.456,2,normal
2026-03-30T00:05:53.000Z,4.9744,1.2051,124.359,9.68,4.462,2,normal
2026-03-30T00:05:54.000Z,4.9915,1.1978,124.5299,10.85,4.566,2,normal
2026-03-30T00:05:55.000Z,4.9695,1.2051,124.4872,11.07,4.478,2,normal
2026-03-30T00:05:56.000Z,4.9744,1.2088,124.7436,9.35,4.466,2,normal
2026-03-30T00:05:57.000Z,4.9915,1.1978,124.4017,10.87,4.457,2,normal
2026-03-30T00:05:58.000Z,4.9768,1.1868,124.359,9.2,4.527,2,normal
2026-03-30T00:05:59.000Z,4.9866,1.1978,124.6154,9.46,4.525,2,normal
2026-03-30T00:06:00.000Z,4.9744,1.2051,124.2735,10.2,4.53,2,normal
2026-03-30T00:06:01.000Z,4.9866,1.2051,124.6581,9.96,4.567,2,normal
2026-03-30T00:06:02.000Z,4.989,1.2051,124.188,8.89,4.446,2,normal
2026-03-30T00:06:03.000Z,4.9744,1.1941,124.6154,7.91,4.433,2,normal
2026-03-30T00:06:04.000Z,4.9695,1.1978,124.3162,7.17,4.562,2,normal
2026-03-30T00:06:05.000Z,4.9939,1.2051,124.6154,12.21,4.577,2,normal
2026-03-30T00:06:06.000Z,4.9841,1.2125,124.3162,8.69,4.563,2,normal
2026-03-30T00:06:07.000Z,4.9744,1.1978,124.4872,9.64,4.574,2,normal
2026-03-30T00:06:08.000Z,5.0061,1.1941,124.359,9.48,4.565,2,normal
2026-03-30T00:06:09.000Z,4.967,1.2015,124.5726,10.42,4.444,2,normal
2026-03-30T00:06:10.000Z,4.9768,1.2015,124.359,11.57,4.543,2,normal
2026-03-30T00:06:11.000Z,4.9695,1.2051,124.2308,11.83,4.559,2,normal
2026-03-30T00:06:12.000Z,4.9646,1.2051,124.5299,10.77,4.448,2,normal
2026-03-30T00:06:13.000Z,4.9817,1.1978,124.5299,10.78,4.455,2,normal
2026-03-30T00:06:14.000Z,4.9524,1.1978,124.4872,11.62,4.42,2,normal
2026-03-30T00:06:15.000Z,4.9646,1.2015,124.3162,10.05,4.465,2,normal
2026-03-30T00:06:16.000Z,4.9817,1.2051,124.3162,8.73,4.465,2,normal
2026-03-30T00:06:17.000Z,4.9915,1.1978,124.7009,11.45,4.453,2,normal
2026-03-30T00:06:18.000Z,4.9792,1.1978,124.5299,8.31,4.484,2,normal
2026-03-30T00:06:19.000Z,4.9719,1.1905,124.3162,9.43,4.451,2,normal
2026-03-30T00:06:20.000Z,4.9939,1.2015,124.4872,9.53,4.488,2,normal
2026-03-30T00:06:21.000Z,4.9719,1.1978,124.4444,9.7,4.505,2,normal
2026-03-30T00:06:22.000Z,4.9744,1.2015,124.2735,10.65,4.499,2,normal
2026-03-30T00:06:23.000Z,4.9817,1.1978,124.5299,9.63,4.499,2,normal
2026-03-30T00:06:24.000Z,4.9646,1.1941,124.5299,9.78,4.427,2,normal
2026-03-30T00:06:25.000Z,4.9792,1.1978,124.188,8.66,4.545,2,normal
2026-03-30T00:06:26.000Z,4.9621,1.2051,124.4444,10.16,4.428,2,normal
2026-03-30T00:06:27.000Z,4.9744,1.2088,124.8291,11.08,4.425,2,normal
2026-03-30T00:06:28.000Z,4.9841,1.2015,124.2308,6.64,4.518,2,normal
2026-03-30T00:06:29.000Z,4.9915,1.1905,124.0598,11.33,4.558,2,normal
2026-03-30T00:06:30.000Z,4.9866,1.1978,124.3162,8.61,4.52,2,normal
2026-03-30T00:06:31.000Z,4.9817,1.1941,124.4017,9.52,4.533,2,normal
2026-03-30T00:06:32.000Z,4.9768,1.2051,124.4872,10.01,4.525,2,normal
2026-03-30T00:06:33.000Z,4.9719,1.2015,124.2735,9.04,4.471,2,normal
2026-03-30T00:06:34.000Z,4.9988,1.1978,124.4017,9.29,4.545,2,normal
2026-03-30T00:06:35.000Z,4.9841,1.2015,124.2308,9.67,4.448,2,normal
2026-03-30T00:06:36.000Z,4.9768,1.1941,124.4872,8.84,4.425,2,normal
2026-03-30T00:06:37.000Z,4.967,1.2015,124.4444,10.66,4.555,2,normal
2026-03-30T00:06:38.000Z,4.9792,1.1978,124.6154,11.95,4.535,2,normal
2026-03-30T00:06:39.000Z,4.989,1.1978,124.4017,8.96,4.464,2,normal
2026-03-30T00:06:40.000Z,4.9866,1.2015,124.6154,10.86,4.427,2,normal
2026-03-30T00:06:41.000Z,4.9695,1.2051,124.7436,9.08,4.488,2,normal
2026-03-30T00:06:42.000Z,4.9768,1.2051,124.0598,9.15,4.539,2,normal
2026-03-30T00:06:43.000Z,4.9866,1.2015,124.4017,10.75,4.537,2,normal
2026-03-30T00:06:44.000Z,4.9792,1.1978,124.188,11.51,4.543,2,normal
2026-03-30T00:06:45.000Z,4.9695,1.2051,124.6154,9.61,4.44,2,normal
2026-03-30T00:06:46.000Z,4.9817,1.1941,124.4872,7.8,4.552,2,normal
2026-03-30T00:06:47.000Z,4.9841,1.2015,124.6581,10.76,4.526,2,normal
2026-03-30T00:06:48.000Z,4.9646,1.2015,124.2308,11.61,4.532,2,normal
2026-03-30T00:06:49.000Z,4.9719,1.2015,124.3162,9.07,4.569,2,normal
2026-03-30T00:06:50.000Z,4.9792,1.2015,124.8291,9.82,4.58,2,normal
2026-03-30T00:06:51.000Z,4.9768,1.1978,124.359,9.36,4.562,2,normal
2026-03-30T00:06:52.000Z,4.9695,1.1941,124.2308,10.78,4.473,2,normal
2026-03-30T00:06:53.000Z,4.989,1.1978,124.4444,9.87,4.573,2,normal
2026-03-30T00:06:54.000Z,4.9792,1.2051,124.188,9.23,4.481,2,normal
2026-03-30T00:06:55.000Z,4.9744,1.2015,124.359,10.55,4.566,2,normal
2026-03-30T00:06:56.000Z,4.9719,1.2015,124.3162,10.67,4.477,2,normal
2026-03-30T00:06:57.000Z,4.967,1.1941,124.5726,8.45,4.459,2,normal
2026-03-30T00:06:58.000Z,4.9524,1.1941,124.6154,8.87,4.446,2,normal
2026-03-30T00:06:59.000Z,4.9695,1.1978,124.4872,8.56,4.564,2,normal
2026-03-30T00:07:00.000Z,4.9719,1.2015,124.2735,9.93,4.551,2,normal
2026-03-30T00:07:01.000Z,4.9719,1.2015,124.6581,8.73,4.553,2,normal
2026-03-30T00:07:02.000Z,4.9915,1.2051,124.4872,9.95,4.476,2,normal
2026-03-30T00:07:03.000Z,4.967,1.1941,124.3162,8.95,4.494,2,normal
2026-03-30T00:07:04.000Z,4.9768,1.2051,124.6581,10.02,4.462,2,normal
2026-03-30T00:07:05.000Z,4.9768,1.2015,124.4872,8.28,4.546,2,normal
2026-03-30T00:07:06.000Z,4.9744,1.2015,124.5299,10.25,4.448,2,normal
2026-03-30T00:07:07.000Z,4.9719,1.1978,124.188,10.95,4.475,2,normal
2026-03-30T00:07:08.000Z,4.9841,1.2015,124.3162,9.78,4.525,2,normal
2026-03-30T00:07:09.000Z,4.9646,1.2051,124.5726,8.38,4.433,2,normal
2026-03-30T00:07:10.000Z,4.9841,1.2015,124.3162,9.88,4.443,2,normal
2026-03-30T00:07:11.000Z,4.9768,1.2015,124.3162,8.38,4.553,2,normal
2026-03-30T00:07:12.000Z,4.9841,1.2015,124.6154,10.11,4.557,2,normal
2026-03-30T00:07:13.000Z,4.9695,1.2015,124.6154,10.03,4.567,2,normal
2026-03-30T00:07:14.000Z,4.9695,1.2088,124.6154,10.45,4.469,2,normal
2026-03-30T00:07:15.000Z,4.9719,1.1978,124.6581,8.1,4.482,2,normal
2026-03-30T00:07:16.000Z,4.9792,1.2015,124.5299,12.06,4.48,2,normal
2026-03-30T00:07:17.000Z,4.9695,1.1978,124.5726,9.26,4.576,2,normal
2026-03-30T00:07:18.000Z,4.9646,1.2015,124.4444,9.8,4.487,2,normal
2026-03-30T00:07:19.000Z,4.9695,1.2015,124.5299,7.04,4.481,2,normal
2026-03-30T00:07:20.000Z,4.9744,1.1978,124.4872,13.43,4.496,2,normal
2026-03-30T00:07:21.000Z,4.9939,1.1941,124.2308,10.53,4.52,2,normal
2026-03-30T00:07:22.000Z,4.9841,1.2015,124.6581,8.18,4.431,2,normal
2026-03-30T00:07:23.000Z,4.989,1.1941,124.6154,8.5,4.468,2,normal
2026-03-30T00:07:24.000Z,4.9768,1.1978,124.4872,10.89,4.46,2,normal
2026-03-30T00:07:25.000Z,4.9817,1.1941,124.5299,10.34,4.482,2,normal
2026-03-30T00:07:26.000Z,4.9768,1.2051,124.6154,10.76,4.47,2,normal
2026-03-30T00:07:27.000Z,4.9817,1.1978,124.359,10.15,4.56,2,normal
2026-03-30T00:07:28.000Z,4.9597,1.1978,124.8291,9.65,4.482,2,normal
2026-03-30T00:07:29.000Z,4.9817,1.1978,124.5299,9.9,4.487,2,normal
2026-03-30T00:07:30.000Z,4.9817,1.2015,124.3162,10.24,4.455,2,normal
2026-03-30T00:07:31.000Z,4.967,1.2015,124.3162,10.34,4.465,2,normal
2026-03-30T00:07:32.000Z,4.9744,1.1941,124.6154,8.48,4.471,2,normal
2026-03-30T00:07:33.000Z,4.9915,1.2088,124.3162,7.43,4.437,2,normal
2026-03-30T00:07:34.000Z,4.9988,1.2015,124.3162,10.78,4.569,2,normal
2026-03-30T00:07:35.000Z,4.9744,1.1978,124.5726,8.64,4.51,2,normal
2026-03-30T00:07:36.000Z,4.9866,1.2015,124.4872,8.82,4.435,2,normal
2026-03-30T00:07:37.000Z,4.9719,1.1905,124.2735,9.33,4.504,2,normal
2026-03-30T00:07:38.000Z,4.9719,1.1978,124.6154,8.71,4.465,2,normal
2026-03-30T00:07:39.000Z,4.9597,1.2015,124.359,8.71,4.497,2,normal
2026-03-30T00:07:40.000Z,4.9695,1.1941,124.4017,8.32,4.543,2,normal
2026-03-30T00:07:41.000Z,4.989,1.1941,124.8718,10.12,4.501,2,normal
2026-03-30T00:07:42.000Z,4.9695,1.1905,124.6581,9.36,4.476,2,normal
2026-03-30T00:07:43.000Z,4.9695,1.1978,124.6154,9.53,4.541,2,normal
2026-03-30T00:07:44.000Z,4.967,1.1978,124.4017,9.57,4.574,2,normal
2026-03-30T00:07:45.000Z,4.967,1.1978,124.4017,6.86,4.486,2,normal
2026-03-30T00:07:46.000Z,4.9768,1.1941,124.5726,9.8,4.511,2,normal
2026-03-30T00:07:47.000Z,4.9719,1.1941,124.3162,11.08,4.51,2,normal
2026-03-30T00:07:48.000Z,4.9768,1.2015,124.3162,9.91,4.482,2,normal
2026-03-30T00:07:49.000Z,4.9744,1.2015,124.5299,9.65,4.467,2,normal
2026-03-30T00:07:50.000Z,4.9768,1.1941,124.359,9.98,4.486,2,normal
2026-03-30T00:07:51.000Z,4.967,1.1978,124.4444,11.85,4.436,2,normal
2026-03-30T00:07:52.000Z,4.9646,1.1978,124.5726,9.27,4.576,2,normal
2026-03-30T00:07:53.000Z,4.9817,1.2015,124.4872,11.12,4.57,2,normal
2026-03-30T00:07:54.000Z,4.9866,1.2015,124.4872,11.38,4.486,2,normal
2026-03-30T00:07:55.000Z,4.9792,1.2015,124.6581,11.37,4.481,2,normal
2026-03-30T00:07:56.000Z,4.9695,1.1978,124.4444,7.77,4.427,2,normal
2026-03-30T00:07:57.000Z,4.989,1.2015,124.7009,10.87,4.491,2,normal
2026-03-30T00:07:58.000Z,4.9963,1.1905,124.4444,9.58,4.511,2,normal
2026-03-30T00:07:59.000Z,4.967,1.1941,124.3162,11.64,4.515,2,normal
2026-03-30T00:08:00.000Z,4.9621,1.1978,124.5726,11.41,4.432,2,normal
2026-03-30T00:08:01.000Z,4.9792,1.1978,124.5299,10.57,4.528,2,normal
2026-03-30T00:08:02.000Z,4.9744,1.2015,124.3162,10.69,4.446,2,normal
2026-03-30T00:08:03.000Z,4.9646,1.1868,124.3162,5.92,4.505,2,normal
2026-03-30T00:08:04.000Z,4.9768,1.1978,124.4017,11.01,4.425,2,normal
2026-03-30T00:08:05.000Z,4.9768,1.2051,124.4444,11.46,4.571,2,normal
2026-03-30T00:08:06.000Z,4.9768,1.1978,124.2735,8.72,4.55,2,normal
2026-03-30T00:08:07.000Z,4.9768,1.2088,124.4017,10.22,4.463,2,normal
2026-03-30T00:08:08.000Z,4.989,1.2015,124.4444,10.97,4.535,2,normal
2026-03-30T00:08:09.000Z,4.9646,1.2015,124.4872,10.24,4.542,2,normal
2026-03-30T00:08:10.000Z,4.967,1.2015,124.5299,9.58,4.533,2,normal
2026-03-30T00:08:11.000Z,4.967,1.2051,124.0171,11.05,4.534,2,normal
2026-03-30T00:08:12.000Z,5.0134,1.1941,124.3162,10.16,4.545,2,normal
2026-03-30T00:08:13.000Z,4.989,1.2015,124.0171,8.92,4.542,2,normal
2026-03-30T00:08:14.000Z,4.9719,1.1978,124.359,8.26,4.443,2,normal
2026-03-30T00:08:15.000Z,4.9817,1.2015,124.5299,10.27,4.473,2,normal
2026-03-30T00:08:16.000Z,4.989,1.1941,124.4444,11.47,4.462,2,normal
2026-03-30T00:08:17.000Z,4.9963,1.2051,124.4444,9.7,4.431,2,normal
2026-03-30T00:08:18.000Z,4.9719,1.2125,124.7436,8.18,4.558,2,normal
2026-03-30T00:08:19.000Z,4.9915,1.1978,124.6581,11.73,4.55,2,normal
2026-03-30T00:08:20.000Z,4.9621,1.1941,124.4872,9.97,4.461,2,normal
2026-03-30T00:08:21.000Z,4.9817,1.1941,124.3162,8.07,4.43,2,normal
2026-03-30T00:08:22.000Z,4.9744,1.2051,124.359,9.41,4.568,2,normal
2026-03-30T00:08:23.000Z,4.9768,1.2015,124.4444,8.01,4.534,2,normal
2026-03-30T00:08:24.000Z,4.9792,1.1978,124.2735,10.14,4.501,2,normal
2026-03-30T00:08:25.000Z,4.9866,1.2015,124.4872,10.75,4.549,2,normal
2026-03-30T00:08:26.000Z,4.9866,1.1941,124.359,9.3,4.471,2,normal
2026-03-30T00:08:27.000Z,4.9744,1.2051,124.4444,11.04,4.49,2,normal
2026-03-30T00:08:28.000Z,4.989,1.1978,124.6581,9.93,4.571,2,normal
2026-03-30T00:08:29.000Z,4.9915,1.2051,124.5299,11.11,4.442,2,normal
2026-03-30T00:08:30.000Z,4.9719,1.1978,124.5726,9.17,4.477,2,normal
2026-03-30T00:08:31.000Z,4.9719,1.1941,124.5299,10.48,4.53,2,normal
2026-03-30T00:08:32.000Z,4.9915,1.1978,124.4872,9.82,4.493,2,normal
2026-03-30T00:08:33.000Z,4.9817,1.1978,124.5299,9.74,4.528,2,normal
2026-03-30T00:08:34.000Z,4.9499,1.1978,124.6581,10.2,4.431,2,normal
2026-03-30T00:08:35.000Z,4.9866,1.2015,124.2735,10.42,4.556,2,normal
2026-03-30T00:08:36.000Z,4.989,1.1978,124.6154,9.29,4.576,2,normal
2026-03-30T00:08:37.000Z,4.9866,1.2051,124.5726,9.98,4.488,2,normal
2026-03-30T00:08:38.000Z,4.9621,1.2015,124.4444,10.82,4.527,2,normal
2026-03-30T00:08:39.000Z,4.9719,1.2051,124.4872,11.01,4.512,2,normal
2026-03-30T00:08:40.000Z,4.9939,1.1978,124.188,10.38,4.458,2,normal
2026-03-30T00:08:41.000Z,4.9817,1.1941,124.6154,8.98,4.542,2,normal
2026-03-30T00:08:42.000Z,4.9573,1.1978,124.359,9.02,4.5,2,normal
2026-03-30T00:08:43.000Z,4.9744,1.1978,124.2308,10.18,4.559,2,normal
2026-03-30T00:08:44.000Z,4.9719,1.2051,124.6154,10.78,4.513,2,normal
2026-03-30T00:08:45.000Z,4.9719,1.2125,124.0598,9.54,4.435,2,normal
2026-03-30T00:08:46.000Z,4.967,1.1941,124.5726,11.2,4.54,2,normal
2026-03-30T00:08:47.000Z,4.9719,1.2015,124.7009,9.97,4.461,2,normal
2026-03-30T00:08:48.000Z,4.9768,1.2015,124.5299,8.56,4.518,2,normal
2026-03-30T00:08:49.000Z,4.9768,1.1978,124.3162,9.37,4.502,2,normal
2026-03-30T00:08:50.000Z,4.9695,1.1978,124.359,11.12,4.449,2,normal
2026-03-30T00:08:51.000Z,4.9646,1.1941,124.5299,10.92,4.552,2,normal
2026-03-30T00:08:52.000Z,4.9719,1.1978,124.4444,8.1,4.552,2,normal
2026-03-30T00:08:53.000Z,4.9768,1.1941,124.5299,10.39,4.515,2,normal
2026-03-30T00:08:54.000Z,4.9915,1.1978,124.359,9.26,4.529,2,normal
2026-03-30T00:08:55.000Z,4.9695,1.2051,124.4444,9.45,4.542,2,normal
2026-03-30T00:08:56.000Z,4.9695,1.2051,124.4444,11.3,4.46,2,normal
2026-03-30T00:08:57.000Z,4.9646,1.2088,124.6581,10.3,4.463,2,normal
2026-03-30T00:08:58.000Z,4.9817,1.1978,124.7009,9.71,4.491,2,normal
2026-03-30T00:08:59.000Z,4.9841,1.1941,124.359,9.39,4.456,2,normal
2026-03-30T00:09:00.000Z,4.9841,1.1978,124.6154,9.09,4.499,2,normal
2026-03-30T00:09:01.000Z,4.9817,1.1978,124.7436,11.23,4.48,2,normal
2026-03-30T00:09:02.000Z,4.9939,1.2051,124.6581,8.78,4.564,2,normal
2026-03-30T00:09:03.000Z,4.9646,1.1978,124.4444,10.93,4.533,2,normal
2026-03-30T00:09:04.000Z,4.9792,1.1941,124.4444,10.83,4.561,2,normal
2026-03-30T00:09:05.000Z,4.9915,1.2125,124.5726,9.56,4.428,2,normal
2026-03-30T00:09:06.000Z,4.9768,1.2015,124.359,8.99,4.505,2,normal
2026-03-30T00:09:07.000Z,4.9768,1.1941,124.5726,9.51,4.517,2,normal
2026-03-30T00:09:08.000Z,4.9792,1.1905,124.2735,9.9,4.446,2,normal
2026-03-30T00:09:09.000Z,4.967,1.1978,124.6581,10.04,4.485,2,normal
2026-03-30T00:09:10.000Z,4.9841,1.2051,124.4872,7.88,4.569,2,normal
2026-03-30T00:09:11.000Z,4.9768,1.2051,124.7009,8.42,4.435,2,normal
2026-03-30T00:09:12.000Z,4.9744,1.1978,124.359,9.86,4.576,2,normal
2026-03-30T00:09:13.000Z,4.9719,1.2088,124.4444,8.7,4.5,2,normal
2026-03-30T00:09:14.000Z,4.967,1.2015,124.4017,9.77,4.432,2,normal
2026-03-30T00:09:15.000Z,4.989,1.2051,124.6581,10.59,4.487,2,normal
2026-03-30T00:09:16.000Z,4.9744,1.1978,124.5726,10.89,4.546,2,normal
2026-03-30T00:09:17.000Z,4.9597,1.1978,124.4017,10.68,4.429,2,normal
2026-03-30T00:09:18.000Z,4.9915,1.1978,124.5299,9.54,4.443,2,normal
2026-03-30T00:09:19.000Z,4.9792,1.1868,124.3162,9.16,4.449,2,normal
2026-03-30T00:09:20.000Z,4.9841,1.2015,124.4444,10.32,4.526,2,normal
2026-03-30T00:09:21.000Z,4.9621,1.2088,124.5726,10.44,4.471,2,normal
2026-03-30T00:09:22.000Z,4.9792,1.1941,124.5726,10.98,4.526,2,normal
2026-03-30T00:09:23.000Z,5.0061,1.2051,124.4444,10.09,4.488,2,normal
2026-03-30T00:09:24.000Z,4.9695,1.1905,124.4444,10.35,4.439,2,normal
2026-03-30T00:09:25.000Z,4.9768,1.2015,124.7436,9.87,4.551,2,normal
2026-03-30T00:09:26.000Z,4.9866,1.1941,124.3162,8.63,4.457,2,normal
2026-03-30T00:09:27.000Z,4.9744,1.2088,124.4872,10.85,4.488,2,normal
2026-03-30T00:09:28.000Z,4.9915,1.2015,124.7009,9.02,4.425,2,normal
2026-03-30T00:09:29.000Z,4.9768,1.1905,124.359,8.88,4.479,2,normal
2026-03-30T00:09:30.000Z,4.9792,1.2015,124.7009,10.63,4.449,2,normal
2026-03-30T00:09:31.000Z,4.9963,1.2051,124.4017,10.2,4.455,2,normal
2026-03-30T00:09:32.000Z,4.9866,1.1978,124.4444,9.73,4.461,2,normal
2026-03-30T00:09:33.000Z,4.9817,1.2051,124.5299,8.95,4.518,2,normal
2026-03-30T00:09:34.000Z,4.9597,1.2088,124.5726,9.76,4.476,2,normal
2026-03-30T00:09:35.000Z,4.9719,1.2051,124.3162,9.12,4.478,2,normal
2026-03-30T00:09:36.000Z,4.9841,1.2015,124.5299,12.28,4.542,2,normal
2026-03-30T00:09:37.000Z,4.9866,1.1905,124.9145,9.62,4.58,2,normal
2026-03-30T00:09:38.000Z,4.9744,1.1978,124.5299,9.13,4.548,2,normal
2026-03-30T00:09:39.000Z,4.9744,1.2015,124.5299,9.86,4.553,2,normal
2026-03-30T00:09:40.000Z,4.967,1.2051,124.4872,7.99,4.446,2,normal
2026-03-30T00:09:41.000Z,4.967,1.1941,124.2308,7.4,4.42,2,normal
2026-03-30T00:09:42.000Z,4.9524,1.1941,124.359,9.26,4.447,2,normal
2026-03-30T00:09:43.000Z,4.9744,1.1941,124.7863,9.99,4.498,2,normal
2026-03-30T00:09:44.000Z,4.9792,1.2015,124.5726,11.27,4.418,2,normal
2026-03-30T00:09:45.000Z,4.9719,1.2051,124.5726,11.23,4.565,2,normal
2026-03-30T00:09:46.000Z,4.9695,1.2051,124.5299,10.09,4.565,2,normal
2026-03-30T00:09:47.000Z,4.9573,1.2088,124.5299,7.64,4.478,2,normal
2026-03-30T00:09:48.000Z,4.9719,1.2015,124.6154,10.48,4.44,2,normal
2026-03-30T00:09:49.000Z,4.9963,1.2015,124.6581,7.09,4.521,2,normal
2026-03-30T00:09:50.000Z,4.9988,1.1941,124.6581,7.43,4.543,2,normal
2026-03-30T00:09:51.000Z,4.989,1.2015,124.4872,10.75,4.527,2,normal
2026-03-30T00:09:52.000Z,4.9866,1.2125,124.6154,9.02,4.48,2,normal
2026-03-30T00:09:53.000Z,4.9744,1.2051,124.8718,10.28,4.568,2,normal
2026-03-30T00:09:54.000Z,4.9744,1.1868,124.5726,8.81,4.44,2,normal
2026-03-30T00:09:55.000Z,4.9695,1.2015,124.4444,9.78,4.559,2,normal
2026-03-30T00:09:56.000Z,4.9841,1.1941,124.6581,8.07,4.49,2,normal
2026-03-30T00:09:57.000Z,4.9841,1.2015,124.4444,10.23,4.434,2,normal
2026-03-30T00:09:58.000Z,4.9768,1.1978,124.6154,6.89,4.56,2,normal
2026-03-30T00:09:59.000Z,4.9768,1.1978,124.3162,9.68,4.492,2,normal
2026-03-30T00:10:00.000Z,4.9646,1.1978,124.6154,9.27,4.43,2,normal
2026-03-30T00:10:01.000Z,4.9695,1.1941,124.5299,12.45,4.43,2,normal
2026-03-30T00:10:02.000Z,4.9841,1.1978,124.5299,8.44,4.561,2,normal
2026-03-30T00:10:03.000Z,4.9841,1.1941,124.6154,9.04,4.423,2,normal
2026-03-30T00:10:04.000Z,4.9744,1.2015,124.5299,9.45,4.434,2,normal
2026-03-30T00:10:05.000Z,4.9817,1.1978,124.4872,8.13,4.534,2,normal
2026-03-30T00:10:06.000Z,4.9841,1.1978,124.4444,10.23,4.508,2,normal
2026-03-30T00:10:07.000Z,4.9719,1.1941,124.5299,10.81,4.465,2,normal
2026-03-30T00:10:08.000Z,4.9646,1.2015,124.359,10.09,4.444,2,normal
2026-03-30T00:10:09.000Z,4.9792,1.2015,124.4444,9.04,4.48,2,normal
2026-03-30T00:10:10.000Z,4.9768,1.2051,124.2308,10.59,4.445,2,normal
2026-03-30T00:10:11.000Z,4.9695,1.1941,124.5726,10.19,4.493,2,normal
2026-03-30T00:10:12.000Z,4.9841,1.2088,124.4872,10.6,4.523,2,normal
2026-03-30T00:10:13.000Z,4.9817,1.1868,124.5726,9.11,4.512,2,normal
2026-03-30T00:10:14.000Z,4.9695,1.2015,124.188,8.71,4.501,2,normal
2026-03-30T00:10:15.000Z,4.967,1.2051,124.5726,9.01,4.431,2,normal
2026-03-30T00:10:16.000Z,4.967,1.1868,124.6581,9.88,4.547,2,normal
2026-03-30T00:10:17.000Z,4.9646,1.2051,124.359,11.17,4.444,2,normal
2026-03-30T00:10:18.000Z,4.9744,1.2015,124.8718,9.41,4.488,2,normal
2026-03-30T00:10:19.000Z,4.9744,1.2051,124.6154,9.88,4.552,2,normal
2026-03-30T00:10:20.000Z,4.9988,1.2015,124.4444,9.64,4.478,2,normal
2026-03-30T00:10:21.000Z,4.9817,1.1978,124.359,11.1,4.556,2,normal
2026-03-30T00:10:22.000Z,4.9621,1.1941,124.5299,9.71,4.484,2,normal
2026-03-30T00:10:23.000Z,4.9866,1.2015,124.5726,7.17,4.565,2,normal
2026-03-30T00:10:24.000Z,4.9744,1.1978,124.4017,11.24,4.472,2,normal
2026-03-30T00:10:25.000Z,4.9817,1.1941,124.359,9.98,4.422,2,normal
2026-03-30T00:10:26.000Z,4.9817,1.1941,124.4444,8.74,4.423,2,normal
2026-03-30T00:10:27.000Z,4.9695,1.2015,124.5726,11.79,4.565,2,normal
2026-03-30T00:10:28.000Z,4.9744,1.2015,124.4872,8.98,4.462,2,normal
2026-03-30T00:10:29.000Z,4.9768,1.2088,124.2308,11.15,4.437,2,normal
2026-03-30T00:10:30.000Z,4.9744,1.2015,124.6154,9.09,4.485,2,normal
2026-03-30T00:10:31.000Z,4.9719,1.2015,124.4017,11.93,4.535,2,normal
2026-03-30T00:10:32.000Z,4.9548,1.2015,124.4872,8.62,4.444,2,normal
2026-03-30T00:10:33.000Z,4.9866,1.2051,124.4017,11.54,4.557,2,normal
2026-03-30T00:10:34.000Z,4.9768,1.2051,124.5726,7.99,4.458,2,normal
2026-03-30T00:10:35.000Z,4.9817,1.1978,124.1453,8.9,4.546,2,normal
2026-03-30T00:10:36.000Z,4.9744,1.2015,124.2735,10.02,4.475,2,normal
2026-03-30T00:10:37.000Z,4.9719,1.2051,124.4017,8.74,4.473,2,normal
2026-03-30T00:10:38.000Z,4.9939,1.1978,124.6154,8.15,4.463,2,normal
2026-03-30T00:10:39.000Z,4.9792,1.1868,124.4017,8.54,4.553,2,normal
2026-03-30T00:10:40.000Z,4.9646,1.1978,124.3162,11.0,4.42,2,normal
2026-03-30T00:10:41.000Z,4.9597,1.2088,124.5299,10.02,4.522,2,normal
2026-03-30T00:10:42.000Z,4.9744,1.1978,124.4444,11.94,4.466,2,normal
2026-03-30T00:10:43.000Z,4.9719,1.1941,124.6581,10.43,4.474,2,normal
2026-03-30T00:10:44.000Z,4.9866,1.1941,124.4444,7.94,4.48,2,normal
2026-03-30T00:10:45.000Z,4.9841,1.1941,124.6154,8.02,4.478,2,normal
2026-03-30T00:10:46.000Z,4.9646,1.1978,124.359,10.36,4.427,2,normal
2026-03-30T00:10:47.000Z,4.9744,1.2015,124.7009,9.24,4.533,2,normal
2026-03-30T00:10:48.000Z,4.9719,1.2051,124.5726,11.48,4.562,2,normal
2026-03-30T00:10:49.000Z,4.9597,1.1941,124.5726,8.9,4.528,2,normal
2026-03-30T00:10:50.000Z,4.9621,1.2015,124.4444,9.85,4.484,2,normal
2026-03-30T00:10:51.000Z,4.9768,1.1978,124.4444,8.41,4.447,2,normal
2026-03-30T00:10:52.000Z,4.9695,1.1905,124.4444,9.43,4.562,2,normal
2026-03-30T00:10:53.000Z,4.9646,1.2051,124.4017,8.03,4.557,2,normal
2026-03-30T00:10:54.000Z,4.9792,1.2015,124.4872,10.51,4.546,2,normal
2026-03-30T00:10:55.000Z,4.9695,1.1978,124.4872,8.93,4.432,2,normal
2026-03-30T00:10:56.000Z,4.989,1.1978,124.3162,11.73,4.468,2,normal
2026-03-30T00:10:57.000Z,4.9841,1.2015,124.4444,8.82,4.555,2,normal
2026-03-30T00:10:58.000Z,4.9646,1.2088,124.1453,10.83,4.495,2,normal
2026-03-30T00:10:59.000Z,4.9695,1.1978,124.5726,10.26,4.555,2,normal
2026-03-30T00:11:00.000Z,4.9817,1.1941,124.5299,10.69,4.562,2,normal
2026-03-30T00:11:01.000Z,4.9792,1.1978,124.359,7.89,4.494,2,normal
2026-03-30T00:11:02.000Z,4.9719,1.1978,124.4017,9.77,4.46,2,normal
2026-03-30T00:11:03.000Z,4.9695,1.2015,124.4872,8.54,4.54,2,normal
2026-03-30T00:11:04.000Z,4.9841,1.1941,124.6581,9.04,4.573,2,normal
2026-03-30T00:11:05.000Z,4.9768,1.2015,124.4444,10.92,4.419,2,normal
2026-03-30T00:11:06.000Z,4.9939,1.2015,124.359,11.45,4.515,2,normal
2026-03-30T00:11:07.000Z,4.9915,1.1978,124.4872,10.37,4.478,2,normal
2026-03-30T00:11:08.000Z,4.9719,1.2015,124.4017,8.98,4.463,2,normal
2026-03-30T00:11:09.000Z,4.9621,1.1941,124.4444,11.91,4.577,2,normal
2026-03-30T00:11:10.000Z,4.9939,1.1978,124.2735,10.39,4.566,2,normal
2026-03-30T00:11:11.000Z,4.9719,1.2015,124.6154,11.74,4.439,2,normal
2026-03-30T00:11:12.000Z,4.9621,1.2015,124.4444,10.82,4.522,2,normal
2026-03-30T00:11:13.000Z,4.9817,1.1978,124.7863,11.37,4.427,2,normal
2026-03-30T00:11:14.000Z,4.9744,1.1978,124.7009,9.74,4.529,2,normal
2026-03-30T00:11:15.000Z,4.9817,1.1941,124.359,9.46,4.44,2,normal
2026-03-30T00:11:16.000Z,4.9621,1.1978,124.4017,11.46,4.523,2,normal
2026-03-30T00:11:17.000Z,4.989,1.2051,124.4444,11.51,4.433,2,normal
2026-03-30T00:11:18.000Z,4.9719,1.2015,124.4444,10.22,4.449,2,normal
2026-03-30T00:11:19.000Z,4.9841,1.1978,124.4872,9.76,4.529,2,normal
2026-03-30T00:11:20.000Z,4.9792,1.1941,124.4444,9.88,4.566,2,normal
2026-03-30T00:11:21.000Z,4.9768,1.1941,124.4444,7.65,4.55,2,normal
2026-03-30T00:11:22.000Z,4.9719,1.2051,124.4444,10.6,4.533,2,normal
2026-03-30T00:11:23.000Z,4.9817,1.2015,124.5726,13.31,4.465,2,normal
2026-03-30T00:11:24.000Z,4.9768,1.2015,124.4017,10.14,4.463,2,normal
2026-03-30T00:11:25.000Z,4.967,1.1978,124.4872,9.36,4.539,2,normal
2026-03-30T00:11:26.000Z,4.9817,1.1978,124.7436,9.33,4.476,2,normal
2026-03-30T00:11:27.000Z,4.9817,1.2015,124.2735,9.47,4.545,2,normal
2026-03-30T00:11:28.000Z,4.9841,1.2015,124.5299,9.67,4.479,2,normal
2026-03-30T00:11:29.000Z,4.9621,1.1941,124.6154,8.25,4.437,2,normal
2026-03-30T00:11:30.000Z,4.9719,1.2015,124.4444,9.62,4.484,2,normal
2026-03-30T00:11:31.000Z,4.967,1.1978,124.2308,9.15,4.476,2,normal
2026-03-30T00:11:32.000Z,4.9768,1.1941,124.4444,7.85,4.572,2,normal
2026-03-30T00:11:33.000Z,4.9915,1.2015,124.7009,10.7,4.425,2,normal
2026-03-30T00:11:34.000Z,4.9841,1.1978,124.4444,8.2,4.539,2,normal
2026-03-30T00:11:35.000Z,4.9695,1.2051,124.3162,9.59,4.47,2,normal
2026-03-30T00:11:36.000Z,4.9744,1.2051,124.2308,10.76,4.455,2,normal
2026-03-30T00:11:37.000Z,4.989,1.1905,124.359,11.29,4.505,2,normal
2026-03-30T00:11:38.000Z,4.9768,1.1978,124.5299,9.36,4.553,2,normal
2026-03-30T00:11:39.000Z,4.9597,1.2051,124.6581,10.52,4.458,2,normal
2026-03-30T00:11:40.000Z,4.9744,1.2015,124.5299,11.51,4.482,2,normal
2026-03-30T00:11:41.000Z,4.9866,1.2015,124.4872,8.68,4.554,2,normal
2026-03-30T00:11:42.000Z,4.9768,1.1905,124.4017,9.88,4.433,2,normal
2026-03-30T00:11:43.000Z,4.9817,1.2015,124.3162,9.83,4.512,2,normal
2026-03-30T00:11:44.000Z,4.9695,1.1941,124.359,9.8,4.524,2,normal
2026-03-30T00:11:45.000Z,4.9719,1.2015,124.6154,10.18,4.491,2,normal
2026-03-30T00:11:46.000Z,4.9719,1.1905,124.2735,10.1,4.53,2,normal
2026-03-30T00:11:47.000Z,4.9866,1.2015,124.6581,10.95,4.551,2,normal
2026-03-30T00:11:48.000Z,4.9744,1.1905,124.5726,9.65,4.425,2,normal
2026-03-30T00:11:49.000Z,4.9817,1.1978,124.5299,8.08,4.434,2,normal
2026-03-30T00:11:50.000Z,4.9719,1.2051,124.4017,9.36,4.49,2,normal
2026-03-30T00:11:51.000Z,4.9597,1.2051,124.5299,10.63,4.567,2,normal
2026-03-30T00:11:52.000Z,4.9646,1.2015,124.5726,8.65,4.524,2,normal
2026-03-30T00:11:53.000Z,4.9744,1.1941,124.5299,9.89,4.425,2,normal
2026-03-30T00:11:54.000Z,4.9695,1.1941,124.7436,10.08,4.567,2,normal
2026-03-30T00:11:55.000Z,4.989,1.1978,124.5726,9.29,4.479,2,normal
2026-03-30T00:11:56.000Z,4.9646,1.1941,124.2308,9.78,4.572,2,normal
2026-03-30T00:11:57.000Z,4.967,1.1978,124.7009,12.85,4.575,2,normal
2026-03-30T00:11:58.000Z,4.9768,1.1941,124.4017,10.78,4.536,2,normal
2026-03-30T00:11:59.000Z,4.9915,1.2051,124.4017,8.46,4.565,2,normal
2026-03-30T00:12:00.000Z,4.9719,1.1978,124.4017,9.18,4.472,2,normal
2026-03-30T00:12:01.000Z,4.9499,1.1905,124.2735,7.47,4.497,2,normal
2026-03-30T00:12:02.000Z,4.967,1.2015,124.4017,10.56,4.494,2,normal
2026-03-30T00:12:03.000Z,4.9695,1.1905,124.2735,10.76,4.55,2,normal
2026-03-30T00:12:04.000Z,4.9939,1.2015,124.4017,8.54,4.42,2,normal
2026-03-30T00:12:05.000Z,4.989,1.2015,124.6154,11.72,4.443,2,normal
2026-03-30T00:12:06.000Z,4.9841,1.2051,124.4444,8.37,4.464,2,normal
2026-03-30T00:12:07.000Z,4.9744,1.2015,124.4872,9.38,4.556,2,normal
2026-03-30T00:12:08.000Z,4.9573,1.1978,124.4444,8.39,4.456,2,normal
2026-03-30T00:12:09.000Z,4.9597,1.1978,124.5299,11.53,4.566,2,normal
2026-03-30T00:12:10.000Z,4.9915,1.2051,124.188,9.65,4.502,2,normal
2026-03-30T00:12:11.000Z,4.9768,1.1941,124.5726,8.52,4.557,2,normal
2026-03-30T00:12:12.000Z,4.9573,1.1978,124.6154,8.31,4.54,2,normal
2026-03-30T00:12:13.000Z,4.9719,1.2015,124.2735,6.89,4.463,2,normal
2026-03-30T00:12:14.000Z,4.989,1.2015,124.5726,10.55,4.499,2,normal
2026-03-30T00:12:15.000Z,4.9841,1.1978,124.359,9.63,4.509,2,normal
2026-03-30T00:12:16.000Z,4.9841,1.1978,124.4444,9.21,4.441,2,normal
2026-03-30T00:12:17.000Z,4.9792,1.2051,124.4444,9.21,4.522,2,normal
2026-03-30T00:12:18.000Z,4.9768,1.1941,124.2735,11.38,4.466,2,normal
2026-03-30T00:12:19.000Z,4.9817,1.2051,124.4872,10.44,4.483,2,normal
2026-03-30T00:12:20.000Z,4.9744,1.2015,124.4017,10.63,4.47,2,normal
2026-03-30T00:12:21.000Z,4.9817,1.1978,124.4017,8.44,4.576,2,normal
2026-03-30T00:12:22.000Z,4.9499,1.2051,124.6581,10.01,4.491,2,normal
2026-03-30T00:12:23.000Z,4.967,1.1905,124.6581,7.91,4.528,2,normal
2026-03-30T00:12:24.000Z,4.9963,1.2051,124.3162,9.44,4.501,2,normal
2026-03-30T00:12:25.000Z,4.9988,1.2015,124.4017,8.85,4.544,2,normal
2026-03-30T00:12:26.000Z,4.9768,1.2015,124.4444,9.41,4.499,2,normal
2026-03-30T00:12:27.000Z,4.9744,1.2051,124.5726,9.5,4.419,2,normal
2026-03-30T00:12:28.000Z,4.9817,1.2015,124.6581,7.64,4.486,2,normal
2026-03-30T00:12:29.000Z,4.9841,1.1941,124.6154,6.9,4.542,2,normal
2026-03-30T00:12:30.000Z,4.9573,1.1978,124.2308,9.14,4.489,2,normal
2026-03-30T00:12:31.000Z,4.9792,1.2088,124.4444,10.54,4.506,2,normal
2026-03-30T00:12:32.000Z,4.9719,1.1978,124.359,10.98,4.517,2,normal
2026-03-30T00:12:33.000Z,4.9768,1.1978,124.4444,8.6,4.519,2,normal
2026-03-30T00:12:34.000Z,4.9646,1.1941,124.2735,8.9,4.428,2,normal
2026-03-30T00:12:35.000Z,4.9744,1.2015,124.5299,8.93,4.431,2,normal
2026-03-30T00:12:36.000Z,4.9646,1.1941,124.4872,10.91,4.494,2,normal
2026-03-30T00:12:37.000Z,4.9744,1.1941,124.4017,11.15,4.504,2,normal
2026-03-30T00:12:38.000Z,4.9744,1.1941,124.5299,7.59,4.545,2,normal
2026-03-30T00:12:39.000Z,4.967,1.2051,124.4444,9.4,4.506,2,normal
2026-03-30T00:12:40.000Z,4.9768,1.1941,124.4872,9.06,4.569,2,normal
2026-03-30T00:12:41.000Z,4.9915,1.2015,124.4017,9.25,4.482,2,normal
2026-03-30T00:12:42.000Z,4.967,1.2015,124.359,10.53,4.55,2,normal
2026-03-30T00:12:43.000Z,4.9817,1.2015,124.4872,7.73,4.553,2,normal
2026-03-30T00:12:44.000Z,4.9621,1.1941,124.9145,10.33,4.468,2,normal
2026-03-30T00:12:45.000Z,4.9768,1.1978,124.5299,8.57,4.47,2,normal
2026-03-30T00:12:46.000Z,4.9866,1.2051,124.6154,10.84,4.562,2,normal
2026-03-30T00:12:47.000Z,4.9866,1.1978,124.4017,9.19,4.509,2,normal
2026-03-30T00:12:48.000Z,4.9719,1.1978,124.3162,10.94,4.417,2,normal
2026-03-30T00:12:49.000Z,4.9841,1.1978,124.4872,8.64,4.551,2,normal
2026-03-30T00:12:50.000Z,4.989,1.2051,124.6154,9.01,4.475,2,normal
2026-03-30T00:12:51.000Z,4.989,1.2015,124.4017,11.25,4.55,2,normal
2026-03-30T00:12:52.000Z,4.9719,1.1941,124.5299,9.67,4.559,2,normal
2026-03-30T00:12:53.000Z,4.9768,1.2051,124.5299,10.04,4.422,2,normal
2026-03-30T00:12:54.000Z,4.9719,1.1905,124.3162,8.49,4.504,2,normal
2026-03-30T00:12:55.000Z,4.967,1.1905,123.9316,10.08,4.472,2,normal
2026-03-30T00:12:56.000Z,4.9939,1.1978,124.5299,8.93,4.491,2,normal
2026-03-30T00:12:57.000Z,4.9744,1.1905,124.3162,9.81,4.551,2,normal
2026-03-30T00:12:58.000Z,4.9621,1.2015,124.5299,11.07,4.49,2,normal
2026-03-30T00:12:59.000Z,4.9988,1.1905,124.6154,7.36,4.535,2,normal
2026-03-30T00:13:00.000Z,4.9768,1.2015,124.3162,11.13,4.426,2,normal
2026-03-30T00:13:01.000Z,4.9792,1.2015,124.4444,12.28,4.474,2,normal
2026-03-30T00:13:02.000Z,4.9792,1.2125,124.3162,10.76,4.467,2,normal
2026-03-30T00:13:03.000Z,4.9646,1.2051,124.4017,7.93,4.459,2,normal
2026-03-30T00:13:04.000Z,4.9744,1.1978,124.359,8.94,4.521,2,normal
2026-03-30T00:13:05.000Z,4.9646,1.1905,124.5726,11.65,4.501,2,normal
2026-03-30T00:13:06.000Z,4.9915,1.1941,124.2735,9.93,4.511,2,normal
2026-03-30T00:13:07.000Z,4.9768,1.2015,124.4017,10.25,4.519,2,normal
2026-03-30T00:13:08.000Z,4.9817,1.1941,124.4872,11.26,4.436,2,normal
2026-03-30T00:13:09.000Z,4.9939,1.1978,124.4872,8.58,4.493,2,normal
2026-03-30T00:13:10.000Z,4.9817,1.2015,124.4872,9.66,4.424,2,normal
2026-03-30T00:13:11.000Z,4.9744,1.1978,124.4017,9.61,4.508,2,normal
2026-03-30T00:13:12.000Z,4.9792,1.2051,124.5726,12.52,4.514,2,normal
2026-03-30T00:13:13.000Z,4.9744,1.1978,124.4444,8.2,4.462,2,normal
2026-03-30T00:13:14.000Z,4.9817,1.2088,124.6154,9.8,4.445,2,normal
2026-03-30T00:13:15.000Z,4.9646,1.2015,124.5726,7.84,4.447,2,normal
2026-03-30T00:13:16.000Z,4.9695,1.1978,124.4017,8.81,4.489,2,normal
2026-03-30T00:13:17.000Z,4.9719,1.1978,124.359,10.2,4.449,2,normal
2026-03-30T00:13:18.000Z,4.967,1.1978,124.5726,10.21,4.434,2,normal
2026-03-30T00:13:19.000Z,4.9792,1.2088,124.2735,10.31,4.496,2,normal
2026-03-30T00:13:20.000Z,4.9841,1.2051,124.6154,11.05,4.55,2,normal
2026-03-30T00:13:21.000Z,4.9646,1.1941,124.6581,8.79,4.478,2,normal
2026-03-30T00:13:22.000Z,4.9792,1.2015,124.6581,11.97,4.545,2,normal
2026-03-30T00:13:23.000Z,4.9841,1.1978,124.3162,7.88,4.527,2,normal
2026-03-30T00:13:24.000Z,4.9792,1.1941,124.5299,10.0,4.555,2,normal
2026-03-30T00:13:25.000Z,4.9963,1.1978,124.4017,10.25,4.529,2,normal
2026-03-30T00:13:26.000Z,4.9621,1.2015,124.5299,9.98,4.523,2,normal
2026-03-30T00:13:27.000Z,4.967,1.1978,124.4017,10.36,4.521,2,normal
2026-03-30T00:13:28.000Z,4.9963,1.1941,124.4444,10.37,4.46,2,normal
2026-03-30T00:13:29.000Z,4.9597,1.1905,124.359,10.88,4.494,2,normal
2026-03-30T00:13:30.000Z,4.9841,1.1978,124.3162,10.81,4.47,2,normal
2026-03-30T00:13:31.000Z,4.9597,1.2051,124.4017,8.52,4.537,2,normal
2026-03-30T00:13:32.000Z,4.9817,1.2015,124.2308,10.49,4.479,2,normal
2026-03-30T00:13:33.000Z,4.9866,1.1978,124.359,8.14,4.441,2,normal
2026-03-30T00:13:34.000Z,4.9768,1.2015,124.4872,10.22,4.565,2,normal
2026-03-30T00:13:35.000Z,4.9768,1.2015,124.4017,10.31,4.422,2,normal
2026-03-30T00:13:36.000Z,4.9963,1.1941,124.1453,8.87,4.527,2,normal
2026-03-30T00:13:37.000Z,4.9621,1.2015,124.188,8.31,4.486,2,normal
2026-03-30T00:13:38.000Z,4.989,1.2015,124.5299,8.99,4.422,2,normal
2026-03-30T00:13:39.000Z,4.9695,1.2015,124.3162,10.52,4.422,2,normal
2026-03-30T00:13:40.000Z,4.9768,1.2088,124.4872,13.13,4.542,2,normal
2026-03-30T00:13:41.000Z,4.9841,1.1941,124.359,9.12,4.534,2,normal
2026-03-30T00:13:42.000Z,4.9768,1.1978,124.5299,12.0,4.564,2,normal
2026-03-30T00:13:43.000Z,4.9963,1.1978,124.2308,11.36,4.445,2,normal
2026-03-30T00:13:44.000Z,4.9695,1.1978,124.6581,11.09,4.436,2,normal
2026-03-30T00:13:45.000Z,4.9792,1.2088,124.5726,9.22,4.571,2,normal
2026-03-30T00:13:46.000Z,4.9621,1.1941,124.6581,9.11,4.574,2,normal
2026-03-30T00:13:47.000Z,4.9695,1.2015,124.2308,6.88,4.489,2,normal
2026-03-30T00:13:48.000Z,4.9792,1.2015,124.2735,9.92,4.426,2,normal
2026-03-30T00:13:49.000Z,4.9524,1.1978,124.1453,9.04,4.466,2,normal
2026-03-30T00:13:50.000Z,4.9719,1.2088,124.6581,10.05,4.458,2,normal
2026-03-30T00:13:51.000Z,4.9841,1.2015,124.6581,9.5,4.567,2,normal
2026-03-30T00:13:52.000Z,4.9768,1.2015,124.3162,9.27,4.567,2,normal
2026-03-30T00:13:53.000Z,4.9548,1.1978,124.3162,9.83,4.534,2,normal
2026-03-30T00:13:54.000Z,4.9719,1.2015,124.5299,10.72,4.517,2,normal
2026-03-30T00:13:55.000Z,4.9792,1.2051,124.4872,9.04,4.523,2,normal
2026-03-30T00:13:56.000Z,4.9646,1.1978,124.2735,9.73,4.493,2,normal
2026-03-30T00:13:57.000Z,4.967,1.2088,124.359,9.61,4.556,2,normal
2026-03-30T00:13:58.000Z,4.9768,1.2015,124.0171,9.28,4.449,2,normal
2026-03-30T00:13:59.000Z,4.9744,1.2015,124.4017,8.6,4.503,2,normal
2026-03-30T00:14:00.000Z,4.9768,1.1978,124.3162,9.17,4.572,2,normal
2026-03-30T00:14:01.000Z,4.9646,1.1978,124.4017,9.69,4.451,2,normal
2026-03-30T00:14:02.000Z,4.9719,1.1978,124.359,9.26,4.504,2,normal
2026-03-30T00:14:03.000Z,4.9866,1.1941,124.4872,9.16,4.496,2,normal
2026-03-30T00:14:04.000Z,4.9915,1.1941,124.5299,11.5,4.461,2,normal
2026-03-30T00:14:05.000Z,4.9817,1.1978,124.4872,9.49,4.433,2,normal
2026-03-30T00:14:06.000Z,4.9841,1.1941,124.4444,10.33,4.44,2,normal
2026-03-30T00:14:07.000Z,4.9744,1.2015,124.5299,9.21,4.497,2,normal
2026-03-30T00:14:08.000Z,4.9744,1.1905,124.7436,9.74,4.545,2,normal
2026-03-30T00:14:09.000Z,4.989,1.1941,124.4017,9.37,4.526,2,normal
2026-03-30T00:14:10.000Z,4.9817,1.1941,124.7436,10.17,4.491,2,normal
2026-03-30T00:14:11.000Z,4.9841,1.1868,124.4017,8.86,4.457,2,normal
2026-03-30T00:14:12.000Z,4.9768,1.2088,124.5299,7.7,4.449,2,normal
2026-03-30T00:14:13.000Z,4.9695,1.2051,124.2735,11.6,4.473,2,normal
2026-03-30T00:14:14.000Z,4.9646,1.1978,124.4017,7.44,4.478,2,normal
2026-03-30T00:14:15.000Z,4.989,1.2015,124.4017,10.4,4.545,2,normal
2026-03-30T00:14:16.000Z,4.989,1.1905,124.359,8.87,4.427,2,normal
2026-03-30T00:14:17.000Z,4.9817,1.1978,124.5299,10.75,4.46,2,normal
2026-03-30T00:14:18.000Z,4.9695,1.1905,124.4017,10.63,4.475,2,normal
2026-03-30T00:14:19.000Z,4.9621,1.1978,124.1453,10.16,4.419,2,normal
2026-03-30T00:14:20.000Z,4.9621,1.2051,124.4444,9.21,4.43,2,normal
2026-03-30T00:14:21.000Z,4.9792,1.2088,124.4872,10.79,4.505,2,normal
2026-03-30T00:14:22.000Z,4.9768,1.1978,124.6154,9.43,4.46,2,normal
2026-03-30T00:14:23.000Z,4.989,1.2015,124.5726,9.24,4.457,2,normal
2026-03-30T00:14:24.000Z,4.989,1.2051,124.4017,11.46,4.42,2,normal
2026-03-30T00:14:25.000Z,4.9597,1.1978,124.3162,10.99,4.573,2,normal
2026-03-30T00:14:26.000Z,4.9744,1.1868,124.359,10.87,4.528,2,normal
2026-03-30T00:14:27.000Z,4.989,1.1941,124.5726,8.69,4.507,2,normal
2026-03-30T00:14:28.000Z,4.9744,1.1978,124.2735,10.81,4.502,2,normal
2026-03-30T00:14:29.000Z,4.967,1.1978,124.5299,10.55,4.466,2,normal
2026-03-30T00:14:30.000Z,4.9768,1.2015,124.7436,9.07,4.494,2,normal
2026-03-30T00:14:31.000Z,4.9768,1.2051,124.7863,9.52,4.421,2,normal
2026-03-30T00:14:32.000Z,4.9792,1.1978,124.359,9.98,4.476,2,normal
2026-03-30T00:14:33.000Z,4.9817,1.1978,124.3162,10.25,4.533,2,normal
2026-03-30T00:14:34.000Z,4.9817,1.1978,124.359,11.04,4.454,2,normal
2026-03-30T00:14:35.000Z,4.9548,1.2015,124.4872,8.24,4.464,2,normal
2026-03-30T00:14:36.000Z,4.9573,1.1905,124.4444,11.03,4.447,2,normal
2026-03-30T00:14:37.000Z,4.989,1.1978,124.4017,9.23,4.515,2,normal
2026-03-30T00:14:38.000Z,4.9768,1.2051,124.4872,10.31,4.447,2,normal
2026-03-30T00:14:39.000Z,4.9817,1.1978,124.5726,8.08,4.455,2,normal
2026-03-30T00:14:40.000Z,4.9866,1.1978,124.5726,10.73,4.545,2,normal
2026-03-30T00:14:41.000Z,4.9768,1.2015,124.6154,8.91,4.553,2,normal
2026-03-30T00:14:42.000Z,4.9744,1.2015,124.5299,9.45,4.493,2,normal
2026-03-30T00:14:43.000Z,4.9939,1.2015,124.5726,7.92,4.436,2,normal
2026-03-30T00:14:44.000Z,4.9695,1.2015,124.4872,8.64,4.535,2,normal
2026-03-30T00:14:45.000Z,4.9792,1.2015,124.6154,8.52,4.575,2,normal
2026-03-30T00:14:46.000Z,4.9792,1.1978,124.2308,10.75,4.516,2,normal
2026-03-30T00:14:47.000Z,4.9817,1.1941,124.7863,9.83,4.521,2,normal
2026-03-30T00:14:48.000Z,4.9963,1.2015,124.5726,9.28,4.435,2,normal
2026-03-30T00:14:49.000Z,4.9695,1.2015,124.359,10.64,4.436,2,normal
2026-03-30T00:14:50.000Z,4.9744,1.2088,124.4872,10.4,4.493,2,normal
2026-03-30T00:14:51.000Z,4.9695,1.2015,124.359,10.2,4.431,2,normal
2026-03-30T00:14:52.000Z,4.9597,1.2051,124.2308,9.78,4.425,2,normal
2026-03-30T00:14:53.000Z,4.9646,1.2015,124.3162,9.25,4.454,2,normal
2026-03-30T00:14:54.000Z,4.9744,1.2015,124.7436,7.86,4.489,2,normal
2026-03-30T00:14:55.000Z,4.9915,1.1978,124.5299,10.36,4.56,2,normal
2026-03-30T00:14:56.000Z,4.9768,1.1978,124.3162,11.54,4.446,2,normal
2026-03-30T00:14:57.000Z,4.9841,1.1978,124.5299,8.96,4.55,2,normal
2026-03-30T00:14:58.000Z,4.9695,1.2015,124.6154,10.18,4.466,2,normal
2026-03-30T00:14:59.000Z,4.9866,1.2051,124.4444,9.87,4.477,2,normal
2026-03-30T00:15:00.000Z,4.9768,1.2051,124.4872,8.31,4.455,2,normal
2026-03-30T00:15:01.000Z,4.9621,1.1941,124.4444,9.58,4.501,2,normal
2026-03-30T00:15:02.000Z,4.9768,1.1978,124.2735,9.16,4.518,2,normal
2026-03-30T00:15:03.000Z,4.9841,1.2088,124.6154,10.79,4.438,2,normal
2026-03-30T00:15:04.000Z,4.9719,1.1978,124.5299,9.93,4.509,2,normal
2026-03-30T00:15:05.000Z,4.9646,1.1905,124.5726,9.6,4.459,2,normal
2026-03-30T00:15:06.000Z,4.9866,1.2088,124.3162,10.97,4.449,2,normal
2026-03-30T00:15:07.000Z,4.9768,1.2088,124.1453,10.78,4.424,2,normal
2026-03-30T00:15:08.000Z,4.967,1.1941,124.1453,10.34,4.528,2,normal
2026-03-30T00:15:09.000Z,4.9695,1.2015,124.5299,9.99,4.466,2,normal
2026-03-30T00:15:10.000Z,4.967,1.2051,124.8291,11.02,4.505,2,normal
2026-03-30T00:15:11.000Z,4.9866,1.1978,124.5299,11.49,4.446,2,normal
2026-03-30T00:15:12.000Z,4.9646,1.2051,124.4872,10.88,4.475,2,normal
2026-03-30T00:15:13.000Z,4.9792,1.2015,124.2735,9.35,4.444,2,normal
2026-03-30T00:15:14.000Z,4.9817,1.2088,124.359,13.3,4.487,2,normal
2026-03-30T00:15:15.000Z,4.9841,1.2051,124.4017,9.8,4.475,2,normal
2026-03-30T00:15:16.000Z,4.9646,1.1978,124.4872,8.31,4.508,2,normal
2026-03-30T00:15:17.000Z,4.9915,1.2015,124.5299,9.49,4.571,2,normal
2026-03-30T00:15:18.000Z,4.9792,1.1978,124.3162,6.58,4.511,2,normal
2026-03-30T00:15:19.000Z,4.9719,1.1978,123.9744,10.66,4.449,2,normal
2026-03-30T00:15:20.000Z,4.9744,1.2015,124.4872,8.29,4.461,2,normal
2026-03-30T00:15:21.000Z,4.9719,1.2015,124.2735,9.52,4.422,2,normal
2026-03-30T00:15:22.000Z,4.9792,1.1941,124.4017,10.98,4.454,2,normal
2026-03-30T00:15:23.000Z,4.9719,1.1905,124.4872,11.39,4.535,2,normal
2026-03-30T00:15:24.000Z,4.9597,1.2051,124.4017,11.75,4.528,2,normal
2026-03-30T00:15:25.000Z,4.967,1.1941,124.188,9.25,4.532,2,normal
2026-03-30T00:15:26.000Z,4.9744,1.2088,124.4017,10.53,4.472,2,normal
2026-03-30T00:15:27.000Z,4.967,1.2051,124.5299,8.17,4.454,2,normal
2026-03-30T00:15:28.000Z,4.9646,1.2088,124.359,9.98,4.478,2,normal
2026-03-30T00:15:29.000Z,4.9792,1.1978,124.4444,9.7,4.497,2,normal
2026-03-30T00:15:30.000Z,4.9792,1.1978,124.4872,8.73,4.488,2,normal
2026-03-30T00:15:31.000Z,4.9695,1.2015,124.3162,10.77,4.479,2,normal
2026-03-30T00:15:32.000Z,4.9792,1.1978,124.5299,9.72,4.481,2,normal
2026-03-30T00:15:33.000Z,4.9817,1.2015,124.6154,9.3,4.439,2,normal
2026-03-30T00:15:34.000Z,4.9719,1.1978,124.3162,9.21,4.514,2,normal
2026-03-30T00:15:35.000Z,4.9695,1.2088,124.4444,10.73,4.469,2,normal
2026-03-30T00:15:36.000Z,4.9744,1.1978,124.5299,8.82,4.473,2,normal
2026-03-30T00:15:37.000Z,4.989,1.2051,124.359,9.99,4.573,2,normal
2026-03-30T00:15:38.000Z,4.9548,1.1978,124.1453,10.02,4.423,2,normal
2026-03-30T00:15:39.000Z,4.9695,1.1941,124.4872,11.25,4.554,2,normal
2026-03-30T00:15:40.000Z,4.9792,1.2088,124.4872,9.04,4.556,2,normal
2026-03-30T00:15:41.000Z,4.9744,1.1978,124.4872,9.35,4.489,2,normal
2026-03-30T00:15:42.000Z,4.9768,1.1978,124.5726,9.71,4.501,2,normal
2026-03-30T00:15:43.000Z,4.9866,1.1978,124.4444,9.23,4.528,2,normal
2026-03-30T00:15:44.000Z,4.9768,1.1978,124.6581,9.62,4.446,2,normal
2026-03-30T00:15:45.000Z,4.9939,1.1978,124.4017,9.59,4.52,2,normal
2026-03-30T00:15:46.000Z,4.9768,1.1978,124.6154,12.13,4.524,2,normal
2026-03-30T00:15:47.000Z,4.9744,1.2051,124.4872,8.64,4.454,2,normal
2026-03-30T00:15:48.000Z,4.9939,1.2015,124.1453,10.37,4.552,2,normal
2026-03-30T00:15:49.000Z,4.9744,1.1941,124.359,9.83,4.564,2,normal
2026-03-30T00:15:50.000Z,4.9768,1.1941,124.5726,9.7,4.481,2,normal
2026-03-30T00:15:51.000Z,4.9841,1.1941,124.5299,11.17,4.455,2,normal
2026-03-30T00:15:52.000Z,4.9744,1.2015,124.6581,8.42,4.559,2,normal
2026-03-30T00:15:53.000Z,4.9646,1.2051,124.6581,10.18,4.464,2,normal
2026-03-30T00:15:54.000Z,4.9939,1.1978,124.6581,9.5,4.479,2,normal
2026-03-30T00:15:55.000Z,4.9719,1.1978,124.6581,9.33,4.457,2,normal
2026-03-30T00:15:56.000Z,4.9988,1.2015,124.7009,9.37,4.504,2,normal
2026-03-30T00:15:57.000Z,4.9817,1.1905,124.4872,9.34,4.555,2,normal
2026-03-30T00:15:58.000Z,4.9915,1.1978,124.4017,9.76,4.575,2,normal
2026-03-30T00:15:59.000Z,4.9744,1.2088,124.5299,8.83,4.468,2,normal
2026-03-30T00:16:00.000Z,4.967,1.2015,124.1453,10.47,4.556,2,normal
2026-03-30T00:16:01.000Z,4.9597,1.2015,124.4444,9.05,4.483,2,normal
2026-03-30T00:16:02.000Z,4.9841,1.2088,124.1453,8.13,4.458,2,normal
2026-03-30T00:16:03.000Z,4.9719,1.2015,124.4872,11.66,4.515,2,normal
2026-03-30T00:16:04.000Z,4.989,1.2015,124.4444,10.69,4.526,2,normal
2026-03-30T00:16:05.000Z,4.989,1.1941,124.3162,10.03,4.512,2,normal
2026-03-30T00:16:06.000Z,4.967,1.2015,124.4444,8.79,4.439,2,normal
2026-03-30T00:16:07.000Z,4.9792,1.1978,124.4872,9.67,4.46,2,normal
2026-03-30T00:16:08.000Z,4.9841,1.2088,124.2735,9.68,4.426,2,normal
2026-03-30T00:16:09.000Z,4.9621,1.2015,124.8718,8.98,4.473,2,normal
2026-03-30T00:16:10.000Z,4.9768,1.1978,124.359,10.03,4.534,2,normal
2026-03-30T00:16:11.000Z,4.9817,1.1941,124.359,8.62,4.511,2,normal
2026-03-30T00:16:12.000Z,4.9719,1.2015,124.1453,8.43,4.487,2,normal
2026-03-30T00:16:13.000Z,4.9744,1.2051,124.4872,9.83,4.48,2,normal
2026-03-30T00:16:14.000Z,4.9621,1.1941,124.4444,9.7,4.425,2,normal
2026-03-30T00:16:15.000Z,4.9866,1.1978,124.4444,11.89,4.49,2,normal
2026-03-30T00:16:16.000Z,4.9817,1.2051,124.2735,10.28,4.438,2,normal
2026-03-30T00:16:17.000Z,4.967,1.1978,124.5299,9.33,4.542,2,normal
2026-03-30T00:16:18.000Z,4.9695,1.2015,124.7009,10.82,4.491,2,normal
2026-03-30T00:16:19.000Z,4.989,1.1978,124.5726,9.14,4.49,2,normal
2026-03-30T00:16:20.000Z,4.9915,1.2051,124.4872,8.74,4.531,2,normal
2026-03-30T00:16:21.000Z,4.9792,1.1941,124.5299,10.22,4.501,2,normal
2026-03-30T00:16:22.000Z,4.989,1.1868,124.2735,9.61,4.475,2,normal
2026-03-30T00:16:23.000Z,4.9866,1.2051,124.2735,9.04,4.52,2,normal
2026-03-30T00:16:24.000Z,4.9915,1.2015,124.6581,11.55,4.485,2,normal
2026-03-30T00:16:25.000Z,4.9915,1.1941,124.359,10.37,4.434,2,normal
2026-03-30T00:16:26.000Z,4.9817,1.1978,124.5299,9.27,4.491,2,normal
2026-03-30T00:16:27.000Z,4.967,1.2088,124.5726,9.98,4.456,2,normal
2026-03-30T00:16:28.000Z,4.9695,1.1978,124.3162,10.08,4.512,2,normal
2026-03-30T00:16:29.000Z,4.989,1.1941,124.4872,8.87,4.548,2,normal
2026-03-30T00:16:30.000Z,4.9768,1.1978,124.5299,9.62,4.554,2,normal
2026-03-30T00:16:31.000Z,4.9597,1.1941,124.3162,12.3,4.424,2,normal
2026-03-30T00:16:32.000Z,4.9792,1.1978,124.4017,8.46,4.527,2,normal
2026-03-30T00:16:33.000Z,4.967,1.2015,124.2308,10.95,4.508,2,normal
2026-03-30T00:16:34.000Z,4.9744,1.1978,124.5299,10.93,4.478,2,normal
2026-03-30T00:16:35.000Z,4.9792,1.1941,124.6154,9.6,4.439,2,normal
2026-03-30T00:16:36.000Z,4.9695,1.1941,124.4444,9.62,4.528,2,normal
2026-03-30T00:16:37.000Z,4.9719,1.1978,124.4017,8.24,4.575,2,normal
2026-03-30T00:16:38.000Z,4.9768,1.2125,124.2308,8.45,4.461,2,normal
2026-03-30T00:16:39.000Z,4.9695,1.1832,124.359,9.24,4.473,2,normal
2026-03-30T00:16:40.000Z,4.9866,1.1941,124.6154,9.7,4.496,2,normal
2026-03-30T00:16:41.000Z,4.989,1.1941,124.5726,6.8,4.417,2,normal
2026-03-30T00:16:42.000Z,4.9792,1.2051,124.6581,11.42,4.546,2,normal
2026-03-30T00:16:43.000Z,4.9768,1.1978,124.6154,11.18,4.52,2,normal
2026-03-30T00:16:44.000Z,4.9768,1.1978,124.5726,11.88,4.467,2,normal
2026-03-30T00:16:45.000Z,4.9768,1.2051,124.3162,9.9,4.47,2,normal
2026-03-30T00:16:46.000Z,4.9621,1.2015,124.4444,9.99,4.47,2,normal
2026-03-30T00:16:47.000Z,4.989,1.2088,124.359,8.81,4.519,2,normal
2026-03-30T00:16:48.000Z,4.9768,1.2051,124.2735,8.92,4.469,2,normal
2026-03-30T00:16:49.000Z,4.967,1.1978,124.4872,7.69,4.465,2,normal
2026-03-30T00:16:50.000Z,4.967,1.1978,124.4444,9.68,4.527,2,normal
2026-03-30T00:16:51.000Z,4.9573,1.1905,124.5726,12.31,4.464,2,normal
2026-03-30T00:16:52.000Z,4.9817,1.1941,124.8718,8.39,4.511,2,normal
2026-03-30T00:16:53.000Z,4.9841,1.2051,124.3162,8.39,4.528,2,normal
2026-03-30T00:16:54.000Z,4.9792,1.1941,124.4444,10.56,4.455,2,normal
2026-03-30T00:16:55.000Z,4.9841,1.2015,124.1026,10.73,4.432,2,normal
2026-03-30T00:16:56.000Z,4.9597,1.2051,124.5299,9.24,4.422,2,normal
2026-03-30T00:16:57.000Z,4.9768,1.2051,124.2735,12.24,4.533,2,normal
2026-03-30T00:16:58.000Z,4.9744,1.2051,124.2308,11.63,4.547,2,normal
2026-03-30T00:16:59.000Z,4.9695,1.2051,124.6581,11.28,4.492,2,normal
2026-03-30T00:17:00.000Z,4.9646,1.2125,124.4444,9.93,4.527,2,normal
2026-03-30T00:17:01.000Z,4.9744,1.1978,124.4017,9.92,4.5,2,normal
2026-03-30T00:17:02.000Z,4.9695,1.1941,124.4017,9.38,4.559,2,normal
2026-03-30T00:17:03.000Z,4.9817,1.1978,124.4444,10.85,4.487,2,normal
2026-03-30T00:17:04.000Z,4.9792,1.1978,124.5299,10.08,4.517,2,normal
2026-03-30T00:17:05.000Z,4.9744,1.1978,124.359,10.65,4.439,2,normal
2026-03-30T00:17:06.000Z,4.967,1.1978,124.4444,10.3,4.515,2,normal
2026-03-30T00:17:07.000Z,4.9841,1.2015,124.4017,10.8,4.524,2,normal
2026-03-30T00:17:08.000Z,4.9792,1.1978,124.4872,10.19,4.512,2,normal
2026-03-30T00:17:09.000Z,4.9646,1.1978,124.2308,8.3,4.466,2,normal
2026-03-30T00:17:10.000Z,4.9621,1.1978,124.5726,8.64,4.574,2,normal
2026-03-30T00:17:11.000Z,4.9646,1.2051,124.4872,11.42,4.565,2,normal
2026-03-30T00:17:12.000Z,4.9792,1.1978,124.3162,8.17,4.49,2,normal
2026-03-30T00:17:13.000Z,4.9841,1.2051,124.4872,8.65,4.563,2,normal
2026-03-30T00:17:14.000Z,4.9866,1.1941,124.2735,8.07,4.556,2,normal
2026-03-30T00:17:15.000Z,4.9768,1.1941,124.4444,10.03,4.491,2,normal
2026-03-30T00:17:16.000Z,4.9915,1.1978,124.5726,9.53,4.433,2,normal
2026-03-30T00:17:17.000Z,4.9597,1.1978,124.5726,11.37,4.545,2,normal
2026-03-30T00:17:18.000Z,4.9744,1.1941,124.3162,10.66,4.503,2,normal
2026-03-30T00:17:19.000Z,4.9744,1.1941,124.6154,11.68,4.513,2,normal
2026-03-30T00:17:20.000Z,4.9646,1.2015,124.4872,8.47,4.455,2,normal
2026-03-30T00:17:21.000Z,4.9719,1.2051,124.4444,9.23,4.495,2,normal
2026-03-30T00:17:22.000Z,4.9695,1.1905,124.3162,9.1,4.444,2,normal
2026-03-30T00:17:23.000Z,4.9744,1.2051,124.5299,11.21,4.541,2,normal
2026-03-30T00:17:24.000Z,4.9841,1.1978,124.359,9.42,4.546,2,normal
2026-03-30T00:17:25.000Z,4.9621,1.1978,124.7009,9.91,4.443,2,normal
2026-03-30T00:17:26.000Z,4.9866,1.1941,124.5726,10.86,4.449,2,normal
2026-03-30T00:17:27.000Z,4.967,1.1905,124.4017,8.76,4.466,2,normal
2026-03-30T00:17:28.000Z,4.9719,1.2051,124.6154,9.79,4.433,2,normal
2026-03-30T00:17:29.000Z,4.9768,1.1978,124.9145,10.32,4.468,2,normal
2026-03-30T00:17:30.000Z,4.9841,1.2051,124.359,10.43,4.547,2,normal
2026-03-30T00:17:31.000Z,4.9915,1.2015,124.2735,9.19,4.527,2,normal
2026-03-30T00:17:32.000Z,4.9817,1.1941,124.359,10.6,4.503,2,normal
2026-03-30T00:17:33.000Z,4.967,1.2015,124.359,10.89,4.564,2,normal
2026-03-30T00:17:34.000Z,4.9719,1.2051,124.5299,9.85,4.439,2,normal
2026-03-30T00:17:35.000Z,4.9768,1.1978,124.4872,8.56,4.487,2,normal
2026-03-30T00:17:36.000Z,4.9768,1.1978,124.5299,8.95,4.49,2,normal
2026-03-30T00:17:37.000Z,4.9621,1.1978,124.5299,10.21,4.5,2,normal
2026-03-30T00:17:38.000Z,4.9719,1.1978,124.3162,10.41,4.513,2,normal
2026-03-30T00:17:39.000Z,4.967,1.2015,124.2308,11.16,4.481,2,normal
2026-03-30T00:17:40.000Z,4.9744,1.2051,124.3162,9.63,4.529,2,normal
2026-03-30T00:17:41.000Z,4.9841,1.1978,124.6154,9.31,4.535,2,normal
2026-03-30T00:17:42.000Z,4.9719,1.2015,124.9145,8.71,4.433,2,normal
2026-03-30T00:17:43.000Z,4.9744,1.1905,124.5299,10.21,4.571,2,normal
2026-03-30T00:17:44.000Z,4.9817,1.2015,124.6581,8.96,4.427,2,normal
2026-03-30T00:17:45.000Z,4.9915,1.1941,124.3162,10.1,4.49,2,normal
2026-03-30T00:17:46.000Z,4.9646,1.2088,124.4444,9.36,4.464,2,normal
2026-03-30T00:17:47.000Z,4.9817,1.1978,124.7863,8.09,4.509,2,normal
2026-03-30T00:17:48.000Z,4.9792,1.2015,124.6154,10.23,4.576,2,normal
2026-03-30T00:17:49.000Z,4.9621,1.1978,124.5299,10.35,4.499,2,normal
2026-03-30T00:17:50.000Z,4.9695,1.2015,124.5299,10.57,4.555,2,normal
2026-03-30T00:17:51.000Z,4.9768,1.2015,124.5299,11.25,4.442,2,normal
2026-03-30T00:17:52.000Z,4.9817,1.1978,124.2308,11.59,4.492,2,normal
2026-03-30T00:17:53.000Z,4.9573,1.1978,124.5726,10.3,4.442,2,normal
2026-03-30T00:17:54.000Z,4.9744,1.1832,124.5299,9.97,4.541,2,normal
2026-03-30T00:17:55.000Z,4.9866,1.1978,124.4872,9.27,4.534,2,normal
2026-03-30T00:17:56.000Z,4.989,1.1978,124.359,9.27,4.442,2,normal
2026-03-30T00:17:57.000Z,4.9817,1.1978,124.359,7.92,4.501,2,normal
2026-03-30T00:17:58.000Z,4.9866,1.1978,124.3162,9.93,4.554,2,normal
2026-03-30T00:17:59.000Z,4.9768,1.1905,124.8291,10.5,4.574,2,normal
2026-03-30T00:18:00.000Z,4.9744,1.2051,124.4444,9.05,4.57,2,normal
2026-03-30T00:18:01.000Z,4.9841,1.2015,124.1453,8.98,4.457,2,normal
2026-03-30T00:18:02.000Z,4.9841,1.1941,124.6581,11.17,4.538,2,normal
2026-03-30T00:18:03.000Z,4.9621,1.2015,124.4444,10.84,4.528,2,normal
2026-03-30T00:18:04.000Z,4.9866,1.1941,124.5299,7.96,4.419,2,normal
2026-03-30T00:18:05.000Z,4.9792,1.1978,124.5299,10.15,4.463,2,normal
2026-03-30T00:18:06.000Z,4.9792,1.2088,124.4872,11.35,4.522,2,normal
2026-03-30T00:18:07.000Z,4.9548,1.1941,124.6581,8.54,4.439,2,normal
2026-03-30T00:18:08.000Z,4.9719,1.1941,124.5299,7.83,4.508,2,normal
2026-03-30T00:18:09.000Z,4.9719,1.1978,124.7863,9.12,4.494,2,normal
2026-03-30T00:18:10.000Z,4.9695,1.2015,124.6581,9.48,4.487,2,normal
2026-03-30T00:18:11.000Z,4.967,1.1978,124.6581,10.53,4.431,2,normal
2026-03-30T00:18:12.000Z,4.967,1.1978,124.4872,10.22,4.57,2,normal
2026-03-30T00:18:13.000Z,4.9866,1.1868,124.4444,10.0,4.514,2,normal
2026-03-30T00:18:14.000Z,4.9866,1.2051,124.5299,11.43,4.452,2,normal
2026-03-30T00:18:15.000Z,4.9597,1.1978,124.2735,9.29,4.428,2,normal
2026-03-30T00:18:16.000Z,4.9719,1.1905,124.359,10.66,4.44,2,normal
2026-03-30T00:18:17.000Z,4.9573,1.1978,124.2308,9.03,4.528,2,normal
2026-03-30T00:18:18.000Z,4.9695,1.1868,124.6154,9.64,4.497,2,normal
2026-03-30T00:18:19.000Z,4.9841,1.2015,124.188,7.82,4.501,2,normal
2026-03-30T00:18:20.000Z,4.9768,1.2015,124.8291,8.76,4.511,2,normal
2026-03-30T00:18:21.000Z,4.9719,1.1978,124.6154,8.84,4.519,2,normal
2026-03-30T00:18:22.000Z,4.9744,1.1868,124.5299,9.25,4.43,2,normal
2026-03-30T00:18:23.000Z,4.9792,1.1978,124.2308,9.23,4.421,2,normal
2026-03-30T00:18:24.000Z,4.9792,1.1941,124.4017,7.54,4.517,2,normal
2026-03-30T00:18:25.000Z,4.9792,1.1941,124.4444,8.47,4.439,2,normal
2026-03-30T00:18:26.000Z,4.9915,1.1941,124.5299,9.15,4.427,2,normal
2026-03-30T00:18:27.000Z,4.9744,1.1905,124.359,9.38,4.488,2,normal
2026-03-30T00:18:28.000Z,4.9768,1.2088,124.4872,10.57,4.424,2,normal
2026-03-30T00:18:29.000Z,4.989,1.1978,124.6581,8.81,4.526,2,normal
2026-03-30T00:18:30.000Z,4.9719,1.1905,124.5299,8.63,4.424,2,normal
2026-03-30T00:18:31.000Z,4.9866,1.1868,124.6154,10.37,4.425,2,normal
2026-03-30T00:18:32.000Z,4.9719,1.2015,124.4444,10.19,4.466,2,normal
2026-03-30T00:18:33.000Z,4.9646,1.2015,124.5299,11.23,4.549,2,normal
2026-03-30T00:18:34.000Z,4.9841,1.2015,124.6154,9.13,4.546,2,normal
2026-03-30T00:18:35.000Z,4.9841,1.2051,124.2308,9.61,4.467,2,normal
2026-03-30T00:18:36.000Z,4.9744,1.2051,124.6581,11.58,4.545,2,normal
2026-03-30T00:18:37.000Z,4.9621,1.1978,124.4872,10.37,4.44,2,normal
2026-03-30T00:18:38.000Z,4.9841,1.1941,124.2735,9.41,4.563,2,normal
2026-03-30T00:18:39.000Z,4.9768,1.2015,124.5299,8.59,4.542,2,normal
2026-03-30T00:18:40.000Z,4.9768,1.2015,124.6581,9.94,4.433,2,normal
2026-03-30T00:18:41.000Z,4.9597,1.1905,124.2735,10.87,4.54,2,normal
2026-03-30T00:18:42.000Z,4.9695,1.1941,124.4444,8.78,4.483,2,normal
2026-03-30T00:18:43.000Z,4.9719,1.2015,124.6581,10.08,4.499,2,normal
2026-03-30T00:18:44.000Z,4.9719,1.2015,124.6581,8.87,4.419,2,normal
2026-03-30T00:18:45.000Z,4.9817,1.1978,124.4872,9.77,4.475,2,normal
2026-03-30T00:18:46.000Z,4.9646,1.2015,124.4872,11.81,4.523,2,normal
2026-03-30T00:18:47.000Z,4.9817,1.2015,124.4444,8.19,4.571,2,normal
2026-03-30T00:18:48.000Z,4.9768,1.1978,124.359,9.54,4.519,2,normal
2026-03-30T00:18:49.000Z,4.9866,1.1941,124.4444,11.66,4.538,2,normal
2026-03-30T00:18:50.000Z,4.9792,1.2015,124.7009,9.6,4.544,2,normal
2026-03-30T00:18:51.000Z,4.9768,1.2051,124.4017,8.72,4.511,2,normal
2026-03-30T00:18:52.000Z,4.9817,1.1978,124.4017,8.93,4.541,2,normal
2026-03-30T00:18:53.000Z,4.9792,1.1978,124.4444,7.54,4.477,2,normal
2026-03-30T00:18:54.000Z,4.9866,1.1905,124.4872,10.11,4.44,2,normal
2026-03-30T00:18:55.000Z,4.9719,1.1978,124.6154,10.31,4.533,2,normal
2026-03-30T00:18:56.000Z,4.9548,1.2015,124.188,10.37,4.527,2,normal
2026-03-30T00:18:57.000Z,4.9768,1.2015,124.5299,8.86,4.445,2,normal
2026-03-30T00:18:58.000Z,4.9939,1.1941,124.2735,8.59,4.517,2,normal
2026-03-30T00:18:59.000Z,4.9719,1.2088,124.4017,9.43,4.43,2,normal
2026-03-30T00:19:00.000Z,4.967,1.2051,124.5726,9.85,4.552,2,normal
2026-03-30T00:19:01.000Z,4.9915,1.1978,124.4017,8.99,4.468,2,normal
2026-03-30T00:19:02.000Z,4.967,1.1978,124.188,9.44,4.507,2,normal
2026-03-30T00:19:03.000Z,4.9768,1.2051,124.8718,10.29,4.543,2,normal
2026-03-30T00:19:04.000Z,4.9792,1.1905,124.6581,10.18,4.55,2,normal
2026-03-30T00:19:05.000Z,4.9792,1.1978,124.359,9.77,4.533,2,normal
2026-03-30T00:19:06.000Z,4.9744,1.1978,124.5299,11.47,4.432,2,normal
2026-03-30T00:19:07.000Z,4.9768,1.1978,124.359,7.66,4.536,2,normal
2026-03-30T00:19:08.000Z,4.9768,1.2015,124.6154,7.58,4.483,2,normal
2026-03-30T00:19:09.000Z,4.967,1.1941,124.4872,10.23,4.555,2,normal
2026-03-30T00:19:10.000Z,4.9841,1.1978,124.7436,10.19,4.487,2,normal
2026-03-30T00:19:11.000Z,4.9988,1.1905,124.4017,9.31,4.541,2,normal
2026-03-30T00:19:12.000Z,4.9866,1.1978,124.7436,9.55,4.57,2,normal
2026-03-30T00:19:13.000Z,4.9573,1.2015,124.3162,10.53,4.516,2,normal
2026-03-30T00:19:14.000Z,4.9817,1.1978,124.4017,9.7,4.53,2,normal
2026-03-30T00:19:15.000Z,5.0037,1.1978,124.5726,10.46,4.493,2,normal
2026-03-30T00:19:16.000Z,4.9719,1.2015,124.6581,9.71,4.538,2,normal
2026-03-30T00:19:17.000Z,4.9841,1.1978,124.4872,11.6,4.461,2,normal
2026-03-30T00:19:18.000Z,4.9792,1.1941,124.5726,10.01,4.437,2,normal
2026-03-30T00:19:19.000Z,4.9621,1.1941,124.4017,9.65,4.516,2,normal
2026-03-30T00:19:20.000Z,4.9524,1.2051,124.5726,7.34,4.429,2,normal
2026-03-30T00:19:21.000Z,4.9695,1.2088,124.6154,11.09,4.465,2,normal
2026-03-30T00:19:22.000Z,4.9744,1.1978,124.5299,11.64,4.497,2,normal
2026-03-30T00:19:23.000Z,4.967,1.1978,124.6154,9.22,4.574,2,normal
2026-03-30T00:19:24.000Z,4.9744,1.1978,124.4017,10.87,4.52,2,normal
2026-03-30T00:19:25.000Z,4.9792,1.2015,124.4444,9.26,4.568,2,normal
2026-03-30T00:19:26.000Z,4.967,1.1941,124.359,11.22,4.469,2,normal
2026-03-30T00:19:27.000Z,4.967,1.2015,124.2735,8.77,4.464,2,normal
2026-03-30T00:19:28.000Z,4.989,1.2015,124.6581,10.7,4.495,2,normal
2026-03-30T00:19:29.000Z,4.9719,1.2051,124.7009,10.24,4.492,2,normal
2026-03-30T00:19:30.000Z,4.9963,1.1978,124.6581,9.0,4.573,2,normal
2026-03-30T00:19:31.000Z,4.9621,1.1978,124.5726,9.32,4.457,2,normal
2026-03-30T00:19:32.000Z,4.9792,1.2015,124.5726,10.53,4.447,2,normal
2026-03-30T00:19:33.000Z,4.9744,1.1978,124.4444,10.82,4.477,2,normal
2026-03-30T00:19:34.000Z,4.9744,1.1941,124.359,12.29,4.481,2,normal
2026-03-30T00:19:35.000Z,4.9768,1.1941,124.4017,10.11,4.417,2,normal
2026-03-30T00:19:36.000Z,4.9499,1.1941,124.4444,11.43,4.494,2,normal
2026-03-30T00:19:37.000Z,4.9988,1.2051,124.359,9.66,4.438,2,normal
2026-03-30T00:19:38.000Z,4.967,1.1905,124.188,10.42,4.532,2,normal
2026-03-30T00:19:39.000Z,4.9719,1.1941,124.5299,9.57,4.482,2,normal
2026-03-30T00:19:40.000Z,4.967,1.2015,124.5726,10.11,4.521,2,normal
2026-03-30T00:19:41.000Z,4.9719,1.2015,124.359,9.47,4.42,2,normal
2026-03-30T00:19:42.000Z,4.9744,1.1978,124.3162,9.4,4.498,2,normal
2026-03-30T00:19:43.000Z,4.9841,1.1905,124.5299,8.19,4.562,2,normal
2026-03-30T00:19:44.000Z,4.9792,1.2015,124.4017,8.97,4.476,2,normal
2026-03-30T00:19:45.000Z,4.9841,1.2088,124.4444,9.53,4.43,2,normal
2026-03-30T00:19:46.000Z,4.9646,1.2088,124.4444,9.76,4.464,2,normal
2026-03-30T00:19:47.000Z,4.9499,1.1905,124.6154,11.03,4.442,2,normal
2026-03-30T00:19:48.000Z,4.9744,1.2015,124.4017,11.11,4.555,2,normal
2026-03-30T00:19:49.000Z,4.9768,1.2088,124.5299,9.4,4.432,2,normal
2026-03-30T00:19:50.000Z,4.989,1.1941,124.188,10.55,4.528,2,normal
2026-03-30T00:19:51.000Z,4.9695,1.2015,124.4872,10.91,4.506,2,normal
2026-03-30T00:19:52.000Z,4.9817,1.2015,124.7436,9.09,4.508,2,normal
2026-03-30T00:19:53.000Z,4.9768,1.2015,124.4444,9.87,4.57,2,normal
2026-03-30T00:19:54.000Z,4.967,1.1941,124.5726,7.89,4.485,2,normal
2026-03-30T00:19:55.000Z,4.9768,1.1978,124.2308,10.39,4.459,2,normal
2026-03-30T00:19:56.000Z,4.9768,1.1978,124.5299,8.37,4.508,2,normal
2026-03-30T00:19:57.000Z,4.9646,1.1905,124.6154,10.17,4.438,2,normal
2026-03-30T00:19:58.000Z,4.9744,1.2015,124.2735,9.25,4.425,2,normal
2026-03-30T00:19:59.000Z,4.9939,1.2015,124.3162,10.35,4.458,2,normal
2026-03-30T00:20:00.000Z,4.9866,1.1978,124.188,10.54,4.499,2,normal
2026-03-30T00:20:01.000Z,4.9719,1.2015,124.6154,9.18,4.433,2,normal
2026-03-30T00:20:02.000Z,4.9646,1.2051,124.4872,8.32,4.527,2,normal
2026-03-30T00:20:03.000Z,4.9915,1.1978,124.4017,9.37,4.508,2,normal
2026-03-30T00:20:04.000Z,4.9744,1.1941,124.4872,9.74,4.495,2,normal
2026-03-30T00:20:05.000Z,4.9939,1.2015,124.2735,10.22,4.45,2,normal
2026-03-30T00:20:06.000Z,4.9963,1.1905,124.5726,8.47,4.501,2,normal
2026-03-30T00:20:07.000Z,4.9744,1.1978,124.2735,9.25,4.489,2,normal
2026-03-30T00:20:08.000Z,4.9841,1.2051,124.7009,9.32,4.468,2,normal
2026-03-30T00:20:09.000Z,4.989,1.2051,124.2735,8.83,4.537,2,normal
2026-03-30T00:20:10.000Z,4.989,1.2088,124.359,10.22,4.451,2,normal
2026-03-30T00:20:11.000Z,4.9719,1.2015,124.5299,10.47,4.438,2,normal
2026-03-30T00:20:12.000Z,4.9841,1.2015,124.6581,9.46,4.542,2,normal
2026-03-30T00:20:13.000Z,4.9719,1.2051,124.4872,11.15,4.499,2,normal
2026-03-30T00:20:14.000Z,4.9768,1.1978,124.5299,10.31,4.524,2,normal
2026-03-30T00:20:15.000Z,4.9597,1.2015,124.4872,9.5,4.562,2,normal
2026-03-30T00:20:16.000Z,4.9841,1.2088,124.5299,11.08,4.568,2,normal
2026-03-30T00:20:17.000Z,4.9719,1.2015,124.6154,11.05,4.535,2,normal
2026-03-30T00:20:18.000Z,4.989,1.2051,124.4872,10.75,4.419,2,normal
2026-03-30T00:20:19.000Z,4.9817,1.1978,124.4872,12.3,4.503,2,normal
2026-03-30T00:20:20.000Z,4.9744,1.2015,124.5299,11.21,4.531,2,normal
2026-03-30T00:20:21.000Z,4.9866,1.1868,124.3162,10.9,4.444,2,normal
2026-03-30T00:20:22.000Z,4.9841,1.2015,124.359,10.64,4.434,2,normal
2026-03-30T00:20:23.000Z,4.9744,1.2015,124.5299,10.28,4.539,2,normal
2026-03-30T00:20:24.000Z,4.9646,1.2051,124.4017,10.11,4.435,2,normal
2026-03-30T00:20:25.000Z,4.989,1.1941,124.4444,12.77,4.487,2,normal
2026-03-30T00:20:26.000Z,4.9744,1.2015,124.359,9.25,4.427,2,normal
2026-03-30T00:20:27.000Z,4.967,1.1978,124.5726,9.24,4.578,2,normal
2026-03-30T00:20:28.000Z,4.9768,1.1941,124.4017,10.49,4.43,2,normal
2026-03-30T00:20:29.000Z,4.9841,1.1978,124.5726,9.61,4.565,2,normal
2026-03-30T00:20:30.000Z,4.9744,1.2051,124.5299,9.72,4.513,2,normal
2026-03-30T00:20:31.000Z,4.9768,1.2051,124.5299,8.31,4.462,2,normal
2026-03-30T00:20:32.000Z,4.9621,1.1978,124.4017,11.86,4.52,2,normal
2026-03-30T00:20:33.000Z,4.9817,1.1941,124.3162,9.12,4.493,2,normal
2026-03-30T00:20:34.000Z,4.9939,1.2015,124.4017,10.4,4.495,2,normal
2026-03-30T00:20:35.000Z,4.9719,1.2015,124.4017,10.07,4.428,2,normal
2026-03-30T00:20:36.000Z,4.9524,1.1941,124.2735,10.98,4.441,2,normal
2026-03-30T00:20:37.000Z,4.9719,1.2051,124.4017,10.74,4.539,2,normal
2026-03-30T00:20:38.000Z,4.9695,1.1978,124.4872,8.73,4.459,2,normal
2026-03-30T00:20:39.000Z,4.9915,1.1868,124.3162,9.01,4.42,2,normal
2026-03-30T00:20:40.000Z,4.9866,1.1978,124.1453,10.45,4.474,2,normal
2026-03-30T00:20:41.000Z,4.9768,1.1905,124.4444,9.07,4.465,2,normal
2026-03-30T00:20:42.000Z,4.9646,1.2051,124.4017,11.21,4.495,2,normal
2026-03-30T00:20:43.000Z,4.9866,1.1941,124.6581,8.44,4.509,2,normal
2026-03-30T00:20:44.000Z,4.9792,1.1941,124.188,9.75,4.494,2,normal
2026-03-30T00:20:45.000Z,4.9744,1.1905,124.6581,12.45,4.47,2,normal
2026-03-30T00:20:46.000Z,4.9768,1.2015,124.5299,8.97,4.536,2,normal
2026-03-30T00:20:47.000Z,4.9792,1.1978,124.7863,10.38,4.475,2,normal
2026-03-30T00:20:48.000Z,4.9841,1.1978,124.359,9.1,4.519,2,normal
2026-03-30T00:20:49.000Z,4.9646,1.2015,124.188,10.19,4.469,2,normal
2026-03-30T00:20:50.000Z,4.9768,1.1905,124.6154,10.46,4.509,2,normal
2026-03-30T00:20:51.000Z,4.9719,1.1978,124.5726,8.45,4.576,2,normal
2026-03-30T00:20:52.000Z,4.9841,1.1905,124.359,8.92,4.432,2,normal
2026-03-30T00:20:53.000Z,4.967,1.1905,124.4017,9.82,4.471,2,normal
2026-03-30T00:20:54.000Z,4.9695,1.1941,124.359,10.37,4.552,2,normal
2026-03-30T00:20:55.000Z,4.9573,1.1941,124.5299,9.67,4.426,2,normal
2026-03-30T00:20:56.000Z,4.9768,1.2015,124.6154,11.78,4.433,2,normal
2026-03-30T00:20:57.000Z,4.9719,1.1978,124.4872,10.24,4.545,2,normal
2026-03-30T00:20:58.000Z,4.9768,1.2015,124.359,8.24,4.464,2,normal
2026-03-30T00:20:59.000Z,4.967,1.1978,124.5299,9.69,4.482,2,normal
2026-03-30T00:21:00.000Z,4.967,1.1978,124.359,9.12,4.419,2,normal
2026-03-30T00:21:01.000Z,4.9573,1.1978,124.4017,9.48,4.571,2,normal
2026-03-30T00:21:02.000Z,4.9646,1.2051,124.4444,9.31,4.516,2,normal
2026-03-30T00:21:03.000Z,4.9646,1.1941,124.4872,9.22,4.501,2,normal
2026-03-30T00:21:04.000Z,4.9792,1.2051,124.4017,11.27,4.464,2,normal
2026-03-30T00:21:05.000Z,4.9792,1.2015,124.359,9.47,4.448,2,normal
2026-03-30T00:21:06.000Z,4.9866,1.1978,124.2308,9.1,4.511,2,normal
2026-03-30T00:21:07.000Z,4.9792,1.2015,124.4017,10.66,4.549,2,normal
2026-03-30T00:21:08.000Z,4.9792,1.1941,124.2735,10.47,4.421,2,normal
2026-03-30T00:21:09.000Z,4.9817,1.1978,124.5299,11.95,4.523,2,normal
2026-03-30T00:21:10.000Z,4.9939,1.2051,124.6154,9.6,4.42,2,normal
2026-03-30T00:21:11.000Z,4.9719,1.1905,124.4872,8.49,4.561,2,normal
2026-03-30T00:21:12.000Z,4.9817,1.1978,124.359,9.42,4.567,2,normal
2026-03-30T00:21:13.000Z,4.9695,1.2051,124.4444,11.07,4.566,2,normal
2026-03-30T00:21:14.000Z,4.9744,1.2088,124.188,8.97,4.455,2,normal
2026-03-30T00:21:15.000Z,4.9719,1.2051,124.5299,11.33,4.47,2,normal
2026-03-30T00:21:16.000Z,4.9719,1.1978,124.359,9.0,4.484,2,normal
2026-03-30T00:21:17.000Z,4.9817,1.2051,124.5299,9.65,4.458,2,normal
2026-03-30T00:21:18.000Z,4.9695,1.1905,124.3162,11.81,4.467,2,normal
2026-03-30T00:21:19.000Z,4.9841,1.2088,124.2735,9.28,4.565,2,normal
2026-03-30T00:21:20.000Z,4.989,1.2015,124.3162,9.61,4.57,2,normal
2026-03-30T00:21:21.000Z,4.9646,1.1941,124.2308,7.48,4.526,2,normal
2026-03-30T00:21:22.000Z,4.9695,1.1941,124.4872,9.55,4.571,2,normal
2026-03-30T00:21:23.000Z,4.989,1.2051,124.2735,11.42,4.552,2,normal
2026-03-30T00:21:24.000Z,4.989,1.1868,124.2308,11.79,4.455,2,normal
2026-03-30T00:21:25.000Z,4.9866,1.2015,124.7009,10.71,4.561,2,normal
2026-03-30T00:21:26.000Z,4.9695,1.2051,124.6581,8.57,4.484,2,normal
2026-03-30T00:21:27.000Z,4.9792,1.2051,124.7436,7.49,4.494,2,normal
2026-03-30T00:21:28.000Z,4.9866,1.1978,124.2308,7.5,4.546,2,normal
2026-03-30T00:21:29.000Z,4.9621,1.1941,124.5726,9.85,4.515,2,normal
2026-03-30T00:21:30.000Z,4.9621,1.1978,124.5726,9.97,4.427,2,normal
2026-03-30T00:21:31.000Z,4.9646,1.2015,124.3162,9.23,4.48,2,normal
2026-03-30T00:21:32.000Z,4.9695,1.2015,124.359,10.17,4.499,2,normal
2026-03-30T00:21:33.000Z,4.9719,1.2015,124.7436,7.71,4.529,2,normal
2026-03-30T00:21:34.000Z,4.967,1.1905,124.4872,10.13,4.459,2,normal
2026-03-30T00:21:35.000Z,4.9597,1.2015,124.359,9.11,4.483,2,normal
2026-03-30T00:21:36.000Z,4.9939,1.2088,124.6154,9.09,4.453,2,normal
2026-03-30T00:21:37.000Z,4.9695,1.1941,124.7863,8.66,4.565,2,normal
2026-03-30T00:21:38.000Z,4.9744,1.1978,124.5726,9.23,4.482,2,normal
2026-03-30T00:21:39.000Z,4.9792,1.2051,124.359,10.42,4.567,2,normal
2026-03-30T00:21:40.000Z,4.9866,1.1905,124.6581,10.94,4.491,2,normal
2026-03-30T00:21:41.000Z,4.9719,1.1978,124.4444,9.13,4.555,2,normal
2026-03-30T00:21:42.000Z,4.967,1.1978,124.4872,9.89,4.555,2,normal
2026-03-30T00:21:43.000Z,4.9573,1.1978,124.0598,11.46,4.482,2,normal
2026-03-30T00:21:44.000Z,4.9792,1.1978,124.4017,10.72,4.515,2,normal
2026-03-30T00:21:45.000Z,4.9719,1.1978,124.5726,8.73,4.42,2,normal
2026-03-30T00:21:46.000Z,4.9817,1.1978,124.5726,8.25,4.532,2,normal
2026-03-30T00:21:47.000Z,4.9597,1.1978,124.4017,10.36,4.427,2,normal
2026-03-30T00:21:48.000Z,4.9817,1.2125,124.4017,7.73,4.566,2,normal
2026-03-30T00:21:49.000Z,4.9744,1.1978,124.6581,9.56,4.459,2,normal
2026-03-30T00:21:50.000Z,4.9695,1.1941,124.359,10.52,4.571,2,normal
2026-03-30T00:21:51.000Z,4.9719,1.1978,124.2735,11.18,4.564,2,normal
2026-03-30T00:21:52.000Z,4.9719,1.1978,124.5299,11.17,4.44,2,normal
2026-03-30T00:21:53.000Z,4.9792,1.2051,124.4872,11.55,4.551,2,normal
2026-03-30T00:21:54.000Z,4.9524,1.1978,124.4444,12.16,4.516,2,normal
2026-03-30T00:21:55.000Z,4.967,1.1941,124.4872,12.11,4.468,2,normal
2026-03-30T00:21:56.000Z,4.9744,1.2051,124.7009,11.76,4.524,2,normal
2026-03-30T00:21:57.000Z,4.9719,1.2015,124.4872,10.54,4.423,2,normal
2026-03-30T00:21:58.000Z,4.9915,1.1832,124.4444,11.32,4.564,2,normal
2026-03-30T00:21:59.000Z,4.9792,1.1978,124.6154,8.62,4.497,2,normal
2026-03-30T00:22:00.000Z,4.9597,1.2015,124.6581,10.27,4.558,2,normal
2026-03-30T00:22:01.000Z,4.9817,1.1941,124.4872,9.82,4.559,2,normal
2026-03-30T00:22:02.000Z,4.9695,1.2051,124.3162,9.58,4.507,2,normal
2026-03-30T00:22:03.000Z,4.9768,1.2015,124.4017,8.13,4.558,2,normal
2026-03-30T00:22:04.000Z,4.9792,1.1978,124.7009,8.88,4.513,2,normal
2026-03-30T00:22:05.000Z,4.9695,1.2015,124.7436,10.32,4.552,2,normal
2026-03-30T00:22:06.000Z,4.967,1.2051,124.359,9.41,4.417,2,normal
2026-03-30T00:22:07.000Z,4.9744,1.2051,124.7009,9.62,4.536,2,normal
2026-03-30T00:22:08.000Z,4.9499,1.1978,124.4444,9.53,4.426,2,normal
2026-03-30T00:22:09.000Z,4.9695,1.2015,124.4017,10.0,4.569,2,normal
2026-03-30T00:22:10.000Z,4.9817,1.2051,124.359,12.52,4.554,2,normal
2026-03-30T00:22:11.000Z,4.9866,1.2051,124.7009,11.63,4.464,2,normal
2026-03-30T00:22:12.000Z,4.9621,1.2051,124.4872,10.79,4.487,2,normal
2026-03-30T00:22:13.000Z,4.967,1.1978,124.5299,9.32,4.524,2,normal
2026-03-30T00:22:14.000Z,4.9646,1.1905,124.5726,10.05,4.495,2,normal
2026-03-30T00:22:15.000Z,4.9719,1.2015,124.3162,7.73,4.514,2,normal
2026-03-30T00:22:16.000Z,4.9792,1.2051,124.3162,10.09,4.49,2,normal
2026-03-30T00:22:17.000Z,4.9915,1.2015,124.4872,10.98,4.517,2,normal
2026-03-30T00:22:18.000Z,4.9744,1.1905,124.359,10.8,4.493,2,normal
2026-03-30T00:22:19.000Z,4.9792,1.2088,124.5299,8.62,4.501,2,normal
2026-03-30T00:22:20.000Z,4.9792,1.2015,124.4444,10.02,4.434,2,normal
2026-03-30T00:22:21.000Z,4.9792,1.1941,124.4017,8.59,4.457,2,normal
2026-03-30T00:22:22.000Z,4.9792,1.1978,124.4444,9.85,4.522,2,normal
2026-03-30T00:22:23.000Z,4.9817,1.1978,124.4872,10.17,4.557,2,normal
2026-03-30T00:22:24.000Z,4.989,1.1905,124.4017,10.33,4.516,2,normal
2026-03-30T00:22:25.000Z,5.0012,1.2015,124.4444,9.33,4.445,2,normal
2026-03-30T00:22:26.000Z,4.9621,1.2015,124.4444,9.47,4.503,2,normal
2026-03-30T00:22:27.000Z,4.9768,1.2015,124.5299,11.04,4.528,2,normal
2026-03-30T00:22:28.000Z,4.9573,1.1941,124.7436,9.14,4.519,2,normal
2026-03-30T00:22:29.000Z,4.9744,1.1941,124.6154,8.34,4.481,2,normal
2026-03-30T00:22:30.000Z,4.9817,1.2015,124.4444,9.91,4.419,2,normal
2026-03-30T00:22:31.000Z,4.9719,1.2015,124.7436,11.54,4.523,2,normal
2026-03-30T00:22:32.000Z,4.9817,1.2015,124.2735,9.09,4.463,2,normal
2026-03-30T00:22:33.000Z,4.9792,1.2015,124.3162,9.92,4.44,2,normal
2026-03-30T00:22:34.000Z,4.9524,1.1905,124.359,10.25,4.511,2,normal
2026-03-30T00:22:35.000Z,4.989,1.2015,124.5299,9.56,4.418,2,normal
2026-03-30T00:22:36.000Z,4.9646,1.2088,124.3162,9.54,4.534,2,normal
2026-03-30T00:22:37.000Z,4.9695,1.1978,124.3162,11.11,4.494,2,normal
2026-03-30T00:22:38.000Z,4.9695,1.1941,124.2735,7.91,4.494,2,normal
2026-03-30T00:22:39.000Z,4.9646,1.1941,124.4444,10.33,4.427,2,normal
2026-03-30T00:22:40.000Z,4.9695,1.1941,124.5726,10.12,4.568,2,normal
2026-03-30T00:22:41.000Z,4.989,1.2051,124.3162,9.95,4.446,2,normal
2026-03-30T00:22:42.000Z,4.9817,1.2015,124.4017,12.32,4.47,2,normal
2026-03-30T00:22:43.000Z,4.9646,1.1978,124.2308,9.3,4.463,2,normal
2026-03-30T00:22:44.000Z,4.9524,1.2015,124.359,8.35,4.535,2,normal
2026-03-30T00:22:45.000Z,4.9597,1.2015,124.5299,8.55,4.463,2,normal
2026-03-30T00:22:46.000Z,4.9621,1.2015,124.4444,10.42,4.514,2,normal
2026-03-30T00:22:47.000Z,4.9817,1.2051,124.5726,9.85,4.451,2,normal
2026-03-30T00:22:48.000Z,4.9768,1.2015,124.4872,9.14,4.442,2,normal
2026-03-30T00:22:49.000Z,4.9573,1.2015,124.6154,9.99,4.488,2,normal
2026-03-30T00:22:50.000Z,4.9719,1.2015,124.4017,10.73,4.471,2,normal
2026-03-30T00:22:51.000Z,4.9792,1.2015,124.4444,9.23,4.441,2,normal
2026-03-30T00:22:52.000Z,4.9646,1.1941,124.4017,8.28,4.565,2,normal
2026-03-30T00:22:53.000Z,4.9792,1.2015,124.3162,9.36,4.433,2,normal
2026-03-30T00:22:54.000Z,4.9646,1.2088,124.2735,9.12,4.423,2,normal
2026-03-30T00:22:55.000Z,4.9841,1.2051,124.6154,8.07,4.443,2,normal
2026-03-30T00:22:56.000Z,4.9866,1.1905,124.4444,9.79,4.432,2,normal
2026-03-30T00:22:57.000Z,4.9695,1.2051,124.4017,11.55,4.487,2,normal
2026-03-30T00:22:58.000Z,4.9841,1.1978,124.2308,11.9,4.469,2,normal
2026-03-30T00:22:59.000Z,4.9768,1.1941,124.4017,11.24,4.474,2,normal
2026-03-30T00:23:00.000Z,4.9719,1.1978,124.4017,8.65,4.453,2,normal
2026-03-30T00:23:01.000Z,4.967,1.1941,124.5299,10.57,4.554,2,normal
2026-03-30T00:23:02.000Z,4.967,1.2015,124.4872,9.99,4.419,2,normal
2026-03-30T00:23:03.000Z,4.9524,1.2015,124.5726,10.4,4.576,2,normal
2026-03-30T00:23:04.000Z,4.9792,1.2015,124.4872,8.18,4.52,2,normal
2026-03-30T00:23:05.000Z,4.9744,1.1941,124.5299,8.54,4.523,2,normal
2026-03-30T00:23:06.000Z,4.9744,1.1941,124.359,10.84,4.505,2,normal
2026-03-30T00:23:07.000Z,4.9915,1.2015,124.4017,9.77,4.46,2,normal
2026-03-30T00:23:08.000Z,4.9719,1.1978,124.1453,8.6,4.447,2,normal
2026-03-30T00:23:09.000Z,4.9719,1.1941,124.2308,8.36,4.557,2,normal
2026-03-30T00:23:10.000Z,4.967,1.2015,124.4872,10.79,4.423,2,normal
2026-03-30T00:23:11.000Z,4.989,1.1978,124.359,9.24,4.574,2,normal
2026-03-30T00:23:12.000Z,4.9792,1.1941,124.4444,9.41,4.538,2,normal
2026-03-30T00:23:13.000Z,4.9768,1.2015,124.4872,8.4,4.456,2,normal
2026-03-30T00:23:14.000Z,4.9597,1.2015,124.4872,9.83,4.428,2,normal
2026-03-30T00:23:15.000Z,4.9866,1.1978,124.3162,10.11,4.519,2,normal
2026-03-30T00:23:16.000Z,4.9817,1.1978,124.5726,8.63,4.575,2,normal
2026-03-30T00:23:17.000Z,4.9475,1.1905,124.6154,8.93,4.52,2,normal
2026-03-30T00:23:18.000Z,4.9744,1.1978,124.2735,10.58,4.541,2,normal
2026-03-30T00:23:19.000Z,4.9621,1.1978,124.4017,8.49,4.457,2,normal
2026-03-30T00:23:20.000Z,4.9866,1.2015,124.359,8.86,4.431,2,normal
2026-03-30T00:23:21.000Z,4.9573,1.2015,124.4017,10.05,4.56,2,normal
2026-03-30T00:23:22.000Z,4.9768,1.1941,124.3162,10.86,4.51,2,normal
2026-03-30T00:23:23.000Z,4.9744,1.1978,124.3162,11.18,4.484,2,normal
2026-03-30T00:23:24.000Z,4.9841,1.1868,124.1453,9.99,4.546,2,normal
2026-03-30T00:23:25.000Z,4.9792,1.1978,124.5299,9.29,4.53,2,normal
2026-03-30T00:23:26.000Z,4.9719,1.2015,124.5299,11.15,4.537,2,normal
2026-03-30T00:23:27.000Z,4.9719,1.2051,124.6154,9.44,4.484,2,normal
2026-03-30T00:23:28.000Z,4.9841,1.2015,124.6154,10.07,4.477,2,normal
2026-03-30T00:23:29.000Z,4.9744,1.1905,124.6154,10.08,4.441,2,normal
2026-03-30T00:23:30.000Z,4.9744,1.2088,124.4444,8.37,4.451,2,normal
2026-03-30T00:23:31.000Z,4.9646,1.2015,124.5299,10.62,4.557,2,normal
2026-03-30T00:23:32.000Z,4.9817,1.1905,124.3162,8.84,4.54,2,normal
2026-03-30T00:23:33.000Z,4.9792,1.1941,124.2308,8.61,4.496,2,normal
2026-03-30T00:23:34.000Z,4.9792,1.1905,124.3162,10.55,4.468,2,normal
2026-03-30T00:23:35.000Z,4.9621,1.1978,124.5299,10.33,4.481,2,normal
2026-03-30T00:23:36.000Z,4.9695,1.2051,124.1026,8.58,4.518,2,normal
2026-03-30T00:23:37.000Z,4.9646,1.1905,124.6154,9.01,4.532,2,normal
2026-03-30T00:23:38.000Z,4.9744,1.1978,124.4017,9.58,4.515,2,normal
2026-03-30T00:23:39.000Z,4.9744,1.1978,124.4017,9.53,4.493,2,normal
2026-03-30T00:23:40.000Z,4.9719,1.2015,124.5299,9.6,4.421,2,normal
2026-03-30T00:23:41.000Z,4.9695,1.1978,124.4872,7.56,4.488,2,normal
2026-03-30T00:23:42.000Z,4.9621,1.1978,124.5299,10.08,4.556,2,normal
2026-03-30T00:23:43.000Z,4.9768,1.1905,124.6154,11.06,4.469,2,normal
2026-03-30T00:23:44.000Z,4.9817,1.2015,124.4444,10.27,4.44,2,normal
2026-03-30T00:23:45.000Z,4.9792,1.1978,124.4444,10.96,4.444,2,normal
2026-03-30T00:23:46.000Z,4.9695,1.2015,124.359,9.91,4.479,2,normal
2026-03-30T00:23:47.000Z,4.9866,1.1978,124.4017,10.85,4.548,2,normal
2026-03-30T00:23:48.000Z,4.9817,1.1978,124.5299,8.35,4.496,2,normal
2026-03-30T00:23:49.000Z,4.967,1.2015,124.4872,10.14,4.492,2,normal
2026-03-30T00:23:50.000Z,4.9817,1.1978,124.3162,10.29,4.557,2,normal
2026-03-30T00:23:51.000Z,5.0012,1.1978,124.4017,9.08,4.504,2,normal
2026-03-30T00:23:52.000Z,4.967,1.1978,124.4872,10.14,4.519,2,normal
2026-03-30T00:23:53.000Z,5.0012,1.1905,124.5726,12.28,4.542,2,normal
2026-03-30T00:23:54.000Z,4.9744,1.2051,124.3162,9.16,4.416,2,normal
2026-03-30T00:23:55.000Z,4.9792,1.1978,124.188,12.78,4.415,2,normal
2026-03-30T00:23:56.000Z,4.9719,1.1905,124.6154,8.63,4.479,2,normal
2026-03-30T00:23:57.000Z,4.9866,1.1941,124.359,9.14,4.423,2,normal
2026-03-30T00:23:58.000Z,4.9621,1.1978,124.4444,10.96,4.437,2,normal
2026-03-30T00:23:59.000Z,4.9866,1.1978,124.5726,11.09,4.515,2,normal
2026-03-30T00:24:00.000Z,4.9744,1.1978,124.5726,8.93,4.46,2,normal
2026-03-30T00:24:01.000Z,4.9646,1.2015,124.4872,13.15,4.472,2,normal
2026-03-30T00:24:02.000Z,4.9792,1.2088,124.2735,9.99,4.519,2,normal
2026-03-30T00:24:03.000Z,4.9768,1.2051,124.6581,8.92,4.485,2,normal
2026-03-30T00:24:04.000Z,4.967,1.2015,124.6581,8.49,4.545,2,normal
2026-03-30T00:24:05.000Z,4.9719,1.2088,124.4444,10.28,4.524,2,normal
2026-03-30T00:24:06.000Z,4.967,1.2015,124.4017,7.86,4.474,2,normal
2026-03-30T00:24:07.000Z,4.9915,1.1978,124.5726,9.75,4.491,2,normal
2026-03-30T00:24:08.000Z,4.9719,1.1978,124.6154,10.13,4.463,2,normal
2026-03-30T00:24:09.000Z,4.9719,1.2051,124.5726,10.74,4.466,2,normal
2026-03-30T00:24:10.000Z,4.9695,1.1941,124.4444,9.9,4.462,2,normal
2026-03-30T00:24:11.000Z,4.967,1.2015,124.6581,10.65,4.55,2,normal
2026-03-30T00:24:12.000Z,4.989,1.1941,124.2308,9.24,4.503,2,normal
2026-03-30T00:24:13.000Z,4.9646,1.1978,124.359,8.49,4.427,2,normal
2026-03-30T00:24:14.000Z,4.9792,1.1978,124.4872,11.36,4.453,2,normal
2026-03-30T00:24:15.000Z,4.9744,1.2015,124.188,11.41,4.573,2,normal
2026-03-30T00:24:16.000Z,4.9646,1.1978,124.4017,11.32,4.49,2,normal
2026-03-30T00:24:17.000Z,4.9695,1.2015,124.6581,9.78,4.569,2,normal
2026-03-30T00:24:18.000Z,4.989,1.1978,124.0171,11.47,4.487,2,normal
2026-03-30T00:24:19.000Z,4.989,1.2015,124.3162,9.28,4.46,2,normal
2026-03-30T00:24:20.000Z,4.9817,1.2015,124.3162,9.85,4.429,2,normal
2026-03-30T00:24:21.000Z,4.9744,1.1978,124.4444,6.69,4.485,2,normal
2026-03-30T00:24:22.000Z,4.9792,1.2015,124.5726,10.75,4.518,2,normal
2026-03-30T00:24:23.000Z,4.9817,1.2015,124.6154,8.46,4.518,2,normal
2026-03-30T00:24:24.000Z,4.9817,1.2015,124.4017,10.38,4.471,2,normal
2026-03-30T00:24:25.000Z,4.9792,1.2015,124.6154,7.25,4.542,2,normal
2026-03-30T00:24:26.000Z,4.9646,1.1941,124.2735,8.75,4.43,2,normal
2026-03-30T00:24:27.000Z,4.9768,1.1941,124.4872,11.93,4.427,2,normal
2026-03-30T00:24:28.000Z,4.9915,1.1941,124.7009,10.27,4.518,2,normal
2026-03-30T00:24:29.000Z,4.9817,1.1941,124.6581,9.56,4.479,2,normal
2026-03-30T00:24:30.000Z,4.9866,1.2015,124.6581,11.46,4.523,2,normal
2026-03-30T00:24:31.000Z,4.9768,1.2015,124.6154,7.63,4.517,2,normal
2026-03-30T00:24:32.000Z,4.9963,1.2015,124.2735,8.58,4.467,2,normal
2026-03-30T00:24:33.000Z,4.9792,1.1978,124.4872,9.63,4.543,2,normal
2026-03-30T00:24:34.000Z,4.989,1.1978,124.5299,9.21,4.484,2,normal
2026-03-30T00:24:35.000Z,4.9646,1.2015,124.4444,11.91,4.427,2,normal
2026-03-30T00:24:36.000Z,4.9866,1.2088,124.4017,9.37,4.466,2,normal
2026-03-30T00:24:37.000Z,4.9646,1.2015,124.6581,10.7,4.474,2,normal
2026-03-30T00:24:38.000Z,4.9768,1.1941,124.4444,8.97,4.426,2,normal
2026-03-30T00:24:39.000Z,4.9744,1.2015,124.188,8.86,4.446,2,normal
2026-03-30T00:24:40.000Z,4.9963,1.2015,124.5726,8.87,4.524,2,normal
2026-03-30T00:24:41.000Z,4.9499,1.1941,124.3162,9.22,4.51,2,normal
2026-03-30T00:24:42.000Z,4.9719,1.1978,124.6581,10.25,4.491,2,normal
2026-03-30T00:24:43.000Z,4.9744,1.1978,124.4872,9.97,4.453,2,normal
2026-03-30T00:24:44.000Z,4.989,1.2015,124.4872,11.74,4.569,2,normal
2026-03-30T00:24:45.000Z,4.9915,1.2015,124.359,10.54,4.574,2,normal
2026-03-30T00:24:46.000Z,4.9792,1.2015,124.4444,9.97,4.463,2,normal
2026-03-30T00:24:47.000Z,4.989,1.1978,124.5299,9.54,4.422,2,normal
2026-03-30T00:24:48.000Z,4.9817,1.2051,124.4872,8.66,4.471,2,normal
2026-03-30T00:24:49.000Z,4.9744,1.2088,124.359,10.14,4.562,2,normal
2026-03-30T00:24:50.000Z,4.9768,1.1941,124.7009,11.32,4.437,2,normal
2026-03-30T00:24:51.000Z,4.9719,1.2015,124.5726,11.98,4.524,2,normal
2026-03-30T00:24:52.000Z,4.967,1.2088,124.8718,9.93,4.561,2,normal
2026-03-30T00:24:53.000Z,4.9792,1.2088,124.5299,8.94,4.448,2,normal
2026-03-30T00:24:54.000Z,4.9817,1.1868,124.359,7.99,4.455,2,normal
2026-03-30T00:24:55.000Z,4.9792,1.2015,124.6581,11.24,4.545,2,normal
2026-03-30T00:24:56.000Z,4.9792,1.2015,124.4444,7.62,4.553,2,normal
2026-03-30T00:24:57.000Z,4.9719,1.2015,124.7863,10.4,4.495,2,normal
2026-03-30T00:24:58.000Z,4.9719,1.1905,124.4444,9.76,4.52,2,normal
2026-03-30T00:24:59.000Z,4.9744,1.1941,124.2735,10.04,4.475,2,normal
2026-03-30T00:25:00.000Z,4.9621,1.1941,124.4017,9.88,4.481,2,normal
2026-03-30T00:25:01.000Z,4.9695,1.2015,124.6581,10.1,4.451,2,normal
2026-03-30T00:25:02.000Z,4.9695,1.1941,124.5726,12.15,4.51,2,normal
2026-03-30T00:25:03.000Z,4.9719,1.1978,124.6154,9.71,4.432,2,normal
2026-03-30T00:25:04.000Z,4.9792,1.1941,124.3162,9.18,4.515,2,normal
2026-03-30T00:25:05.000Z,4.9817,1.1905,124.3162,10.95,4.466,2,normal
2026-03-30T00:25:06.000Z,4.9792,1.2015,124.4017,11.5,4.474,2,normal
2026-03-30T00:25:07.000Z,4.9866,1.1905,124.7009,9.79,4.544,2,normal
2026-03-30T00:25:08.000Z,4.9744,1.2015,124.5299,10.02,4.45,2,normal
2026-03-30T00:25:09.000Z,4.9841,1.1978,124.5299,11.88,4.526,2,normal
2026-03-30T00:25:10.000Z,4.9915,1.2161,124.4444,9.81,4.536,2,normal
2026-03-30T00:25:11.000Z,4.9548,1.2051,124.4444,9.91,4.549,2,normal
2026-03-30T00:25:12.000Z,4.967,1.1941,124.4872,10.72,4.522,2,normal
2026-03-30T00:25:13.000Z,4.9792,1.1978,124.2735,9.17,4.479,2,normal
2026-03-30T00:25:14.000Z,4.9915,1.1941,124.4872,10.09,4.542,2,normal
2026-03-30T00:25:15.000Z,4.9597,1.1905,124.4872,10.36,4.468,2,normal
2026-03-30T00:25:16.000Z,4.9915,1.1978,124.5726,9.15,4.489,2,normal
2026-03-30T00:25:17.000Z,4.9719,1.1978,124.3162,9.55,4.567,2,normal
2026-03-30T00:25:18.000Z,4.9768,1.2015,124.7436,9.03,4.486,2,normal
2026-03-30T00:25:19.000Z,4.967,1.2015,124.4017,8.44,4.469,2,normal
2026-03-30T00:25:20.000Z,4.9792,1.2015,124.7436,9.62,4.571,2,normal
2026-03-30T00:25:21.000Z,4.989,1.1941,124.359,8.89,4.554,2,normal
2026-03-30T00:25:22.000Z,4.9744,1.1941,124.5726,10.79,4.448,2,normal
2026-03-30T00:25:23.000Z,4.9841,1.1905,124.6154,10.63,4.433,2,normal
2026-03-30T00:25:24.000Z,4.9841,1.2051,124.6154,10.25,4.496,2,normal
2026-03-30T00:25:25.000Z,4.9792,1.2051,124.4872,9.65,4.454,2,normal
2026-03-30T00:25:26.000Z,4.9719,1.2051,124.4444,10.35,4.444,2,normal
2026-03-30T00:25:27.000Z,4.967,1.2015,124.5726,10.36,4.504,2,normal
2026-03-30T00:25:28.000Z,4.9768,1.2088,124.4017,9.21,4.437,2,normal
2026-03-30T00:25:29.000Z,4.9866,1.1978,124.5299,8.62,4.514,2,normal
2026-03-30T00:25:30.000Z,4.9719,1.1905,124.6581,9.89,4.463,2,normal
2026-03-30T00:25:31.000Z,4.9768,1.2051,124.5299,10.34,4.547,2,normal
2026-03-30T00:25:32.000Z,4.9719,1.2051,124.1453,8.91,4.507,2,normal
2026-03-30T00:25:33.000Z,4.967,1.2051,124.4444,9.0,4.529,2,normal
2026-03-30T00:25:34.000Z,4.967,1.1941,124.4444,8.49,4.445,2,normal
2026-03-30T00:25:35.000Z,4.9963,1.1978,124.4872,8.61,4.562,2,normal
2026-03-30T00:25:36.000Z,4.989,1.1905,124.5299,11.6,4.455,2,normal
2026-03-30T00:25:37.000Z,4.9695,1.1978,124.5299,9.19,4.564,2,normal
2026-03-30T00:25:38.000Z,4.9597,1.2015,124.4017,11.16,4.576,2,normal
2026-03-30T00:25:39.000Z,4.9646,1.2015,124.0171,10.01,4.537,2,normal
2026-03-30T00:25:40.000Z,4.9866,1.1978,124.4017,11.22,4.49,2,normal
2026-03-30T00:25:41.000Z,4.9817,1.1978,124.6581,8.79,4.538,2,normal
2026-03-30T00:25:42.000Z,4.967,1.2015,124.5726,9.93,4.565,2,normal
2026-03-30T00:25:43.000Z,4.9915,1.1978,124.359,9.88,4.503,2,normal
2026-03-30T00:25:44.000Z,5.0012,1.2051,124.4872,11.52,4.55,2,normal
2026-03-30T00:25:45.000Z,4.9768,1.2015,124.4872,10.44,4.503,2,normal
2026-03-30T00:25:46.000Z,4.9792,1.2015,124.4017,8.13,4.441,2,normal
2026-03-30T00:25:47.000Z,4.9817,1.2051,124.4017,10.22,4.451,2,normal
2026-03-30T00:25:48.000Z,4.9573,1.2015,124.359,8.31,4.532,2,normal
2026-03-30T00:25:49.000Z,4.9695,1.1978,124.5726,10.24,4.419,2,normal
2026-03-30T00:25:50.000Z,4.9597,1.2051,124.4872,9.39,4.456,2,normal
2026-03-30T00:25:51.000Z,4.9817,1.2051,124.6154,9.83,4.449,2,normal
2026-03-30T00:25:52.000Z,4.9695,1.2051,124.4017,8.47,4.55,2,normal
2026-03-30T00:25:53.000Z,4.9817,1.1978,124.5299,10.16,4.469,2,normal
2026-03-30T00:25:54.000Z,4.9744,1.2015,124.359,11.22,4.566,2,normal
2026-03-30T00:25:55.000Z,4.9817,1.1978,124.5299,10.44,4.481,2,normal
2026-03-30T00:25:56.000Z,4.9841,1.1978,124.4017,9.96,4.546,2,normal
2026-03-30T00:25:57.000Z,4.967,1.2015,124.4017,10.18,4.465,2,normal
2026-03-30T00:25:58.000Z,4.9597,1.2051,124.1026,10.63,4.573,2,normal
2026-03-30T00:25:59.000Z,4.9719,1.2051,124.5299,9.49,4.575,2,normal
2026-03-30T00:26:00.000Z,4.9621,1.2051,124.4017,9.54,4.47,2,normal
2026-03-30T00:26:01.000Z,4.9597,1.1941,124.2735,11.86,4.493,2,normal
2026-03-30T00:26:02.000Z,4.989,1.1941,124.359,9.26,4.518,2,normal
2026-03-30T00:26:03.000Z,4.989,1.2015,124.4872,9.81,4.515,2,normal
2026-03-30T00:26:04.000Z,4.9719,1.1978,124.5726,7.96,4.517,2,normal
2026-03-30T00:26:05.000Z,4.9792,1.1978,124.6154,10.53,4.451,2,normal
2026-03-30T00:26:06.000Z,4.9817,1.1905,124.7863,8.34,4.537,2,normal
2026-03-30T00:26:07.000Z,4.9841,1.1941,124.4017,8.32,4.499,2,normal
2026-03-30T00:26:08.000Z,4.9744,1.1978,124.7009,10.17,4.554,2,normal
2026-03-30T00:26:09.000Z,4.9817,1.1905,124.4017,9.24,4.523,2,normal
2026-03-30T00:26:10.000Z,4.9915,1.1978,124.4872,8.33,4.477,2,normal
2026-03-30T00:26:11.000Z,4.9866,1.2088,124.4017,9.94,4.427,2,normal
2026-03-30T00:26:12.000Z,4.989,1.2015,124.5299,10.49,4.431,2,normal
2026-03-30T00:26:13.000Z,4.9646,1.2015,124.2308,9.46,4.428,2,normal
2026-03-30T00:26:14.000Z,4.967,1.1978,124.4444,9.01,4.445,2,normal
2026-03-30T00:26:15.000Z,4.9841,1.1941,124.4872,10.39,4.46,2,normal
2026-03-30T00:26:16.000Z,4.9719,1.2051,124.4872,9.67,4.444,2,normal
2026-03-30T00:26:17.000Z,4.9792,1.1978,124.3162,7.89,4.547,2,normal
2026-03-30T00:26:18.000Z,4.9744,1.1905,124.4872,11.4,4.539,2,normal
2026-03-30T00:26:19.000Z,4.9695,1.2051,124.6581,11.43,4.46,2,normal
2026-03-30T00:26:20.000Z,4.9792,1.1941,124.3162,10.94,4.427,2,normal
2026-03-30T00:26:21.000Z,4.9841,1.2015,124.5726,10.51,4.419,2,normal
2026-03-30T00:26:22.000Z,4.9768,1.1868,124.2308,9.95,4.565,2,normal
2026-03-30T00:26:23.000Z,4.9744,1.1905,124.6154,10.01,4.512,2,normal
2026-03-30T00:26:24.000Z,4.9768,1.2051,124.4444,9.32,4.507,2,normal
2026-03-30T00:26:25.000Z,4.9866,1.1978,124.5299,12.42,4.532,2,normal
2026-03-30T00:26:26.000Z,4.9744,1.1978,124.2735,8.17,4.52,2,normal
2026-03-30T00:26:27.000Z,4.9695,1.1978,124.7009,10.23,4.549,2,normal
2026-03-30T00:26:28.000Z,4.9646,1.1978,124.3162,8.26,4.458,2,normal
2026-03-30T00:26:29.000Z,4.9792,1.1978,124.2308,11.37,4.567,2,normal
2026-03-30T00:26:30.000Z,4.9744,1.2015,124.4872,8.23,4.564,2,normal
2026-03-30T00:26:31.000Z,4.9841,1.2051,124.3162,9.02,4.446,2,normal
2026-03-30T00:26:32.000Z,4.9841,1.1978,124.2308,10.78,4.569,2,normal
2026-03-30T00:26:33.000Z,4.967,1.1978,124.4017,10.96,4.557,2,normal
2026-03-30T00:26:34.000Z,4.9719,1.1941,124.4444,8.36,4.472,2,normal
2026-03-30T00:26:35.000Z,4.989,1.2051,124.6154,9.41,4.467,2,normal
2026-03-30T00:26:36.000Z,4.9744,1.2015,124.7436,9.94,4.531,2,normal
2026-03-30T00:26:37.000Z,4.9744,1.1978,124.2308,9.11,4.475,2,normal
2026-03-30T00:26:38.000Z,4.9695,1.2051,124.4444,12.41,4.489,2,normal
2026-03-30T00:26:39.000Z,4.9695,1.2015,124.4872,10.14,4.539,2,normal
2026-03-30T00:26:40.000Z,4.9963,1.1941,124.4444,10.74,4.516,2,normal
2026-03-30T00:26:41.000Z,4.9719,1.1978,124.5299,10.96,4.462,2,normal
2026-03-30T00:26:42.000Z,4.9866,1.1905,124.359,10.08,4.432,2,normal
2026-03-30T00:26:43.000Z,4.9817,1.2051,124.7009,9.99,4.577,2,normal
2026-03-30T00:26:44.000Z,4.9841,1.2051,124.6154,9.97,4.576,2,normal
2026-03-30T00:26:45.000Z,4.9524,1.1941,124.4872,10.05,4.487,2,normal
2026-03-30T00:26:46.000Z,4.9915,1.2088,124.2308,9.8,4.565,2,normal
2026-03-30T00:26:47.000Z,4.967,1.2051,124.4017,10.23,4.47,2,normal
2026-03-30T00:26:48.000Z,4.9817,1.1978,124.6154,8.15,4.56,2,normal
2026-03-30T00:26:49.000Z,4.9866,1.2015,124.6154,9.22,4.529,2,normal
2026-03-30T00:26:50.000Z,4.967,1.1941,124.5299,8.74,4.494,2,normal
2026-03-30T00:26:51.000Z,4.9792,1.2125,124.4017,9.6,4.546,2,normal
2026-03-30T00:26:52.000Z,4.9768,1.2088,124.6154,10.5,4.47,2,normal
2026-03-30T00:26:53.000Z,4.9817,1.1941,124.2735,10.75,4.428,2,normal
2026-03-30T00:26:54.000Z,4.9866,1.2125,124.1453,8.36,4.551,2,normal
2026-03-30T00:26:55.000Z,4.967,1.1978,124.6581,10.64,4.442,2,normal
2026-03-30T00:26:56.000Z,4.9744,1.2015,124.2735,8.75,4.436,2,normal
2026-03-30T00:26:57.000Z,4.967,1.1978,124.4872,8.59,4.558,2,normal
2026-03-30T00:26:58.000Z,4.9866,1.2051,124.5299,11.01,4.455,2,normal
2026-03-30T00:26:59.000Z,4.9915,1.1978,124.5299,9.46,4.486,2,normal
2026-03-30T00:27:00.000Z,4.9695,1.2088,124.4444,8.79,4.54,2,normal
2026-03-30T00:27:01.000Z,4.9841,1.1905,124.4872,10.24,4.436,2,normal
2026-03-30T00:27:02.000Z,4.9841,1.1978,124.5726,9.4,4.528,2,normal
2026-03-30T00:27:03.000Z,4.9597,1.2015,124.7009,8.37,4.523,2,normal
2026-03-30T00:27:04.000Z,4.9866,1.1978,124.3162,8.71,4.518,2,normal
2026-03-30T00:27:05.000Z,4.9695,1.2015,124.188,9.03,4.434,2,normal
2026-03-30T00:27:06.000Z,4.9792,1.1978,124.5299,7.18,4.536,2,normal
2026-03-30T00:27:07.000Z,4.9817,1.2051,124.5726,7.62,4.51,2,normal
2026-03-30T00:27:08.000Z,4.9768,1.1905,124.5299,9.39,4.574,2,normal
2026-03-30T00:27:09.000Z,4.9841,1.1941,124.4017,8.0,4.499,2,normal
2026-03-30T00:27:10.000Z,4.9719,1.1941,124.4017,10.72,4.49,2,normal
2026-03-30T00:27:11.000Z,4.9939,1.2015,124.7009,8.77,4.491,2,normal
2026-03-30T00:27:12.000Z,4.9719,1.1941,124.4017,8.07,4.529,2,normal
2026-03-30T00:27:13.000Z,4.9719,1.2015,124.359,9.8,4.576,2,normal
2026-03-30T00:27:14.000Z,4.9646,1.2015,124.4017,8.67,4.53,2,normal
2026-03-30T00:27:15.000Z,4.9963,1.1941,124.1453,11.66,4.447,2,normal
2026-03-30T00:27:16.000Z,4.9573,1.1978,124.4444,9.5,4.556,2,normal
2026-03-30T00:27:17.000Z,4.9866,1.1868,124.5299,11.97,4.522,2,normal
2026-03-30T00:27:18.000Z,4.9499,1.1941,124.7436,9.63,4.529,2,normal
2026-03-30T00:27:19.000Z,4.9744,1.1941,124.7009,10.82,4.464,2,normal
2026-03-30T00:27:20.000Z,4.9695,1.2015,124.4444,8.96,4.438,2,normal
2026-03-30T00:27:21.000Z,4.9621,1.2015,124.4872,7.76,4.531,2,normal
2026-03-30T00:27:22.000Z,4.9768,1.2051,124.359,11.19,4.463,2,normal
2026-03-30T00:27:23.000Z,4.9817,1.1978,124.5299,8.01,4.419,2,normal
2026-03-30T00:27:24.000Z,4.9621,1.1941,124.4444,6.77,4.441,2,normal
2026-03-30T00:27:25.000Z,4.9719,1.2051,124.6154,7.7,4.434,2,normal
2026-03-30T00:27:26.000Z,4.9744,1.2125,124.5726,10.94,4.522,2,normal
2026-03-30T00:27:27.000Z,4.9621,1.1941,124.1453,8.95,4.42,2,normal
2026-03-30T00:27:28.000Z,4.9866,1.1941,124.4872,7.23,4.521,2,normal
2026-03-30T00:27:29.000Z,4.9866,1.2015,124.3162,8.21,4.54,2,normal
2026-03-30T00:27:30.000Z,4.9646,1.1978,124.6154,11.56,4.477,2,normal
2026-03-30T00:27:31.000Z,4.9792,1.1905,124.5299,10.0,4.499,2,normal
2026-03-30T00:27:32.000Z,4.9768,1.1941,124.6581,9.51,4.538,2,normal
2026-03-30T00:27:33.000Z,4.9695,1.1905,124.4872,10.04,4.487,2,normal
2026-03-30T00:27:34.000Z,4.9744,1.2088,124.4017,10.83,4.544,2,normal
2026-03-30T00:27:35.000Z,4.9939,1.2051,124.5726,10.07,4.503,2,normal
2026-03-30T00:27:36.000Z,4.9646,1.1941,124.5299,9.7,4.532,2,normal
2026-03-30T00:27:37.000Z,4.9719,1.1978,124.4872,6.89,4.561,2,normal
2026-03-30T00:27:38.000Z,4.989,1.2015,124.5726,11.22,4.545,2,normal
2026-03-30T00:27:39.000Z,4.9792,1.2015,124.5299,10.54,4.507,2,normal
2026-03-30T00:27:40.000Z,4.9744,1.2051,124.4872,9.7,4.475,2,normal
2026-03-30T00:27:41.000Z,4.9719,1.1978,124.3162,9.82,4.464,2,normal
2026-03-30T00:27:42.000Z,4.9719,1.2015,124.6581,8.26,4.49,2,normal
2026-03-30T00:27:43.000Z,4.9695,1.1832,124.2735,9.34,4.472,2,normal
2026-03-30T00:27:44.000Z,4.9744,1.2051,124.359,11.08,4.454,2,normal
2026-03-30T00:27:45.000Z,4.9841,1.2051,124.5299,7.37,4.513,2,normal
2026-03-30T00:27:46.000Z,4.9841,1.2051,124.4872,11.03,4.429,2,normal
2026-03-30T00:27:47.000Z,4.9866,1.2051,124.4444,9.2,4.43,2,normal
2026-03-30T00:27:48.000Z,4.9866,1.1978,124.4444,8.52,4.428,2,normal
2026-03-30T00:27:49.000Z,4.9426,1.1978,124.4017,9.14,4.478,2,normal
2026-03-30T00:27:50.000Z,4.9597,1.1941,124.3162,9.09,4.441,2,normal
2026-03-30T00:27:51.000Z,4.9744,1.2051,124.6154,10.16,4.431,2,normal
2026-03-30T00:27:52.000Z,4.9792,1.1978,124.5299,9.75,4.52,2,normal
2026-03-30T00:27:53.000Z,4.9817,1.1978,124.359,12.13,4.452,2,normal
2026-03-30T00:27:54.000Z,4.9768,1.2051,124.6154,9.68,4.435,2,normal
2026-03-30T00:27:55.000Z,4.9744,1.1978,124.5299,8.91,4.549,2,normal
2026-03-30T00:27:56.000Z,4.9768,1.1978,124.2735,7.63,4.504,2,normal
2026-03-30T00:27:57.000Z,4.9621,1.2051,124.2308,12.25,4.478,2,normal
2026-03-30T00:27:58.000Z,4.989,1.2051,124.3162,9.55,4.51,2,normal
2026-03-30T00:27:59.000Z,4.967,1.2015,124.5726,10.01,4.5,2,normal
2026-03-30T00:28:00.000Z,4.9792,1.1941,124.5299,11.18,4.426,2,normal
2026-03-30T00:28:01.000Z,4.9499,1.1978,124.4017,9.01,4.515,2,normal
2026-03-30T00:28:02.000Z,4.9695,1.2088,124.4444,9.68,4.497,2,normal
2026-03-30T00:28:03.000Z,4.9866,1.2088,124.4444,9.01,4.546,2,normal
2026-03-30T00:28:04.000Z,4.9939,1.2051,124.359,9.46,4.465,2,normal
2026-03-30T00:28:05.000Z,4.9792,1.1978,124.5299,7.14,4.444,2,normal
2026-03-30T00:28:06.000Z,4.9817,1.1941,124.7009,9.48,4.558,2,normal
2026-03-30T00:28:07.000Z,4.9744,1.1905,124.6154,9.8,4.495,2,normal
2026-03-30T00:28:08.000Z,4.9719,1.2051,123.9316,8.58,4.478,2,normal
2026-03-30T00:28:09.000Z,4.9621,1.1978,124.2308,7.99,4.528,2,normal
2026-03-30T00:28:10.000Z,4.9695,1.1978,124.4872,7.05,4.549,2,normal
2026-03-30T00:28:11.000Z,4.967,1.1941,124.6154,8.91,4.573,2,normal
2026-03-30T00:28:12.000Z,4.9573,1.1941,124.3162,9.71,4.429,2,normal
2026-03-30T00:28:13.000Z,4.967,1.2051,124.5726,9.54,4.479,2,normal
2026-03-30T00:28:14.000Z,4.9792,1.2015,124.4017,9.4,4.503,2,normal
2026-03-30T00:28:15.000Z,4.9719,1.1978,124.4872,10.78,4.451,2,normal
2026-03-30T00:28:16.000Z,4.9621,1.2015,124.4444,10.82,4.567,2,normal
2026-03-30T00:28:17.000Z,4.9621,1.2051,124.2735,10.1,4.515,2,normal
2026-03-30T00:28:18.000Z,4.9768,1.1978,124.3162,9.15,4.472,2,normal
2026-03-30T00:28:19.000Z,4.9768,1.2015,124.7863,10.94,4.436,2,normal
2026-03-30T00:28:20.000Z,4.9768,1.1978,124.4017,9.79,4.436,2,normal
2026-03-30T00:28:21.000Z,4.9768,1.1978,124.359,9.15,4.479,2,normal
2026-03-30T00:28:22.000Z,4.9866,1.2015,124.4017,11.76,4.433,2,normal
2026-03-30T00:28:23.000Z,4.9841,1.2015,124.188,10.71,4.484,2,normal
2026-03-30T00:28:24.000Z,4.9915,1.2015,124.2735,10.52,4.421,2,normal
2026-03-30T00:28:25.000Z,4.9866,1.2015,124.2735,9.42,4.447,2,normal
2026-03-30T00:28:26.000Z,4.9768,1.1978,124.2308,11.0,4.503,2,normal
2026-03-30T00:28:27.000Z,4.9621,1.1941,124.5299,11.62,4.559,2,normal
2026-03-30T00:28:28.000Z,4.9768,1.2015,124.1453,8.83,4.432,2,normal
2026-03-30T00:28:29.000Z,4.9768,1.2015,124.4872,10.99,4.54,2,normal
2026-03-30T00:28:30.000Z,4.9915,1.1905,124.4872,12.51,4.534,2,normal
2026-03-30T00:28:31.000Z,4.9792,1.1905,124.359,10.01,4.456,2,normal
2026-03-30T00:28:32.000Z,4.9866,1.1978,124.5726,11.85,4.556,2,normal
2026-03-30T00:28:33.000Z,4.9768,1.2015,124.5726,9.2,4.531,2,normal
2026-03-30T00:28:34.000Z,4.9621,1.1978,124.5726,9.88,4.577,2,normal
2026-03-30T00:28:35.000Z,4.9695,1.2015,124.2735,10.43,4.422,2,normal
2026-03-30T00:28:36.000Z,4.9744,1.1941,124.8291,10.67,4.434,2,normal
2026-03-30T00:28:37.000Z,4.9792,1.1978,124.6154,11.43,4.455,2,normal
2026-03-30T00:28:38.000Z,4.9866,1.1905,124.359,9.74,4.464,2,normal
2026-03-30T00:28:39.000Z,4.9841,1.1978,124.4444,10.82,4.468,2,normal
2026-03-30T00:28:40.000Z,4.9768,1.2088,124.4872,10.48,4.451,2,normal
2026-03-30T00:28:41.000Z,4.9792,1.2015,124.1453,10.22,4.566,2,normal
2026-03-30T00:28:42.000Z,4.9817,1.2015,124.4017,9.96,4.504,2,normal
2026-03-30T00:28:43.000Z,4.9695,1.1978,124.5726,8.81,4.543,2,normal
2026-03-30T00:28:44.000Z,4.9744,1.1978,124.3162,9.19,4.477,2,normal
2026-03-30T00:28:45.000Z,4.9719,1.1978,124.5299,9.3,4.511,2,normal
2026-03-30T00:28:46.000Z,4.9695,1.2015,124.6581,11.59,4.567,2,normal
2026-03-30T00:28:47.000Z,4.9817,1.1941,124.6154,11.45,4.576,2,normal
2026-03-30T00:28:48.000Z,4.9915,1.2015,124.5299,10.09,4.505,2,normal
2026-03-30T00:28:49.000Z,4.9963,1.2051,124.4444,7.87,4.572,2,normal
2026-03-30T00:28:50.000Z,4.9695,1.1978,124.6154,7.43,4.429,2,normal
2026-03-30T00:28:51.000Z,4.9866,1.1978,124.1453,9.78,4.51,2,normal
2026-03-30T00:28:52.000Z,4.9719,1.2051,124.4444,10.28,4.544,2,normal
2026-03-30T00:28:53.000Z,4.9597,1.1941,124.4017,10.9,4.556,2,normal
2026-03-30T00:28:54.000Z,4.9744,1.1978,124.5726,8.76,4.543,2,normal
2026-03-30T00:28:55.000Z,4.9817,1.2015,124.359,10.46,4.451,2,normal
2026-03-30T00:28:56.000Z,4.9573,1.2015,124.359,8.61,4.53,2,normal
2026-03-30T00:28:57.000Z,4.9744,1.2015,124.359,11.61,4.504,2,normal
2026-03-30T00:28:58.000Z,4.9792,1.1978,124.4872,10.2,4.441,2,normal
2026-03-30T00:28:59.000Z,4.9597,1.1978,124.7436,11.95,4.523,2,normal
2026-03-30T00:29:00.000Z,4.9939,1.1978,124.4872,9.86,4.472,2,normal
2026-03-30T00:29:01.000Z,4.9695,1.2051,124.359,10.74,4.504,2,normal
2026-03-30T00:29:02.000Z,4.967,1.1941,124.4444,9.2,4.426,2,normal
2026-03-30T00:29:03.000Z,4.9597,1.2015,124.5726,12.82,4.447,2,normal
2026-03-30T00:29:04.000Z,4.9744,1.2088,124.6581,9.65,4.543,2,normal
2026-03-30T00:29:05.000Z,4.9866,1.1941,124.6581,11.05,4.557,2,normal
2026-03-30T00:29:06.000Z,4.967,1.2015,124.359,9.1,4.46,2,normal
2026-03-30T00:29:07.000Z,4.967,1.1978,124.2308,9.14,4.453,2,normal
2026-03-30T00:29:08.000Z,4.967,1.2015,124.4444,9.57,4.446,2,normal
2026-03-30T00:29:09.000Z,4.9939,1.2015,124.5726,11.13,4.534,2,normal
2026-03-30T00:29:10.000Z,4.9744,1.2015,124.4444,10.48,4.48,2,normal
2026-03-30T00:29:11.000Z,4.9744,1.2015,124.4017,10.23,4.562,2,normal
2026-03-30T00:29:12.000Z,4.9744,1.1905,124.5299,9.57,4.547,2,normal
2026-03-30T00:29:13.000Z,4.9695,1.2088,124.359,10.12,4.539,2,normal
2026-03-30T00:29:14.000Z,4.9744,1.1978,124.4444,10.34,4.44,2,normal
2026-03-30T00:29:15.000Z,4.9744,1.2125,124.4444,9.25,4.434,2,normal
2026-03-30T00:29:16.000Z,4.967,1.1978,124.4444,9.11,4.494,2,normal
2026-03-30T00:29:17.000Z,4.9719,1.2015,124.3162,10.71,4.441,2,normal
2026-03-30T00:29:18.000Z,4.9817,1.1978,124.7009,9.5,4.551,2,normal
2026-03-30T00:29:19.000Z,4.9817,1.1905,124.5726,9.73,4.44,2,normal
2026-03-30T00:29:20.000Z,4.9744,1.1978,124.4872,10.16,4.522,2,normal
2026-03-30T00:29:21.000Z,4.9963,1.1905,124.5299,11.46,4.548,2,normal
2026-03-30T00:29:22.000Z,4.9792,1.2015,124.5299,10.22,4.57,2,normal
2026-03-30T00:29:23.000Z,4.9866,1.2088,124.3162,11.59,4.562,2,normal
2026-03-30T00:29:24.000Z,4.967,1.2015,124.6154,11.18,4.515,2,normal
2026-03-30T00:29:25.000Z,4.9719,1.1978,124.4444,9.01,4.548,2,normal
2026-03-30T00:29:26.000Z,4.9792,1.2051,124.4444,9.01,4.566,2,normal
2026-03-30T00:29:27.000Z,4.9621,1.1978,124.5726,9.93,4.568,2,normal
2026-03-30T00:29:28.000Z,4.9866,1.1978,124.6154,10.94,4.533,2,normal
2026-03-30T00:29:29.000Z,4.9646,1.2051,124.4872,10.49,4.571,2,normal
2026-03-30T00:29:30.000Z,4.9792,1.2015,124.4444,9.84,4.478,2,normal
2026-03-30T00:29:31.000Z,4.9866,1.1978,124.4017,8.74,4.543,2,normal
2026-03-30T00:29:32.000Z,4.9915,1.1978,124.3162,9.12,4.482,2,normal
2026-03-30T00:29:33.000Z,4.9768,1.1905,124.2735,9.39,4.477,2,normal
2026-03-30T00:29:34.000Z,4.9719,1.1941,124.3162,9.0,4.536,2,normal
2026-03-30T00:29:35.000Z,4.9695,1.2161,124.4444,9.93,4.42,2,normal
2026-03-30T00:29:36.000Z,4.967,1.2015,124.1026,9.58,4.47,2,normal
2026-03-30T00:29:37.000Z,4.9597,1.2015,124.6581,9.04,4.442,2,normal
2026-03-30T00:29:38.000Z,4.9548,1.2015,124.7009,9.48,4.552,2,normal
2026-03-30T00:29:39.000Z,4.9768,1.2051,124.5299,9.46,4.478,2,normal
2026-03-30T00:29:40.000Z,4.9792,1.1941,124.8291,11.25,4.526,2,normal
2026-03-30T00:29:41.000Z,4.9841,1.2015,124.7436,9.73,4.477,2,normal
2026-03-30T00:29:42.000Z,4.9768,1.1905,124.5299,8.99,4.441,2,normal
2026-03-30T00:29:43.000Z,4.9915,1.1978,124.5726,8.11,4.465,2,normal
2026-03-30T00:29:44.000Z,4.9817,1.2015,124.359,8.1,4.462,2,normal
2026-03-30T00:29:45.000Z,4.9939,1.2088,124.6581,10.3,4.498,2,normal
2026-03-30T00:29:46.000Z,4.9768,1.1941,124.7436,7.81,4.508,2,normal
2026-03-30T00:29:47.000Z,4.9573,1.1905,124.6154,9.88,4.487,2,normal
2026-03-30T00:29:48.000Z,4.9988,1.1868,124.7009,9.5,4.438,2,normal
2026-03-30T00:29:49.000Z,4.989,1.2015,124.5299,10.6,4.536,2,normal
2026-03-30T00:29:50.000Z,4.9695,1.2015,124.188,8.62,4.465,2,normal
2026-03-30T00:29:51.000Z,4.9621,1.2051,124.2735,11.6,4.52,2,normal
2026-03-30T00:29:52.000Z,4.9817,1.2051,124.4872,10.61,4.552,2,normal
2026-03-30T00:29:53.000Z,4.9768,1.1978,124.5726,9.78,4.513,2,normal
2026-03-30T00:29:54.000Z,4.967,1.1941,124.4872,9.35,4.423,2,normal
2026-03-30T00:29:55.000Z,5.0037,1.1941,124.4017,9.26,4.541,2,normal
2026-03-30T00:29:56.000Z,4.9792,1.2015,124.5726,9.84,4.475,2,normal
2026-03-30T00:29:57.000Z,4.9866,1.2015,124.4444,11.67,4.532,2,normal
2026-03-30T00:29:58.000Z,4.9744,1.2051,124.7009,10.6,4.538,2,normal
2026-03-30T00:29:59.000Z,4.9866,1.2015,124.7009,11.16,4.479,2,normal
2026-03-30T00:30:00.000Z,4.967,1.1978,124.2308,10.45,4.49,2,normal
2026-03-30T00:30:01.000Z,4.9719,1.1978,124.5299,7.54,4.547,2,normal
2026-03-30T00:30:02.000Z,4.9621,1.2051,124.3162,12.34,4.499,2,normal
2026-03-30T00:30:03.000Z,4.9621,1.2051,124.4444,9.41,4.543,2,normal
2026-03-30T00:30:04.000Z,4.9841,1.2015,124.4017,8.89,4.559,2,normal
2026-03-30T00:30:05.000Z,4.967,1.2015,124.4872,11.4,4.43,2,normal
2026-03-30T00:30:06.000Z,4.9866,1.1905,124.5726,9.92,4.44,2,normal
2026-03-30T00:30:07.000Z,4.967,1.2088,124.6154,9.51,4.433,2,normal
2026-03-30T00:30:08.000Z,4.9817,1.2015,124.5726,9.62,4.462,2,normal
2026-03-30T00:30:09.000Z,4.9792,1.2015,124.4444,11.65,4.458,2,normal
2026-03-30T00:30:10.000Z,4.9768,1.2051,124.359,8.67,4.439,2,normal
2026-03-30T00:30:11.000Z,4.9841,1.2088,124.6154,10.46,4.482,2,normal
2026-03-30T00:30:12.000Z,4.9597,1.2015,124.6581,10.71,4.554,2,normal
2026-03-30T00:30:13.000Z,4.9744,1.1978,124.6154,8.66,4.46,2,normal
2026-03-30T00:30:14.000Z,4.9646,1.1941,124.6154,8.77,4.537,2,normal
2026-03-30T00:30:15.000Z,4.9939,1.2088,124.4872,9.98,4.463,2,normal
2026-03-30T00:30:16.000Z,4.9841,1.2051,124.5299,10.39,4.491,2,normal
2026-03-30T00:30:17.000Z,4.9817,1.1941,124.6154,7.98,4.492,2,normal
2026-03-30T00:30:18.000Z,4.9841,1.2088,124.6581,8.62,4.541,2,normal
2026-03-30T00:30:19.000Z,4.9841,1.1941,124.5299,13.4,4.495,2,normal
2026-03-30T00:30:20.000Z,4.9646,1.1978,124.4017,10.17,4.442,2,normal
2026-03-30T00:30:21.000Z,4.9792,1.1978,124.2735,10.08,4.511,2,normal
2026-03-30T00:30:22.000Z,4.9915,1.1941,124.2308,10.74,4.49,2,normal
2026-03-30T00:30:23.000Z,4.9817,1.2051,124.7436,9.42,4.462,2,normal
2026-03-30T00:30:24.000Z,4.9719,1.2051,124.4444,10.35,4.465,2,normal
2026-03-30T00:30:25.000Z,4.9573,1.1905,124.4017,9.58,4.459,2,normal
2026-03-30T00:30:26.000Z,4.9719,1.2015,124.4872,9.26,4.538,2,normal
2026-03-30T00:30:27.000Z,4.9841,1.1941,124.5299,10.52,4.527,2,normal
2026-03-30T00:30:28.000Z,4.989,1.1941,124.5726,11.29,4.479,2,normal
2026-03-30T00:30:29.000Z,4.9768,1.1978,124.7436,9.67,4.526,2,normal
2026-03-30T00:30:30.000Z,4.9695,1.2125,124.359,9.61,4.535,2,normal
2026-03-30T00:30:31.000Z,4.967,1.2015,124.4444,10.89,4.441,2,normal
2026-03-30T00:30:32.000Z,4.9719,1.2051,124.5299,9.66,4.501,2,normal
2026-03-30T00:30:33.000Z,4.9768,1.2015,124.6154,9.39,4.49,2,normal
2026-03-30T00:30:34.000Z,4.9744,1.2015,124.5299,13.02,4.485,2,normal
2026-03-30T00:30:35.000Z,4.9744,1.1978,124.359,10.58,4.569,2,normal
2026-03-30T00:30:36.000Z,4.9744,1.2088,124.6581,10.1,4.421,2,normal
2026-03-30T00:30:37.000Z,4.9695,1.2051,124.6154,8.59,4.522,2,normal
2026-03-30T00:30:38.000Z,4.9792,1.1941,124.3162,10.98,4.499,2,normal
2026-03-30T00:30:39.000Z,4.9719,1.2015,124.4872,10.96,4.446,2,normal
2026-03-30T00:30:40.000Z,4.9695,1.1905,124.3162,11.33,4.526,2,normal
2026-03-30T00:30:41.000Z,4.9792,1.1905,124.359,8.04,4.553,2,normal
2026-03-30T00:30:42.000Z,4.9744,1.2051,124.7436,10.95,4.518,2,normal
2026-03-30T00:30:43.000Z,4.9817,1.1978,124.3162,7.2,4.431,2,normal
2026-03-30T00:30:44.000Z,4.9817,1.2051,124.2735,10.01,4.482,2,normal
2026-03-30T00:30:45.000Z,4.9866,1.1978,124.4872,10.39,4.492,2,normal
2026-03-30T00:30:46.000Z,4.9939,1.2051,124.7436,9.33,4.55,2,normal
2026-03-30T00:30:47.000Z,4.9597,1.2051,124.4017,9.9,4.453,2,normal
2026-03-30T00:30:48.000Z,4.9963,1.1978,124.4017,12.04,4.543,2,normal
2026-03-30T00:30:49.000Z,4.9792,1.2051,124.359,9.14,4.418,2,normal
2026-03-30T00:30:50.000Z,4.9841,1.2015,124.5299,7.94,4.513,2,normal
2026-03-30T00:30:51.000Z,4.9988,1.2015,124.2735,9.78,4.57,2,normal
2026-03-30T00:30:52.000Z,4.989,1.2051,124.5299,8.06,4.509,2,normal
2026-03-30T00:30:53.000Z,4.9866,1.2015,124.6154,9.8,4.562,2,normal
2026-03-30T00:30:54.000Z,4.9744,1.2051,124.3162,11.04,4.496,2,normal
2026-03-30T00:30:55.000Z,4.9621,1.2015,124.2735,8.47,4.458,2,normal
2026-03-30T00:30:56.000Z,4.967,1.2015,124.1026,10.26,4.484,2,normal
2026-03-30T00:30:57.000Z,4.967,1.2088,124.3162,10.14,4.563,2,normal
2026-03-30T00:30:58.000Z,4.9817,1.1978,124.6154,9.3,4.49,2,normal
2026-03-30T00:30:59.000Z,4.9695,1.2015,124.359,12.29,4.464,2,normal
2026-03-30T00:31:00.000Z,4.9744,1.2015,124.359,7.86,4.539,2,normal
2026-03-30T00:31:01.000Z,4.9695,1.2051,124.4017,9.21,4.519,2,normal
2026-03-30T00:31:02.000Z,4.9744,1.1941,124.4017,10.24,4.434,2,normal
2026-03-30T00:31:03.000Z,4.9963,1.2051,124.4017,10.59,4.473,2,normal
2026-03-30T00:31:04.000Z,4.967,1.1978,124.5299,9.9,4.43,2,normal
2026-03-30T00:31:05.000Z,4.9744,1.1978,124.5299,8.85,4.468,2,normal
2026-03-30T00:31:06.000Z,4.967,1.2015,124.7009,10.07,4.448,2,normal
2026-03-30T00:31:07.000Z,4.9695,1.2125,124.2735,10.43,4.575,2,normal
2026-03-30T00:31:08.000Z,4.9768,1.1978,124.2735,9.62,4.534,2,normal
2026-03-30T00:31:09.000Z,4.9719,1.2015,124.5726,9.94,4.5,2,normal
2026-03-30T00:31:10.000Z,4.9915,1.2015,124.6581,10.45,4.47,2,normal
2026-03-30T00:31:11.000Z,4.9915,1.2015,124.5299,9.55,4.494,2,normal
2026-03-30T00:31:12.000Z,4.9744,1.1941,124.6154,9.6,4.537,2,normal
2026-03-30T00:31:13.000Z,4.9768,1.1978,124.2735,10.26,4.443,2,normal
2026-03-30T00:31:14.000Z,4.9573,1.1978,124.359,10.97,4.51,2,normal
2026-03-30T00:31:15.000Z,4.967,1.2015,124.4872,7.13,4.496,2,normal
2026-03-30T00:31:16.000Z,4.9695,1.1978,124.5726,7.78,4.518,2,normal
2026-03-30T00:31:17.000Z,4.9695,1.1941,124.359,9.38,4.518,2,normal
2026-03-30T00:31:18.000Z,4.9792,1.2051,124.5299,10.17,4.511,2,normal
2026-03-30T00:31:19.000Z,4.9939,1.1905,124.4017,7.49,4.472,2,normal
2026-03-30T00:31:20.000Z,4.9768,1.1941,124.5726,11.72,4.475,2,normal
2026-03-30T00:31:21.000Z,4.9817,1.1941,124.6581,11.35,4.438,2,normal
2026-03-30T00:31:22.000Z,4.9768,1.1978,124.4444,10.99,4.544,2,normal
2026-03-30T00:31:23.000Z,4.9695,1.1941,124.6154,10.93,4.503,2,normal
2026-03-30T00:31:24.000Z,4.9817,1.1905,124.5726,8.4,4.555,2,normal
2026-03-30T00:31:25.000Z,4.9866,1.1905,124.7436,10.85,4.469,2,normal
2026-03-30T00:31:26.000Z,4.9817,1.2015,124.4444,8.58,4.575,2,normal
2026-03-30T00:31:27.000Z,4.9792,1.2015,124.4017,10.75,4.478,2,normal
2026-03-30T00:31:28.000Z,4.9719,1.1941,124.359,8.06,4.574,2,normal
2026-03-30T00:31:29.000Z,4.9719,1.2015,124.5726,8.91,4.561,2,normal
2026-03-30T00:31:30.000Z,4.9744,1.1978,124.4872,9.53,4.432,2,normal
2026-03-30T00:31:31.000Z,4.9597,1.1978,124.5299,11.78,4.482,2,normal
2026-03-30T00:31:32.000Z,4.9719,1.1941,124.359,9.09,4.528,2,normal
2026-03-30T00:31:33.000Z,4.9817,1.2015,124.188,9.68,4.474,2,normal
2026-03-30T00:31:34.000Z,4.9744,1.2015,124.4444,9.91,4.434,2,normal
2026-03-30T00:31:35.000Z,4.989,1.1978,124.359,10.12,4.446,2,normal
2026-03-30T00:31:36.000Z,4.9695,1.2125,124.5726,7.9,4.568,2,normal
2026-03-30T00:31:37.000Z,4.9695,1.2015,124.5299,9.34,4.569,2,normal
2026-03-30T00:31:38.000Z,4.9792,1.1941,124.5726,8.52,4.461,2,normal
2026-03-30T00:31:39.000Z,4.9817,1.1978,124.4872,10.02,4.555,2,normal
2026-03-30T00:31:40.000Z,4.9548,1.2051,124.4872,9.62,4.49,2,normal
2026-03-30T00:31:41.000Z,4.9841,1.1941,124.6154,9.11,4.574,2,normal
2026-03-30T00:31:42.000Z,4.9915,1.2015,124.359,10.73,4.463,2,normal
2026-03-30T00:31:43.000Z,4.9817,1.2051,124.6154,8.69,4.535,2,normal
2026-03-30T00:31:44.000Z,4.9792,1.2015,124.4872,9.8,4.419,2,normal
2026-03-30T00:31:45.000Z,4.9939,1.2015,124.5299,10.38,4.45,2,normal
2026-03-30T00:31:46.000Z,4.9695,1.2051,124.3162,8.32,4.466,2,normal
2026-03-30T00:31:47.000Z,4.9768,1.1868,124.4017,9.78,4.451,2,normal
2026-03-30T00:31:48.000Z,4.9963,1.2051,124.188,8.78,4.538,2,normal
2026-03-30T00:31:49.000Z,4.9841,1.2015,124.5299,10.73,4.556,2,normal
2026-03-30T00:31:50.000Z,4.9719,1.2051,124.4017,8.52,4.455,2,normal
2026-03-30T00:31:51.000Z,4.9719,1.2051,124.5299,10.18,4.49,2,normal
2026-03-30T00:31:52.000Z,4.9988,1.2051,124.4444,10.48,4.44,2,normal
2026-03-30T00:31:53.000Z,4.9768,1.2015,124.2735,10.12,4.431,2,normal
2026-03-30T00:31:54.000Z,4.9621,1.1941,124.3162,10.28,4.481,2,normal
2026-03-30T00:31:55.000Z,4.9695,1.1941,124.3162,9.88,4.525,2,normal
2026-03-30T00:31:56.000Z,4.9548,1.2015,124.2308,10.18,4.422,2,normal
2026-03-30T00:31:57.000Z,4.9792,1.2015,124.4444,10.35,4.516,2,normal
2026-03-30T00:31:58.000Z,4.967,1.2051,124.4444,10.97,4.558,2,normal
2026-03-30T00:31:59.000Z,4.9817,1.2015,124.4444,8.82,4.463,2,normal
2026-03-30T00:32:00.000Z,4.967,1.2051,124.2735,10.58,4.528,2,normal
2026-03-30T00:32:01.000Z,4.9768,1.2015,124.359,9.37,4.466,2,normal
2026-03-30T00:32:02.000Z,4.9792,1.2015,124.5726,9.52,4.42,2,normal
2026-03-30T00:32:03.000Z,4.9768,1.2015,124.3162,10.64,4.428,2,normal
2026-03-30T00:32:04.000Z,4.9573,1.1868,124.359,8.15,4.51,2,normal
2026-03-30T00:32:05.000Z,4.9768,1.2051,124.359,11.19,4.507,2,normal
2026-03-30T00:32:06.000Z,4.9744,1.1978,124.7436,9.83,4.443,2,normal
2026-03-30T00:32:07.000Z,4.9817,1.1978,124.5726,8.63,4.535,2,normal
2026-03-30T00:32:08.000Z,4.9744,1.1941,124.5726,9.99,4.42,2,normal
2026-03-30T00:32:09.000Z,4.989,1.2051,124.3162,8.58,4.552,2,normal
2026-03-30T00:32:10.000Z,4.967,1.2051,124.6154,11.04,4.535,2,normal
2026-03-30T00:32:11.000Z,4.9792,1.2051,124.8718,8.64,4.443,2,normal
2026-03-30T00:32:12.000Z,4.9768,1.1978,124.359,6.75,4.474,2,normal
2026-03-30T00:32:13.000Z,4.9695,1.2051,124.4444,9.4,4.572,2,normal
2026-03-30T00:32:14.000Z,4.9646,1.2051,124.6154,9.16,4.572,2,normal
2026-03-30T00:32:15.000Z,4.9744,1.1941,124.359,7.67,4.479,2,normal
2026-03-30T00:32:16.000Z,4.9915,1.1978,124.0598,10.08,4.496,2,normal
2026-03-30T00:32:17.000Z,4.9866,1.1941,124.359,10.35,4.57,2,normal
2026-03-30T00:32:18.000Z,4.967,1.2051,124.4872,9.61,4.527,2,normal
2026-03-30T00:32:19.000Z,4.9768,1.2051,124.4017,9.52,4.523,2,normal
2026-03-30T00:32:20.000Z,4.9841,1.1978,124.4444,9.67,4.423,2,normal
2026-03-30T00:32:21.000Z,4.989,1.2051,124.4444,10.18,4.485,2,normal
2026-03-30T00:32:22.000Z,4.9768,1.1978,124.4444,10.93,4.462,2,normal
2026-03-30T00:32:23.000Z,4.9646,1.2015,124.6154,9.24,4.432,2,normal
2026-03-30T00:32:24.000Z,5.0085,1.2015,124.4017,11.29,4.428,2,normal
2026-03-30T00:32:25.000Z,4.9866,1.1941,124.4872,11.53,4.518,2,normal
2026-03-30T00:32:26.000Z,4.989,1.2015,124.1026,10.29,4.462,2,normal
2026-03-30T00:32:27.000Z,4.989,1.1978,124.4017,8.93,4.508,2,normal
2026-03-30T00:32:28.000Z,4.9695,1.2051,124.4444,10.96,4.465,2,normal
2026-03-30T00:32:29.000Z,4.9817,1.1941,124.6154,8.86,4.478,2,normal
2026-03-30T00:32:30.000Z,4.9695,1.2015,124.5726,10.84,4.468,2,normal
2026-03-30T00:32:31.000Z,4.9695,1.1941,124.7009,10.16,4.486,2,normal
2026-03-30T00:32:32.000Z,4.9768,1.1868,124.4444,8.82,4.484,2,normal
2026-03-30T00:32:33.000Z,4.9621,1.1978,124.4872,10.68,4.5,2,normal
2026-03-30T00:32:34.000Z,4.9841,1.1941,124.6154,9.52,4.539,2,normal
2026-03-30T00:32:35.000Z,4.9817,1.2088,124.359,9.92,4.556,2,normal
2026-03-30T00:32:36.000Z,4.9768,1.2088,124.4017,10.58,4.52,2,normal
2026-03-30T00:32:37.000Z,4.9792,1.1978,124.4444,11.14,4.47,2,normal
2026-03-30T00:32:38.000Z,4.9817,1.1941,124.7009,8.25,4.427,2,normal
2026-03-30T00:32:39.000Z,4.9817,1.1978,124.4872,8.53,4.453,2,normal
2026-03-30T00:32:40.000Z,4.9597,1.1978,124.3162,10.77,4.575,2,normal
2026-03-30T00:32:41.000Z,4.9768,1.1978,124.6581,9.39,4.418,2,normal
2026-03-30T00:32:42.000Z,4.9719,1.2015,124.4017,10.29,4.492,2,normal
2026-03-30T00:32:43.000Z,4.967,1.2015,124.5299,10.08,4.483,2,normal
2026-03-30T00:32:44.000Z,4.9744,1.2015,124.7436,8.72,4.551,2,normal
2026-03-30T00:32:45.000Z,4.9573,1.1941,124.359,9.02,4.519,2,normal
2026-03-30T00:32:46.000Z,4.9939,1.1978,124.5726,9.3,4.536,2,normal
2026-03-30T00:32:47.000Z,4.9719,1.1978,124.3162,11.48,4.569,2,normal
2026-03-30T00:32:48.000Z,4.9768,1.1941,124.2308,10.93,4.432,2,normal
2026-03-30T00:32:49.000Z,4.9817,1.2051,124.3162,10.05,4.506,2,normal
2026-03-30T00:32:50.000Z,4.9768,1.1941,124.5726,7.97,4.517,2,normal
2026-03-30T00:32:51.000Z,4.9817,1.2051,124.7863,9.65,4.535,2,normal
2026-03-30T00:32:52.000Z,5.0037,1.1941,124.4017,11.61,4.496,2,normal
2026-03-30T00:32:53.000Z,4.989,1.1978,124.3162,10.09,4.52,2,normal
2026-03-30T00:32:54.000Z,4.989,1.1941,124.3162,11.37,4.541,2,normal
2026-03-30T00:32:55.000Z,4.9939,1.1978,124.4017,10.94,4.562,2,normal
2026-03-30T00:32:56.000Z,4.9695,1.1905,124.359,10.14,4.509,2,normal
2026-03-30T00:32:57.000Z,4.9695,1.1978,124.7009,9.83,4.471,2,normal
2026-03-30T00:32:58.000Z,4.9744,1.1941,124.6154,9.12,4.425,2,normal
2026-03-30T00:32:59.000Z,4.9719,1.2015,124.5299,10.19,4.567,2,normal
2026-03-30T00:33:00.000Z,4.9792,1.2088,124.2308,9.56,4.532,2,normal
2026-03-30T00:33:01.000Z,4.9963,1.2051,124.4872,12.03,4.537,2,normal
2026-03-30T00:33:02.000Z,4.9768,1.1978,124.4017,9.48,4.552,2,normal
2026-03-30T00:33:03.000Z,4.9841,1.1905,124.7009,8.56,4.566,2,normal
2026-03-30T00:33:04.000Z,4.989,1.1868,124.359,12.24,4.507,2,normal
2026-03-30T00:33:05.000Z,4.9841,1.1941,124.4872,10.23,4.449,2,normal
2026-03-30T00:33:06.000Z,4.9915,1.2015,124.6154,9.2,4.51,2,normal
2026-03-30T00:33:07.000Z,4.9646,1.2015,124.3162,11.84,4.559,2,normal
2026-03-30T00:33:08.000Z,4.9841,1.1978,124.359,9.71,4.445,2,normal
2026-03-30T00:33:09.000Z,4.9548,1.1941,124.4444,8.81,4.551,2,normal
2026-03-30T00:33:10.000Z,4.9719,1.1941,124.3162,11.11,4.505,2,normal
2026-03-30T00:33:11.000Z,4.9792,1.1941,124.4872,10.36,4.428,2,normal
2026-03-30T00:33:12.000Z,4.9841,1.1978,124.7009,10.47,4.455,2,normal
2026-03-30T00:33:13.000Z,4.9695,1.2015,124.359,12.54,4.564,2,normal
2026-03-30T00:33:14.000Z,4.9915,1.2088,124.4444,10.83,4.571,2,normal
2026-03-30T00:33:15.000Z,4.9817,1.2051,124.6581,7.79,4.498,2,normal
2026-03-30T00:33:16.000Z,4.9792,1.1978,124.4444,9.33,4.492,2,normal
2026-03-30T00:33:17.000Z,4.9719,1.2051,124.5726,10.09,4.46,2,normal
2026-03-30T00:33:18.000Z,4.9915,1.2051,124.3162,10.94,4.532,2,normal
2026-03-30T00:33:19.000Z,4.9695,1.2015,124.6581,9.33,4.43,2,normal
2026-03-30T00:33:20.000Z,4.9695,1.1978,124.7863,8.07,4.425,2,normal
2026-03-30T00:33:21.000Z,4.9719,1.1941,124.8291,9.04,4.433,2,normal
2026-03-30T00:33:22.000Z,4.9695,1.1978,124.1026,10.11,4.42,2,normal
2026-03-30T00:33:23.000Z,4.9744,1.1941,124.2308,10.22,4.551,2,normal
2026-03-30T00:33:24.000Z,4.9768,1.2088,124.4872,10.55,4.547,2,normal
2026-03-30T00:33:25.000Z,4.9719,1.1941,124.188,8.08,4.503,2,normal
2026-03-30T00:33:26.000Z,4.9817,1.1978,124.7009,8.78,4.487,2,normal
2026-03-30T00:33:27.000Z,4.9841,1.2125,124.5726,7.92,4.476,2,normal
2026-03-30T00:33:28.000Z,4.9866,1.2015,124.5299,10.18,4.511,2,normal
2026-03-30T00:33:29.000Z,4.9915,1.2051,124.4872,8.55,4.507,2,normal
2026-03-30T00:33:30.000Z,4.9768,1.1978,124.4872,7.8,4.429,2,normal
2026-03-30T00:33:31.000Z,4.9817,1.2051,124.5299,10.17,4.522,2,normal
2026-03-30T00:33:32.000Z,4.9841,1.1941,124.4872,9.06,4.436,2,normal
2026-03-30T00:33:33.000Z,4.9792,1.1941,124.5726,9.53,4.535,2,normal
2026-03-30T00:33:34.000Z,4.9939,1.2015,124.2735,11.6,4.565,2,normal
2026-03-30T00:33:35.000Z,4.967,1.1941,124.4872,8.71,4.46,2,normal
2026-03-30T00:33:36.000Z,4.9646,1.2088,124.4017,10.67,4.53,2,normal
2026-03-30T00:33:37.000Z,4.9695,1.2015,124.359,10.44,4.573,2,normal
2026-03-30T00:33:38.000Z,4.9915,1.2015,124.4872,10.95,4.547,2,normal
2026-03-30T00:33:39.000Z,4.9963,1.1978,124.7436,8.36,4.491,2,normal
2026-03-30T00:33:40.000Z,4.9841,1.2015,124.6154,10.1,4.479,2,normal
2026-03-30T00:33:41.000Z,4.9719,1.1978,124.4872,11.42,4.497,2,normal
2026-03-30T00:33:42.000Z,4.9695,1.2015,124.5726,10.11,4.448,2,normal
2026-03-30T00:33:43.000Z,4.9768,1.1978,124.4017,11.2,4.472,2,normal
2026-03-30T00:33:44.000Z,4.9792,1.2088,124.6581,8.3,4.563,2,normal
2026-03-30T00:33:45.000Z,4.9646,1.1978,124.5299,8.83,4.551,2,normal
2026-03-30T00:33:46.000Z,4.9792,1.1978,124.3162,7.97,4.425,2,normal
2026-03-30T00:33:47.000Z,4.9817,1.1978,124.5726,8.19,4.555,2,normal
2026-03-30T00:33:48.000Z,4.9719,1.1941,124.6154,9.25,4.501,2,normal
2026-03-30T00:33:49.000Z,4.9841,1.1978,124.5299,7.27,4.438,2,normal
2026-03-30T00:33:50.000Z,4.9768,1.2015,124.7436,9.79,4.459,2,normal
2026-03-30T00:33:51.000Z,4.9744,1.1941,124.3162,10.81,4.474,2,normal
2026-03-30T00:33:52.000Z,4.9621,1.2015,124.3162,8.37,4.436,2,normal
2026-03-30T00:33:53.000Z,4.9719,1.1978,124.359,10.56,4.49,2,normal
2026-03-30T00:33:54.000Z,4.9792,1.2051,124.3162,9.55,4.551,2,normal
2026-03-30T00:33:55.000Z,4.9792,1.2015,124.4872,9.52,4.515,2,normal
2026-03-30T00:33:56.000Z,4.9792,1.2015,124.4444,11.63,4.461,2,normal
2026-03-30T00:33:57.000Z,4.9719,1.1978,124.5299,9.41,4.517,2,normal
2026-03-30T00:33:58.000Z,4.9768,1.2051,124.5299,10.3,4.555,2,normal
2026-03-30T00:33:59.000Z,4.9744,1.1978,124.4444,9.46,4.531,2,normal
2026-03-30T00:34:00.000Z,4.9841,1.1941,124.4444,7.82,4.473,2,normal
2026-03-30T00:34:01.000Z,4.9621,1.1978,124.4444,10.23,4.488,2,normal
2026-03-30T00:34:02.000Z,4.9744,1.1978,124.359,10.82,4.548,2,normal
2026-03-30T00:34:03.000Z,4.9841,1.2015,124.2735,9.37,4.467,2,normal
2026-03-30T00:34:04.000Z,4.967,1.1941,124.4872,10.78,4.493,2,normal
2026-03-30T00:34:05.000Z,4.9744,1.2015,124.6581,10.21,4.567,2,normal
2026-03-30T00:34:06.000Z,4.9744,1.1905,124.4872,8.55,4.499,2,normal
2026-03-30T00:34:07.000Z,4.9646,1.1941,124.4872,9.35,4.452,2,normal
2026-03-30T00:34:08.000Z,4.9744,1.1978,124.4872,8.76,4.577,2,normal
2026-03-30T00:34:09.000Z,4.9768,1.2015,124.5299,9.56,4.498,2,normal
2026-03-30T00:34:10.000Z,4.9695,1.1905,124.3162,10.75,4.552,2,normal
2026-03-30T00:34:11.000Z,4.9744,1.1941,124.4017,10.09,4.487,2,normal
2026-03-30T00:34:12.000Z,4.9939,1.1978,124.4444,10.69,4.455,2,normal
2026-03-30T00:34:13.000Z,4.967,1.1905,124.4872,10.39,4.436,2,normal
2026-03-30T00:34:14.000Z,4.9915,1.2015,124.4872,9.13,4.473,2,normal
2026-03-30T00:34:15.000Z,4.9744,1.1941,124.1453,8.5,4.486,2,normal
2026-03-30T00:34:16.000Z,4.9817,1.2015,124.3162,9.3,4.501,2,normal
2026-03-30T00:34:17.000Z,4.967,1.1978,124.4872,9.55,4.459,2,normal
2026-03-30T00:34:18.000Z,4.9841,1.2051,124.4444,10.45,4.574,2,normal
2026-03-30T00:34:19.000Z,4.9695,1.2015,124.2735,7.38,4.556,2,normal
2026-03-30T00:34:20.000Z,4.9768,1.1978,124.5299,11.34,4.566,2,normal
2026-03-30T00:34:21.000Z,4.9719,1.2051,124.4444,10.12,4.527,2,normal
2026-03-30T00:34:22.000Z,4.9768,1.2051,124.5299,7.97,4.562,2,normal
2026-03-30T00:34:23.000Z,4.9841,1.1905,124.359,9.2,4.435,2,normal
2026-03-30T00:34:24.000Z,4.9621,1.1941,124.7436,9.07,4.579,2,normal
2026-03-30T00:34:25.000Z,4.9817,1.1978,124.7009,10.92,4.484,2,normal
2026-03-30T00:34:26.000Z,4.9817,1.1978,124.188,11.07,4.436,2,normal
2026-03-30T00:34:27.000Z,4.9915,1.2088,124.5726,8.54,4.43,2,normal
2026-03-30T00:34:28.000Z,4.967,1.1941,124.6154,11.12,4.479,2,normal
2026-03-30T00:34:29.000Z,4.9817,1.1905,124.3162,8.37,4.431,2,normal
2026-03-30T00:34:30.000Z,4.9841,1.1905,124.4444,8.9,4.509,2,normal
2026-03-30T00:34:31.000Z,4.967,1.1978,124.5726,10.8,4.447,2,normal
2026-03-30T00:34:32.000Z,4.9915,1.1978,124.6581,6.47,4.451,2,normal
2026-03-30T00:34:33.000Z,4.9744,1.1978,124.2735,9.47,4.461,2,normal
2026-03-30T00:34:34.000Z,4.9817,1.1905,124.5726,10.79,4.464,2,normal
2026-03-30T00:34:35.000Z,4.9621,1.1978,124.8718,7.35,4.527,2,normal
2026-03-30T00:34:36.000Z,4.9817,1.2051,124.5299,8.25,4.422,2,normal
2026-03-30T00:34:37.000Z,4.9621,1.1905,124.7863,9.44,4.421,2,normal
2026-03-30T00:34:38.000Z,4.9744,1.2015,124.4872,12.5,4.509,2,normal
2026-03-30T00:34:39.000Z,4.9646,1.2015,124.4444,9.02,4.435,2,normal
2026-03-30T00:34:40.000Z,4.9573,1.1941,124.4017,10.27,4.459,2,normal
2026-03-30T00:34:41.000Z,4.9524,1.1978,124.7863,9.38,4.477,2,normal
2026-03-30T00:34:42.000Z,4.9841,1.1978,124.7009,8.91,4.5,2,normal
2026-03-30T00:34:43.000Z,4.989,1.1905,124.4444,9.7,4.529,2,normal
2026-03-30T00:34:44.000Z,4.9963,1.1905,124.3162,10.91,4.542,2,normal
2026-03-30T00:34:45.000Z,4.9939,1.1941,124.359,7.84,4.421,2,normal
2026-03-30T00:34:46.000Z,4.9744,1.2015,124.4444,10.71,4.568,2,normal
2026-03-30T00:34:47.000Z,4.9695,1.2051,124.4017,11.57,4.534,2,normal
2026-03-30T00:34:48.000Z,4.9817,1.2088,124.4444,7.88,4.554,2,normal
2026-03-30T00:34:49.000Z,4.9744,1.2051,124.4872,10.47,4.451,2,normal
2026-03-30T00:34:50.000Z,4.9866,1.1978,124.5299,11.0,4.51,2,normal
2026-03-30T00:34:51.000Z,4.967,1.1978,124.359,9.24,4.465,2,normal
2026-03-30T00:34:52.000Z,4.9841,1.1905,124.4872,10.06,4.479,2,normal
2026-03-30T00:34:53.000Z,4.9841,1.2015,124.359,10.16,4.557,2,normal
2026-03-30T00:34:54.000Z,4.967,1.2051,124.4872,9.68,4.524,2,normal
2026-03-30T00:34:55.000Z,4.9841,1.1978,124.5726,10.41,4.529,2,normal
2026-03-30T00:34:56.000Z,4.9597,1.1905,124.4017,10.06,4.495,2,normal
2026-03-30T00:34:57.000Z,4.9792,1.1978,124.359,11.16,4.558,2,normal
2026-03-30T00:34:58.000Z,4.9719,1.2015,124.4872,8.98,4.468,2,normal
2026-03-30T00:34:59.000Z,4.9817,1.1905,124.359,11.35,4.459,2,normal
2026-03-30T00:35:00.000Z,4.967,1.2015,124.4444,8.96,4.483,2,normal
2026-03-30T00:35:01.000Z,4.9744,1.2015,124.4017,11.4,4.568,2,normal
2026-03-30T00:35:02.000Z,4.9695,1.1978,124.359,9.7,4.532,2,normal
2026-03-30T00:35:03.000Z,4.9719,1.1978,124.4872,7.44,4.54,2,normal
2026-03-30T00:35:04.000Z,4.9719,1.1941,124.2735,9.69,4.447,2,normal
2026-03-30T00:35:05.000Z,4.9866,1.2015,124.5726,9.25,4.545,2,normal
2026-03-30T00:35:06.000Z,4.9719,1.2015,124.5726,11.72,4.568,2,normal
2026-03-30T00:35:07.000Z,4.9768,1.2015,124.4872,9.68,4.481,2,normal
2026-03-30T00:35:08.000Z,4.9768,1.1978,124.359,10.63,4.54,2,normal
2026-03-30T00:35:09.000Z,4.9841,1.2051,124.4872,11.28,4.522,2,normal
2026-03-30T00:35:10.000Z,4.989,1.1978,124.6154,10.38,4.429,2,normal
2026-03-30T00:35:11.000Z,4.9597,1.1978,124.4017,9.95,4.55,2,normal
2026-03-30T00:35:12.000Z,4.9719,1.1978,124.4017,7.82,4.448,2,normal
2026-03-30T00:35:13.000Z,4.9695,1.1978,124.359,11.07,4.42,2,normal
2026-03-30T00:35:14.000Z,4.9817,1.1978,124.4444,11.53,4.492,2,normal
2026-03-30T00:35:15.000Z,4.9792,1.2051,124.4444,9.56,4.494,2,normal
2026-03-30T00:35:16.000Z,4.9695,1.1978,124.6154,10.12,4.498,2,normal
2026-03-30T00:35:17.000Z,4.9817,1.1978,124.359,9.68,4.452,2,normal
2026-03-30T00:35:18.000Z,4.9744,1.2015,124.6154,11.0,4.508,2,normal
2026-03-30T00:35:19.000Z,4.9695,1.2051,124.4017,6.93,4.432,2,normal
2026-03-30T00:35:20.000Z,4.9939,1.1941,124.6154,9.96,4.44,2,normal
2026-03-30T00:35:21.000Z,4.9695,1.1978,124.359,8.37,4.454,2,normal
2026-03-30T00:35:22.000Z,4.9695,1.1978,124.4872,10.84,4.442,2,normal
2026-03-30T00:35:23.000Z,4.9866,1.1978,124.4017,9.92,4.526,2,normal
2026-03-30T00:35:24.000Z,4.9573,1.1941,124.4872,9.59,4.522,2,normal
2026-03-30T00:35:25.000Z,4.989,1.1905,124.359,9.63,4.574,2,normal
2026-03-30T00:35:26.000Z,4.9792,1.1978,124.5299,8.82,4.538,2,normal
2026-03-30T00:35:27.000Z,4.989,1.2015,124.6154,10.97,4.573,2,normal
2026-03-30T00:35:28.000Z,4.9792,1.2051,124.6154,11.72,4.496,2,normal
2026-03-30T00:35:29.000Z,4.9646,1.1941,124.4444,10.43,4.487,2,normal
2026-03-30T00:35:30.000Z,4.9988,1.1978,124.359,8.59,4.513,2,normal
2026-03-30T00:35:31.000Z,4.9866,1.2015,124.3162,10.92,4.448,2,normal
2026-03-30T00:35:32.000Z,4.9646,1.1941,124.2735,9.71,4.49,2,normal
2026-03-30T00:35:33.000Z,4.967,1.1978,124.7863,7.74,4.442,2,normal
2026-03-30T00:35:34.000Z,4.9744,1.2051,124.188,9.87,4.439,2,normal
2026-03-30T00:35:35.000Z,4.9866,1.1978,124.8291,10.64,4.53,2,normal
2026-03-30T00:35:36.000Z,4.9744,1.2051,124.3162,10.31,4.441,2,normal
2026-03-30T00:35:37.000Z,4.9866,1.2015,124.359,11.44,4.564,2,normal
2026-03-30T00:35:38.000Z,4.9939,1.2051,124.4444,8.74,4.465,2,normal
2026-03-30T00:35:39.000Z,4.9695,1.1978,124.359,11.27,4.522,2,normal
2026-03-30T00:35:40.000Z,4.9792,1.1978,124.5299,8.96,4.459,2,normal
2026-03-30T00:35:41.000Z,4.9866,1.1905,124.7009,8.9,4.471,2,normal
2026-03-30T00:35:42.000Z,4.9621,1.1978,124.4872,11.93,4.557,2,normal
2026-03-30T00:35:43.000Z,4.967,1.2051,124.4017,11.6,4.575,2,normal
2026-03-30T00:35:44.000Z,4.9866,1.2015,124.7009,10.47,4.558,2,normal
2026-03-30T00:35:45.000Z,4.9939,1.2051,124.3162,10.27,4.485,2,normal
2026-03-30T00:35:46.000Z,4.9695,1.1978,124.4017,9.85,4.506,2,normal
2026-03-30T00:35:47.000Z,4.9817,1.1941,124.359,10.0,4.499,2,normal
2026-03-30T00:35:48.000Z,4.9719,1.2051,124.1453,7.39,4.566,2,normal
2026-03-30T00:35:49.000Z,4.9621,1.2015,124.5726,8.65,4.497,2,normal
2026-03-30T00:35:50.000Z,4.9621,1.1941,124.5299,9.44,4.474,2,normal
2026-03-30T00:35:51.000Z,4.9768,1.1905,124.6154,10.27,4.535,2,normal
2026-03-30T00:35:52.000Z,4.989,1.2125,124.5299,9.85,4.478,2,normal
2026-03-30T00:35:53.000Z,4.9915,1.2051,124.5726,9.98,4.501,2,normal
2026-03-30T00:35:54.000Z,4.9768,1.2051,124.6154,10.52,4.459,2,normal
2026-03-30T00:35:55.000Z,4.9695,1.2015,124.6581,10.11,4.495,2,normal
2026-03-30T00:35:56.000Z,4.9792,1.1978,124.7009,11.54,4.574,2,normal
2026-03-30T00:35:57.000Z,4.9573,1.2161,124.6154,8.17,4.52,2,normal
2026-03-30T00:35:58.000Z,4.9768,1.2051,124.3162,8.47,4.545,2,normal
2026-03-30T00:35:59.000Z,4.9768,1.2015,124.4872,9.46,4.535,2,normal
2026-03-30T00:36:00.000Z,4.9719,1.1905,124.5299,10.96,4.427,2,normal
2026-03-30T00:36:01.000Z,4.9744,1.2051,124.4444,10.69,4.574,2,normal
2026-03-30T00:36:02.000Z,4.989,1.2088,124.5299,10.11,4.553,2,normal
2026-03-30T00:36:03.000Z,4.9915,1.2051,124.359,8.99,4.566,2,normal
2026-03-30T00:36:04.000Z,4.9744,1.1905,124.1026,11.03,4.521,2,normal
2026-03-30T00:36:05.000Z,4.9841,1.1905,124.7436,9.92,4.432,2,normal
2026-03-30T00:36:06.000Z,4.9792,1.2015,124.359,11.13,4.444,2,normal
2026-03-30T00:36:07.000Z,4.9573,1.2051,124.4444,9.88,4.474,2,normal
2026-03-30T00:36:08.000Z,4.9866,1.1978,124.359,8.44,4.49,2,normal
2026-03-30T00:36:09.000Z,4.9792,1.1978,124.5299,9.15,4.512,2,normal
2026-03-30T00:36:10.000Z,4.9719,1.2015,124.7009,9.14,4.479,2,normal
2026-03-30T00:36:11.000Z,4.9841,1.1978,124.6581,12.11,4.521,2,normal
2026-03-30T00:36:12.000Z,4.9719,1.1978,124.5299,9.27,4.426,2,normal
2026-03-30T00:36:13.000Z,4.9695,1.2015,124.4444,10.63,4.453,2,normal
2026-03-30T00:36:14.000Z,4.9963,1.2015,124.5726,10.75,4.528,2,normal
2026-03-30T00:36:15.000Z,4.9866,1.1941,124.4444,9.36,4.519,2,normal
2026-03-30T00:36:16.000Z,4.9792,1.2015,124.2735,9.54,4.549,2,normal
2026-03-30T00:36:17.000Z,4.9841,1.2015,124.3162,11.56,4.471,2,normal
2026-03-30T00:36:18.000Z,4.9597,1.2015,124.5726,11.61,4.499,2,normal
2026-03-30T00:36:19.000Z,4.9597,1.2051,124.6154,10.97,4.46,2,normal
2026-03-30T00:36:20.000Z,4.9768,1.2051,124.4444,10.98,4.447,2,normal
2026-03-30T00:36:21.000Z,4.9866,1.1941,124.6154,10.71,4.512,2,normal
2026-03-30T00:36:22.000Z,4.9792,1.1941,124.7009,8.24,4.42,2,normal
2026-03-30T00:36:23.000Z,4.9792,1.1978,124.359,9.42,4.562,2,normal
2026-03-30T00:36:24.000Z,4.9866,1.2015,124.4017,10.07,4.545,2,normal
2026-03-30T00:36:25.000Z,4.9792,1.1941,124.2735,10.28,4.549,2,normal
2026-03-30T00:36:26.000Z,4.9866,1.1941,124.4444,11.34,4.464,2,normal
2026-03-30T00:36:27.000Z,4.9719,1.2015,124.7863,7.48,4.501,2,normal
2026-03-30T00:36:28.000Z,4.9841,1.2051,124.2308,9.48,4.419,2,normal
2026-03-30T00:36:29.000Z,4.9744,1.2088,124.1453,7.84,4.565,2,normal
2026-03-30T00:36:30.000Z,5.0012,1.1978,124.6154,9.3,4.47,2,normal
2026-03-30T00:36:31.000Z,4.9695,1.1978,124.8718,11.79,4.549,2,normal
2026-03-30T00:36:32.000Z,4.9768,1.2015,124.359,9.84,4.557,2,normal
2026-03-30T00:36:33.000Z,4.9792,1.1978,124.4444,10.63,4.431,2,normal
2026-03-30T00:36:34.000Z,4.9915,1.2015,124.4872,8.95,4.493,2,normal
2026-03-30T00:36:35.000Z,4.9866,1.1978,124.359,8.2,4.562,2,normal
2026-03-30T00:36:36.000Z,4.9597,1.1978,124.3162,7.95,4.432,2,normal
2026-03-30T00:36:37.000Z,4.989,1.2051,124.6581,11.39,4.561,2,normal
2026-03-30T00:36:38.000Z,4.9621,1.1941,124.5726,10.42,4.43,2,normal
2026-03-30T00:36:39.000Z,4.9768,1.1978,124.2308,9.39,4.512,2,normal
2026-03-30T00:36:40.000Z,4.967,1.1941,124.4872,11.68,4.515,2,normal
2026-03-30T00:36:41.000Z,4.9548,1.1978,124.4872,9.37,4.448,2,normal
2026-03-30T00:36:42.000Z,4.9866,1.1941,124.4872,11.29,4.485,2,normal
2026-03-30T00:36:43.000Z,4.9866,1.2015,124.4444,9.58,4.57,2,normal
2026-03-30T00:36:44.000Z,4.9792,1.1941,124.4017,7.86,4.491,2,normal
2026-03-30T00:36:45.000Z,4.9841,1.2088,124.6581,11.28,4.547,2,normal
2026-03-30T00:36:46.000Z,4.9768,1.1941,124.6154,9.39,4.491,2,normal
2026-03-30T00:36:47.000Z,4.9792,1.1941,124.1026,10.92,4.462,2,normal
2026-03-30T00:36:48.000Z,4.989,1.1905,124.4444,8.61,4.488,2,normal
2026-03-30T00:36:49.000Z,4.9841,1.1978,124.359,11.06,4.474,2,normal
2026-03-30T00:36:50.000Z,4.9475,1.1941,124.5726,9.67,4.527,2,normal
2026-03-30T00:36:51.000Z,4.9841,1.2051,124.5299,9.26,4.449,2,normal
2026-03-30T00:36:52.000Z,4.9621,1.1978,124.5726,9.99,4.464,2,normal
2026-03-30T00:36:53.000Z,4.9841,1.1905,124.5726,11.68,4.527,2,normal
2026-03-30T00:36:54.000Z,4.9841,1.1978,124.4444,11.9,4.503,2,normal
2026-03-30T00:36:55.000Z,4.9841,1.2051,124.5299,9.99,4.519,2,normal
2026-03-30T00:36:56.000Z,4.9695,1.2088,124.359,10.27,4.456,2,normal
2026-03-30T00:36:57.000Z,4.9792,1.1978,124.5299,8.27,4.486,2,normal
2026-03-30T00:36:58.000Z,5.0012,1.1978,124.4017,9.05,4.547,2,normal
2026-03-30T00:36:59.000Z,4.9621,1.1941,124.5726,9.7,4.431,2,normal
2026-03-30T00:37:00.000Z,4.9792,1.2051,124.4017,9.61,4.557,2,normal
2026-03-30T00:37:01.000Z,4.9939,1.2088,124.1453,11.04,4.533,2,normal
2026-03-30T00:37:02.000Z,4.9768,1.2015,124.4444,9.59,4.521,2,normal
2026-03-30T00:37:03.000Z,4.9621,1.1978,124.6581,10.15,4.45,2,normal
2026-03-30T00:37:04.000Z,4.9841,1.1905,124.4444,9.66,4.455,2,normal
2026-03-30T00:37:05.000Z,4.967,1.1905,124.5299,10.21,4.488,2,normal
2026-03-30T00:37:06.000Z,4.9597,1.1978,124.4444,11.55,4.514,2,normal
2026-03-30T00:37:07.000Z,4.967,1.1978,124.6581,11.08,4.422,2,normal
2026-03-30T00:37:08.000Z,4.9792,1.1978,124.4017,11.4,4.572,2,normal
2026-03-30T00:37:09.000Z,4.9817,1.2051,124.4017,9.97,4.426,2,normal
2026-03-30T00:37:10.000Z,4.9915,1.2015,124.4017,8.49,4.517,2,normal
2026-03-30T00:37:11.000Z,4.9841,1.2015,124.4017,9.77,4.471,2,normal
2026-03-30T00:37:12.000Z,4.9841,1.1905,124.359,10.29,4.449,2,normal
2026-03-30T00:37:13.000Z,4.9621,1.1978,124.4017,10.14,4.553,2,normal
2026-03-30T00:37:14.000Z,4.9744,1.1941,124.6581,9.52,4.452,2,normal
2026-03-30T00:37:15.000Z,4.9744,1.1978,124.6154,10.87,4.526,2,normal
2026-03-30T00:37:16.000Z,4.9792,1.2015,124.6581,10.84,4.487,2,normal
2026-03-30T00:37:17.000Z,4.9768,1.2051,124.4872,9.63,4.496,2,normal
2026-03-30T00:37:18.000Z,4.9988,1.2051,124.4872,11.03,4.552,2,normal
2026-03-30T00:37:19.000Z,4.9792,1.2051,124.5726,9.82,4.446,2,normal
2026-03-30T00:37:20.000Z,4.9915,1.1978,124.6154,8.74,4.483,2,normal
2026-03-30T00:37:21.000Z,4.9646,1.1941,124.4872,9.28,4.476,2,normal
2026-03-30T00:37:22.000Z,4.989,1.2088,124.7009,9.44,4.469,2,normal
2026-03-30T00:37:23.000Z,4.9744,1.2015,124.3162,8.79,4.49,2,normal
2026-03-30T00:37:24.000Z,4.967,1.2015,124.5299,9.55,4.464,2,normal
2026-03-30T00:37:25.000Z,4.9744,1.1978,124.3162,9.99,4.561,2,normal
2026-03-30T00:37:26.000Z,4.9866,1.2051,124.3162,9.64,4.517,2,normal
2026-03-30T00:37:27.000Z,4.9719,1.1868,124.4017,6.94,4.513,2,normal
2026-03-30T00:37:28.000Z,4.9524,1.1978,124.4444,10.64,4.509,2,normal
2026-03-30T00:37:29.000Z,4.9768,1.1941,124.4017,11.23,4.558,2,normal
2026-03-30T00:37:30.000Z,4.9646,1.2051,124.359,8.14,4.442,2,normal
2026-03-30T00:37:31.000Z,4.9915,1.2051,124.2735,12.23,4.562,2,normal
2026-03-30T00:37:32.000Z,4.9841,1.2015,124.4017,9.37,4.49,2,normal
2026-03-30T00:37:33.000Z,4.989,1.2088,124.4872,9.74,4.572,2,normal
2026-03-30T00:37:34.000Z,4.9768,1.1941,124.4017,9.22,4.564,2,normal
2026-03-30T00:37:35.000Z,4.9866,1.2015,124.5726,9.86,4.422,2,normal
2026-03-30T00:37:36.000Z,4.9573,1.2088,124.3162,9.76,4.428,2,normal
2026-03-30T00:37:37.000Z,4.9792,1.1978,124.359,9.27,4.54,2,normal
2026-03-30T00:37:38.000Z,4.967,1.2051,124.359,10.03,4.533,2,normal
2026-03-30T00:37:39.000Z,4.9866,1.2015,124.4444,8.09,4.474,2,normal
2026-03-30T00:37:40.000Z,4.9646,1.1978,124.4444,8.88,4.437,2,normal
2026-03-30T00:37:41.000Z,4.9817,1.2015,124.5299,8.17,4.435,2,normal
2026-03-30T00:37:42.000Z,4.9841,1.1941,124.5299,12.03,4.544,2,normal
2026-03-30T00:37:43.000Z,4.9792,1.1978,124.4872,9.52,4.561,2,normal
2026-03-30T00:37:44.000Z,4.9768,1.1978,124.359,10.8,4.487,2,normal
2026-03-30T00:37:45.000Z,4.9621,1.1941,124.5299,9.24,4.54,2,normal
2026-03-30T00:37:46.000Z,4.9817,1.2015,124.5299,10.97,4.475,2,normal
2026-03-30T00:37:47.000Z,4.9988,1.2015,124.359,11.21,4.491,2,normal
2026-03-30T00:37:48.000Z,4.9792,1.1978,124.359,8.07,4.439,2,normal
2026-03-30T00:37:49.000Z,4.9866,1.1978,124.4444,9.65,4.45,2,normal
2026-03-30T00:37:50.000Z,4.989,1.1978,124.4017,11.68,4.535,2,normal
2026-03-30T00:37:51.000Z,4.9768,1.1978,124.6154,9.43,4.473,2,normal
2026-03-30T00:37:52.000Z,4.9915,1.1978,124.6154,10.93,4.556,2,normal
2026-03-30T00:37:53.000Z,4.9768,1.1978,124.359,9.73,4.56,2,normal
2026-03-30T00:37:54.000Z,4.9792,1.1978,124.8291,10.78,4.456,2,normal
2026-03-30T00:37:55.000Z,4.9939,1.2015,124.4017,8.23,4.473,2,normal
2026-03-30T00:37:56.000Z,4.9817,1.2088,124.1453,8.56,4.549,2,normal
2026-03-30T00:37:57.000Z,4.9646,1.2015,124.4872,10.64,4.524,2,normal
2026-03-30T00:37:58.000Z,4.9792,1.1978,124.4017,10.23,4.505,2,normal
2026-03-30T00:37:59.000Z,4.9719,1.2088,124.2308,7.62,4.424,2,normal
2026-03-30T00:38:00.000Z,4.9719,1.1978,124.359,11.72,4.527,2,normal
2026-03-30T00:38:01.000Z,4.9695,1.1978,124.4017,8.67,4.423,2,normal
2026-03-30T00:38:02.000Z,4.967,1.2015,124.3162,10.23,4.549,2,normal
2026-03-30T00:38:03.000Z,4.9841,1.1978,124.7863,9.89,4.455,2,normal
2026-03-30T00:38:04.000Z,4.9695,1.1941,124.3162,10.15,4.541,2,normal
2026-03-30T00:38:05.000Z,4.989,1.2015,124.359,10.38,4.429,2,normal
2026-03-30T00:38:06.000Z,4.989,1.2015,124.5299,11.18,4.508,2,normal
2026-03-30T00:38:07.000Z,4.967,1.2088,124.188,11.34,4.54,2,normal
2026-03-30T00:38:08.000Z,4.9939,1.1941,124.5726,9.06,4.417,2,normal
2026-03-30T00:38:09.000Z,4.9621,1.1978,124.4872,9.9,4.499,2,normal
2026-03-30T00:38:10.000Z,4.9744,1.1978,124.1026,11.98,4.454,2,normal
2026-03-30T00:38:11.000Z,4.989,1.1978,124.4444,11.02,4.572,2,normal
2026-03-30T00:38:12.000Z,4.9719,1.1941,124.6154,12.73,4.494,2,normal
2026-03-30T00:38:13.000Z,4.9792,1.1941,124.4872,10.28,4.565,2,normal
2026-03-30T00:38:14.000Z,4.9817,1.1978,124.2735,9.64,4.54,2,normal
2026-03-30T00:38:15.000Z,4.9695,1.1941,124.4872,9.86,4.502,2,normal
2026-03-30T00:38:16.000Z,4.9817,1.1941,124.5726,8.94,4.442,2,normal
2026-03-30T00:38:17.000Z,4.989,1.2015,124.6154,7.71,4.515,2,normal
2026-03-30T00:38:18.000Z,4.9963,1.2051,124.6581,9.72,4.544,2,normal
2026-03-30T00:38:19.000Z,4.967,1.2051,124.4872,9.34,4.555,2,normal
2026-03-30T00:38:20.000Z,4.9817,1.1978,124.4444,10.79,4.536,2,normal
2026-03-30T00:38:21.000Z,4.9792,1.1941,124.3162,10.57,4.538,2,normal
2026-03-30T00:38:22.000Z,4.9915,1.1941,124.1453,11.44,4.57,2,normal
2026-03-30T00:38:23.000Z,4.9744,1.1978,124.4872,9.12,4.532,2,normal
2026-03-30T00:38:24.000Z,4.9841,1.1941,124.4444,11.69,4.468,2,normal
2026-03-30T00:38:25.000Z,4.9744,1.2015,124.359,11.17,4.553,2,normal
2026-03-30T00:38:26.000Z,4.9817,1.1978,124.5726,11.06,4.533,2,normal
2026-03-30T00:38:27.000Z,4.9817,1.2051,124.0598,10.25,4.523,2,normal
2026-03-30T00:38:28.000Z,4.9695,1.1978,124.6154,11.45,4.478,2,normal
2026-03-30T00:38:29.000Z,4.9841,1.1978,124.6581,11.0,4.566,2,normal
2026-03-30T00:38:30.000Z,4.9792,1.1978,124.5299,8.86,4.541,2,normal
2026-03-30T00:38:31.000Z,4.9792,1.2015,124.4017,10.64,4.448,2,normal
2026-03-30T00:38:32.000Z,4.9792,1.1905,124.5726,9.03,4.459,2,normal
2026-03-30T00:38:33.000Z,4.9744,1.2088,124.359,10.11,4.427,2,normal
2026-03-30T00:38:34.000Z,4.9597,1.1941,124.5299,11.96,4.563,2,normal
2026-03-30T00:38:35.000Z,4.9841,1.2015,124.188,10.98,4.488,2,normal
2026-03-30T00:38:36.000Z,4.989,1.1978,124.359,8.99,4.535,2,normal
2026-03-30T00:38:37.000Z,4.9768,1.1941,124.5299,10.5,4.495,2,normal
2026-03-30T00:38:38.000Z,4.9792,1.2051,124.6581,9.2,4.421,2,normal
2026-03-30T00:38:39.000Z,4.9768,1.1905,124.4444,9.81,4.543,2,normal
2026-03-30T00:38:40.000Z,4.9768,1.1941,124.2735,8.42,4.506,2,normal
2026-03-30T00:38:41.000Z,4.9744,1.1905,124.7436,9.53,4.555,2,normal
2026-03-30T00:38:42.000Z,4.989,1.1868,124.7436,7.63,4.539,2,normal
2026-03-30T00:38:43.000Z,4.9646,1.1978,124.4872,11.11,4.559,2,normal
2026-03-30T00:38:44.000Z,4.9621,1.2051,124.4444,10.6,4.472,2,normal
2026-03-30T00:38:45.000Z,4.9744,1.2015,124.2308,8.7,4.419,2,normal
2026-03-30T00:38:46.000Z,4.9744,1.2015,124.4444,9.66,4.453,2,normal
2026-03-30T00:38:47.000Z,4.9792,1.2015,124.359,11.54,4.468,2,normal
2026-03-30T00:38:48.000Z,4.9792,1.2015,124.2735,8.33,4.472,2,normal
2026-03-30T00:38:49.000Z,4.9621,1.2051,124.7009,11.55,4.452,2,normal
2026-03-30T00:38:50.000Z,4.9792,1.1905,124.4872,8.55,4.542,2,normal
2026-03-30T00:38:51.000Z,4.9695,1.1978,124.1026,10.66,4.451,2,normal
2026-03-30T00:38:52.000Z,4.9841,1.1941,124.4872,10.29,4.567,2,normal
2026-03-30T00:38:53.000Z,4.9841,1.2051,124.4872,11.74,4.487,2,normal
2026-03-30T00:38:54.000Z,4.967,1.1905,124.5299,10.54,4.536,2,normal
2026-03-30T00:38:55.000Z,4.9841,1.1978,124.359,10.3,4.477,2,normal
2026-03-30T00:38:56.000Z,4.9719,1.2051,124.4872,12.14,4.533,2,normal
2026-03-30T00:38:57.000Z,4.9866,1.2051,124.6581,10.83,4.515,2,normal
2026-03-30T00:38:58.000Z,4.967,1.2051,124.4872,12.98,4.546,2,normal
2026-03-30T00:38:59.000Z,4.9817,1.2051,124.4017,10.67,4.417,2,normal
2026-03-30T00:39:00.000Z,4.967,1.2015,124.5299,9.04,4.569,2,normal
2026-03-30T00:39:01.000Z,4.967,1.2015,124.5299,9.09,4.578,2,normal
2026-03-30T00:39:02.000Z,4.9841,1.1941,124.6581,10.74,4.57,2,normal
2026-03-30T00:39:03.000Z,4.9915,1.1978,124.4444,10.43,4.456,2,normal
2026-03-30T00:39:04.000Z,4.9744,1.2051,124.4017,11.32,4.538,2,normal
2026-03-30T00:39:05.000Z,4.9817,1.2051,124.7009,8.67,4.478,2,normal
2026-03-30T00:39:06.000Z,4.9792,1.2051,124.4017,12.23,4.571,2,normal
2026-03-30T00:39:07.000Z,4.9573,1.2051,124.4444,12.01,4.435,2,normal
2026-03-30T00:39:08.000Z,4.9866,1.1978,124.5726,11.41,4.563,2,normal
2026-03-30T00:39:09.000Z,4.9841,1.2015,124.4444,8.85,4.559,2,normal
2026-03-30T00:39:10.000Z,4.9792,1.2015,124.7436,9.75,4.479,2,normal
2026-03-30T00:39:11.000Z,4.9695,1.2015,124.3162,10.0,4.56,2,normal
2026-03-30T00:39:12.000Z,4.9915,1.2051,124.8291,10.81,4.576,2,normal
2026-03-30T00:39:13.000Z,4.967,1.2051,124.5726,11.06,4.52,2,normal
2026-03-30T00:39:14.000Z,4.9866,1.2015,124.4017,9.5,4.521,2,normal
2026-03-30T00:39:15.000Z,4.9866,1.1978,124.3162,8.55,4.535,2,normal
2026-03-30T00:39:16.000Z,4.9719,1.2015,124.5299,10.48,4.568,2,normal
2026-03-30T00:39:17.000Z,4.9792,1.2051,124.4872,10.53,4.559,2,normal
2026-03-30T00:39:18.000Z,4.9792,1.2015,124.5726,11.44,4.47,2,normal
2026-03-30T00:39:19.000Z,4.9744,1.1941,124.7009,9.74,4.56,2,normal
2026-03-30T00:39:20.000Z,4.9719,1.1941,124.4872,10.67,4.51,2,normal
2026-03-30T00:39:21.000Z,4.9744,1.2051,124.4872,9.24,4.425,2,normal
2026-03-30T00:39:22.000Z,4.9817,1.2015,124.4872,10.11,4.544,2,normal
2026-03-30T00:39:23.000Z,4.9841,1.1941,124.5299,9.3,4.472,2,normal
2026-03-30T00:39:24.000Z,4.9621,1.1941,124.2735,9.23,4.45,2,normal
2026-03-30T00:39:25.000Z,4.967,1.2015,124.3162,10.46,4.539,2,normal
2026-03-30T00:39:26.000Z,4.9719,1.2015,124.5726,9.34,4.547,2,normal
2026-03-30T00:39:27.000Z,4.9768,1.1941,124.2735,8.36,4.47,2,normal
2026-03-30T00:39:28.000Z,4.9768,1.1941,124.4017,11.08,4.571,2,normal
2026-03-30T00:39:29.000Z,4.9817,1.1978,124.5299,10.03,4.505,2,normal
2026-03-30T00:39:30.000Z,4.9963,1.1978,124.4017,11.0,4.573,2,normal
2026-03-30T00:39:31.000Z,4.9866,1.1941,124.7436,9.9,4.569,2,normal
2026-03-30T00:39:32.000Z,4.9768,1.2015,124.5726,9.2,4.42,2,normal
2026-03-30T00:39:33.000Z,4.967,1.1978,124.4444,9.47,4.555,2,normal
2026-03-30T00:39:34.000Z,4.9744,1.1978,124.188,10.43,4.566,2,normal
2026-03-30T00:39:35.000Z,4.9744,1.2015,124.3162,10.24,4.517,2,normal
2026-03-30T00:39:36.000Z,4.9621,1.1978,124.2735,9.16,4.567,2,normal
2026-03-30T00:39:37.000Z,4.9646,1.1978,124.2308,12.67,4.567,2,normal
2026-03-30T00:39:38.000Z,4.9963,1.2088,124.359,9.41,4.49,2,normal
2026-03-30T00:39:39.000Z,4.9939,1.2015,124.7009,9.93,4.507,2,normal
2026-03-30T00:39:40.000Z,4.9963,1.1905,124.359,7.94,4.425,2,normal
2026-03-30T00:39:41.000Z,4.9792,1.2015,124.4017,8.09,4.545,2,normal
2026-03-30T00:39:42.000Z,4.9744,1.2015,124.5726,8.28,4.48,2,normal
2026-03-30T00:39:43.000Z,4.9939,1.2125,124.5726,11.16,4.461,2,normal
2026-03-30T00:39:44.000Z,4.9719,1.1978,124.5299,7.12,4.442,2,normal
2026-03-30T00:39:45.000Z,4.9817,1.1978,124.2735,9.65,4.434,2,normal
2026-03-30T00:39:46.000Z,4.9792,1.1941,124.4444,8.92,4.522,2,normal
2026-03-30T00:39:47.000Z,4.9817,1.1978,124.4444,8.6,4.428,2,normal
2026-03-30T00:39:48.000Z,4.9719,1.1978,124.7863,10.72,4.578,2,normal
2026-03-30T00:39:49.000Z,4.9915,1.2051,124.2308,10.65,4.508,2,normal
2026-03-30T00:39:50.000Z,4.9646,1.2015,124.6154,8.04,4.455,2,normal
2026-03-30T00:39:51.000Z,4.9963,1.1941,124.8718,9.03,4.477,2,normal
2026-03-30T00:39:52.000Z,4.9646,1.2051,124.6154,7.38,4.486,2,normal
2026-03-30T00:39:53.000Z,4.9597,1.1978,124.2735,11.63,4.46,2,normal
2026-03-30T00:39:54.000Z,4.989,1.1905,124.4444,10.92,4.573,2,normal
2026-03-30T00:39:55.000Z,4.9792,1.2015,124.5299,9.08,4.496,2,normal
2026-03-30T00:39:56.000Z,4.967,1.2051,124.2735,11.04,4.529,2,normal
2026-03-30T00:39:57.000Z,4.9695,1.1941,124.188,10.78,4.563,2,normal
2026-03-30T00:39:58.000Z,4.9841,1.1905,124.3162,8.73,4.568,2,normal
2026-03-30T00:39:59.000Z,4.9744,1.2015,124.4017,8.77,4.524,2,normal
2026-03-30T00:40:00.000Z,4.9695,1.1941,124.6154,11.08,4.474,2,normal
2026-03-30T00:40:01.000Z,4.9573,1.1941,124.5299,9.26,4.569,2,normal
2026-03-30T00:40:02.000Z,4.9621,1.2015,124.5299,8.2,4.422,2,normal
2026-03-30T00:40:03.000Z,4.9744,1.2015,124.4444,9.69,4.564,2,normal
2026-03-30T00:40:04.000Z,4.9597,1.2015,124.5299,9.17,4.549,2,normal
2026-03-30T00:40:05.000Z,4.9988,1.1978,124.2308,11.06,4.422,2,normal
2026-03-30T00:40:06.000Z,4.9841,1.1978,124.0171,11.79,4.446,2,normal
2026-03-30T00:40:07.000Z,4.9646,1.1978,124.4872,10.92,4.473,2,normal
2026-03-30T00:40:08.000Z,4.9573,1.2015,124.5726,9.08,4.517,2,normal
2026-03-30T00:40:09.000Z,4.9573,1.2015,124.4444,12.0,4.434,2,normal
2026-03-30T00:40:10.000Z,4.9621,1.1978,124.4444,11.11,4.447,2,normal
2026-03-30T00:40:11.000Z,4.9817,1.1978,124.359,8.81,4.545,2,normal
2026-03-30T00:40:12.000Z,4.9646,1.2051,124.6581,9.66,4.437,2,normal
2026-03-30T00:40:13.000Z,4.9646,1.1978,124.188,8.39,4.536,2,normal
2026-03-30T00:40:14.000Z,4.9744,1.1978,124.3162,9.11,4.43,2,normal
2026-03-30T00:40:15.000Z,4.9646,1.1978,124.2308,10.31,4.53,2,normal
2026-03-30T00:40:16.000Z,4.9744,1.2015,124.3162,9.57,4.569,2,normal
2026-03-30T00:40:17.000Z,4.9573,1.1978,124.5726,11.33,4.432,2,normal
2026-03-30T00:40:18.000Z,4.9768,1.2051,124.6154,10.27,4.525,2,normal
2026-03-30T00:40:19.000Z,4.9866,1.2051,124.4444,7.01,4.455,2,normal
2026-03-30T00:40:20.000Z,4.9915,1.1978,124.4872,10.05,4.455,2,normal
2026-03-30T00:40:21.000Z,4.9768,1.2015,124.6581,8.9,4.507,2,normal
2026-03-30T00:40:22.000Z,4.9719,1.2015,124.3162,8.59,4.516,2,normal
2026-03-30T00:40:23.000Z,4.9573,1.1978,124.7863,8.15,4.578,2,normal
2026-03-30T00:40:24.000Z,4.9695,1.1905,124.4872,11.67,4.567,2,normal
2026-03-30T00:40:25.000Z,4.9841,1.2015,124.4017,9.69,4.554,2,normal
2026-03-30T00:40:26.000Z,4.9744,1.1978,124.5726,9.75,4.575,2,normal
2026-03-30T00:40:27.000Z,4.9646,1.1941,124.4872,10.02,4.547,2,normal
2026-03-30T00:40:28.000Z,4.967,1.1978,124.2735,8.2,4.504,2,normal
2026-03-30T00:40:29.000Z,4.9744,1.1978,124.6154,9.73,4.517,2,normal
2026-03-30T00:40:30.000Z,4.9768,1.2015,124.3162,9.62,4.505,2,normal
2026-03-30T00:40:31.000Z,4.9744,1.1941,124.4017,11.74,4.44,2,normal
2026-03-30T00:40:32.000Z,4.9719,1.1978,124.4444,8.4,4.569,2,normal
2026-03-30T00:40:33.000Z,4.9597,1.1905,124.4444,9.96,4.568,2,normal
2026-03-30T00:40:34.000Z,4.9744,1.1941,124.5726,10.32,4.526,2,normal
2026-03-30T00:40:35.000Z,4.9866,1.2088,124.359,7.88,4.439,2,normal
2026-03-30T00:40:36.000Z,4.9719,1.1978,124.2308,9.93,4.513,2,normal
2026-03-30T00:40:37.000Z,4.967,1.2088,124.4444,12.02,4.515,2,normal
2026-03-30T00:40:38.000Z,4.9719,1.1978,124.2308,8.94,4.511,2,normal
2026-03-30T00:40:39.000Z,4.9695,1.2015,124.4872,11.38,4.497,2,normal
2026-03-30T00:40:40.000Z,4.9792,1.2051,124.5299,9.38,4.569,2,normal
2026-03-30T00:40:41.000Z,4.9817,1.1978,124.359,9.25,4.471,2,normal
2026-03-30T00:40:42.000Z,4.9817,1.1978,124.5726,7.61,4.497,2,normal
2026-03-30T00:40:43.000Z,4.9841,1.2015,124.5299,13.2,4.518,2,normal
2026-03-30T00:40:44.000Z,4.989,1.1978,124.3162,9.79,4.512,2,normal
2026-03-30T00:40:45.000Z,4.9768,1.1978,124.5299,10.38,4.572,2,normal
2026-03-30T00:40:46.000Z,4.9768,1.1978,124.4444,10.04,4.562,2,normal
2026-03-30T00:40:47.000Z,4.9695,1.2015,124.188,9.59,4.514,2,normal
2026-03-30T00:40:48.000Z,4.9817,1.1941,124.5299,11.81,4.563,2,normal
2026-03-30T00:40:49.000Z,4.9695,1.2051,124.3162,8.69,4.557,2,normal
2026-03-30T00:40:50.000Z,4.9817,1.2015,124.4872,9.61,4.423,2,normal
2026-03-30T00:40:51.000Z,4.9695,1.2088,124.1026,9.02,4.464,2,normal
2026-03-30T00:40:52.000Z,4.9841,1.2015,124.4444,11.12,4.56,2,normal
2026-03-30T00:40:53.000Z,4.9768,1.2088,124.2735,9.77,4.565,2,normal
2026-03-30T00:40:54.000Z,4.9695,1.1941,124.6581,10.72,4.437,2,normal
2026-03-30T00:40:55.000Z,4.9719,1.1978,124.359,10.48,4.547,2,normal
2026-03-30T00:40:56.000Z,4.9866,1.1941,124.5299,11.87,4.564,2,normal
2026-03-30T00:40:57.000Z,4.9548,1.1978,124.5726,7.77,4.435,2,normal
2026-03-30T00:40:58.000Z,4.9744,1.1978,124.2308,11.08,4.507,2,normal
2026-03-30T00:40:59.000Z,4.9744,1.1978,124.3162,9.61,4.467,2,normal
2026-03-30T00:41:00.000Z,4.9792,1.2051,124.359,9.42,4.486,2,normal
2026-03-30T00:41:01.000Z,4.9768,1.2051,124.4872,10.77,4.515,2,normal
2026-03-30T00:41:02.000Z,5.0061,1.2015,124.3162,7.87,4.526,2,normal
2026-03-30T00:41:03.000Z,4.9744,1.2051,124.4444,9.54,4.511,2,normal
2026-03-30T00:41:04.000Z,4.9695,1.1941,124.6154,8.44,4.504,2,normal
2026-03-30T00:41:05.000Z,4.9792,1.2051,124.5726,12.64,4.426,2,normal
2026-03-30T00:41:06.000Z,4.9573,1.1978,124.6154,8.51,4.448,2,normal
2026-03-30T00:41:07.000Z,4.9866,1.2015,124.3162,9.55,4.567,2,normal
2026-03-30T00:41:08.000Z,4.967,1.2015,124.6581,10.26,4.452,2,normal
2026-03-30T00:41:09.000Z,4.9744,1.2015,124.4444,9.49,4.527,2,normal
2026-03-30T00:41:10.000Z,4.9744,1.2015,124.4872,11.98,4.55,2,normal
2026-03-30T00:41:11.000Z,4.9719,1.2015,124.9145,9.0,4.555,2,normal
2026-03-30T00:41:12.000Z,4.9768,1.1978,124.5299,11.59,4.559,2,normal
2026-03-30T00:41:13.000Z,4.9817,1.2051,124.2735,8.6,4.448,2,normal
2026-03-30T00:41:14.000Z,4.9646,1.1978,124.6581,11.66,4.486,2,normal
2026-03-30T00:41:15.000Z,4.9792,1.2051,124.359,8.61,4.494,2,normal
2026-03-30T00:41:16.000Z,4.967,1.1941,124.3162,10.91,4.488,2,normal
2026-03-30T00:41:17.000Z,4.9695,1.1978,124.4017,9.42,4.561,2,normal
2026-03-30T00:41:18.000Z,4.9768,1.1941,124.359,12.28,4.457,2,normal
2026-03-30T00:41:19.000Z,4.9548,1.1941,124.3162,10.68,4.462,2,normal
2026-03-30T00:41:20.000Z,4.9744,1.2051,124.4017,11.31,4.558,2,normal
2026-03-30T00:41:21.000Z,4.9719,1.1978,124.6581,9.92,4.578,2,normal
2026-03-30T00:41:22.000Z,4.9768,1.2015,124.4017,12.01,4.446,2,normal
2026-03-30T00:41:23.000Z,4.9573,1.2015,124.4872,11.46,4.488,2,normal
2026-03-30T00:41:24.000Z,4.9866,1.2088,124.5726,10.58,4.54,2,normal
2026-03-30T00:41:25.000Z,4.9817,1.1978,124.4872,11.23,4.569,2,normal
2026-03-30T00:41:26.000Z,4.9963,1.2051,124.2735,9.31,4.446,2,normal
2026-03-30T00:41:27.000Z,4.967,1.2015,124.359,10.62,4.427,2,normal
2026-03-30T00:41:28.000Z,4.9817,1.1978,124.4872,8.84,4.556,2,normal
2026-03-30T00:41:29.000Z,4.9792,1.1941,124.5726,9.63,4.441,2,normal
2026-03-30T00:41:30.000Z,4.9744,1.1978,124.5299,8.8,4.503,2,normal
2026-03-30T00:41:31.000Z,4.9719,1.2051,124.4017,9.4,4.44,2,normal
2026-03-30T00:41:32.000Z,4.9792,1.1941,124.5726,10.9,4.548,2,normal
2026-03-30T00:41:33.000Z,4.9719,1.2015,124.4872,11.47,4.507,2,normal
2026-03-30T00:41:34.000Z,4.9817,1.2088,124.6581,8.48,4.521,2,normal
2026-03-30T00:41:35.000Z,4.989,1.1905,124.4444,10.45,4.525,2,normal
2026-03-30T00:41:36.000Z,4.9695,1.2051,124.359,9.74,4.564,2,normal
2026-03-30T00:41:37.000Z,4.9866,1.1978,124.5726,10.39,4.519,2,normal
2026-03-30T00:41:38.000Z,4.9988,1.2088,124.6581,9.9,4.476,2,normal
2026-03-30T00:41:39.000Z,4.9792,1.2015,124.7436,10.94,4.533,2,normal
2026-03-30T00:41:40.000Z,4.9744,1.1905,124.359,11.11,4.473,2,normal
2026-03-30T00:41:41.000Z,4.9719,1.1905,124.6154,10.83,4.489,2,normal
2026-03-30T00:41:42.000Z,4.9817,1.1978,124.359,10.87,4.532,2,normal
2026-03-30T00:41:43.000Z,4.9817,1.2015,124.4872,10.58,4.557,2,normal
2026-03-30T00:41:44.000Z,4.9646,1.2051,124.359,8.99,4.539,2,normal
2026-03-30T00:41:45.000Z,4.9841,1.2015,124.2735,10.44,4.432,2,normal
2026-03-30T00:41:46.000Z,4.9695,1.2051,124.4017,8.13,4.517,2,normal
2026-03-30T00:41:47.000Z,4.9792,1.1978,124.5726,9.68,4.479,2,normal
2026-03-30T00:41:48.000Z,4.9744,1.1905,124.359,10.46,4.478,2,normal
2026-03-30T00:41:49.000Z,4.9695,1.1978,124.4017,8.37,4.442,2,normal
2026-03-30T00:41:50.000Z,4.9866,1.2015,124.2735,10.94,4.49,2,normal
2026-03-30T00:41:51.000Z,4.9719,1.2015,124.5299,9.46,4.567,2,normal
2026-03-30T00:41:52.000Z,4.9646,1.2051,124.2735,8.6,4.542,2,normal
2026-03-30T00:41:53.000Z,4.9768,1.2015,124.4872,9.58,4.553,2,normal
2026-03-30T00:41:54.000Z,4.9963,1.2015,124.359,10.47,4.449,2,normal
2026-03-30T00:41:55.000Z,4.967,1.2051,124.5299,9.06,4.55,2,normal
2026-03-30T00:41:56.000Z,4.9792,1.1978,124.2308,10.32,4.505,2,normal
2026-03-30T00:41:57.000Z,4.9719,1.1941,124.5299,10.6,4.517,2,normal
2026-03-30T00:41:58.000Z,4.9866,1.1868,124.5726,10.52,4.528,2,normal
2026-03-30T00:41:59.000Z,4.9597,1.1978,124.7863,9.39,4.491,2,normal
2026-03-30T00:42:00.000Z,4.9695,1.1941,124.4872,10.64,4.445,2,normal
2026-03-30T00:42:01.000Z,4.9768,1.2051,124.7009,7.5,4.512,2,normal
2026-03-30T00:42:02.000Z,4.9963,1.2125,124.6154,9.39,4.508,2,normal
2026-03-30T00:42:03.000Z,4.9573,1.2015,124.7863,9.66,4.442,2,normal
2026-03-30T00:42:04.000Z,4.9866,1.2088,124.4017,12.77,4.542,2,normal
2026-03-30T00:42:05.000Z,4.9548,1.1941,124.2735,11.46,4.568,2,normal
2026-03-30T00:42:06.000Z,4.9817,1.1978,124.6581,9.72,4.561,2,normal
2026-03-30T00:42:07.000Z,4.9792,1.2015,124.4017,9.25,4.461,2,normal
2026-03-30T00:42:08.000Z,4.9744,1.1868,124.1453,9.95,4.423,2,normal
2026-03-30T00:42:09.000Z,4.9841,1.1941,124.4872,10.26,4.423,2,normal
2026-03-30T00:42:10.000Z,4.9597,1.1978,124.4872,9.99,4.506,2,normal
2026-03-30T00:42:11.000Z,4.9963,1.1941,124.7436,8.62,4.421,2,normal
2026-03-30T00:42:12.000Z,4.9915,1.1978,124.2308,10.02,4.522,2,normal
2026-03-30T00:42:13.000Z,4.967,1.2015,124.4017,7.72,4.542,2,normal
2026-03-30T00:42:14.000Z,4.9817,1.2051,124.359,9.2,4.504,2,normal
2026-03-30T00:42:15.000Z,4.9768,1.2088,124.359,8.5,4.43,2,normal
2026-03-30T00:42:16.000Z,4.9695,1.1978,124.4017,9.82,4.546,2,normal
2026-03-30T00:42:17.000Z,4.9719,1.2051,124.4872,10.37,4.442,2,normal
2026-03-30T00:42:18.000Z,4.9597,1.2015,124.5299,9.76,4.42,2,normal
2026-03-30T00:42:19.000Z,4.9573,1.1978,124.5726,9.44,4.519,2,normal
2026-03-30T00:42:20.000Z,4.967,1.2051,124.5726,8.45,4.435,2,normal
2026-03-30T00:42:21.000Z,4.9866,1.2015,124.6154,11.71,4.431,2,normal
2026-03-30T00:42:22.000Z,4.989,1.2088,124.7863,10.0,4.456,2,normal
2026-03-30T00:42:23.000Z,4.9768,1.1978,124.5299,11.16,4.494,2,normal
2026-03-30T00:42:24.000Z,5.0037,1.1978,124.6154,9.45,4.463,2,normal
2026-03-30T00:42:25.000Z,4.9573,1.2015,124.3162,10.1,4.418,2,normal
2026-03-30T00:42:26.000Z,4.9817,1.2015,124.5299,11.01,4.573,2,normal
2026-03-30T00:42:27.000Z,4.9621,1.2015,124.4017,10.19,4.469,2,normal
2026-03-30T00:42:28.000Z,4.9768,1.1941,124.5726,8.74,4.514,2,normal
2026-03-30T00:42:29.000Z,4.9768,1.1905,124.359,10.79,4.534,2,normal
2026-03-30T00:42:30.000Z,4.9744,1.2015,124.2308,9.63,4.536,2,normal
2026-03-30T00:42:31.000Z,4.9768,1.1941,124.5299,11.43,4.517,2,normal
2026-03-30T00:42:32.000Z,4.9719,1.2015,124.4872,8.05,4.419,2,normal
2026-03-30T00:42:33.000Z,4.9719,1.1905,124.4444,8.51,4.475,2,normal
2026-03-30T00:42:34.000Z,4.9621,1.2015,124.359,10.2,4.551,2,normal
2026-03-30T00:42:35.000Z,4.9817,1.1941,124.2308,9.97,4.537,2,normal
2026-03-30T00:42:36.000Z,5.011,1.2015,124.2308,11.23,4.42,2,normal
2026-03-30T00:42:37.000Z,4.9841,1.1868,124.359,10.46,4.551,2,normal
2026-03-30T00:42:38.000Z,4.9744,1.2051,124.6154,9.16,4.441,2,normal
2026-03-30T00:42:39.000Z,4.9646,1.2015,124.4872,9.97,4.468,2,normal
2026-03-30T00:42:40.000Z,4.9744,1.1978,124.6581,10.03,4.545,2,normal
2026-03-30T00:42:41.000Z,4.9719,1.1978,124.4017,9.45,4.432,2,normal
2026-03-30T00:42:42.000Z,4.9792,1.1978,124.4017,10.06,4.479,2,normal
2026-03-30T00:42:43.000Z,4.9988,1.1941,124.359,9.59,4.493,2,normal
2026-03-30T00:42:44.000Z,4.9646,1.2015,124.4444,9.64,4.572,2,normal
2026-03-30T00:42:45.000Z,4.9866,1.2051,124.8291,10.37,4.496,2,normal
2026-03-30T00:42:46.000Z,4.9841,1.2088,124.4444,9.14,4.483,2,normal
2026-03-30T00:42:47.000Z,4.9768,1.2015,124.6154,11.27,4.528,2,normal
2026-03-30T00:42:48.000Z,4.9792,1.2015,124.4017,10.53,4.532,2,normal
2026-03-30T00:42:49.000Z,4.9573,1.1905,124.5726,12.12,4.429,2,normal
2026-03-30T00:42:50.000Z,4.9792,1.2015,124.3162,10.82,4.453,2,normal
2026-03-30T00:42:51.000Z,4.9695,1.2125,124.5726,8.34,4.544,2,normal
2026-03-30T00:42:52.000Z,4.9719,1.1978,124.2735,10.48,4.436,2,normal
2026-03-30T00:42:53.000Z,4.989,1.2015,124.359,9.69,4.51,2,normal
2026-03-30T00:42:54.000Z,4.9939,1.1941,124.4872,9.96,4.419,2,normal
2026-03-30T00:42:55.000Z,4.9768,1.1978,124.4017,8.24,4.429,2,normal
2026-03-30T00:42:56.000Z,4.9768,1.2088,124.2735,7.98,4.458,2,normal
2026-03-30T00:42:57.000Z,4.9817,1.2015,124.2308,8.91,4.438,2,normal
2026-03-30T00:42:58.000Z,4.9744,1.1978,124.4872,11.5,4.47,2,normal
2026-03-30T00:42:59.000Z,4.9646,1.2015,124.5299,10.61,4.469,2,normal
2026-03-30T00:43:00.000Z,4.9744,1.1905,124.6581,9.43,4.522,2,normal
2026-03-30T00:43:01.000Z,4.9719,1.2051,124.6581,11.2,4.536,2,normal
2026-03-30T00:43:02.000Z,4.9939,1.1978,124.5726,11.88,4.485,2,normal
2026-03-30T00:43:03.000Z,4.9744,1.1978,124.4872,10.51,4.421,2,normal
2026-03-30T00:43:04.000Z,4.9621,1.2051,124.3162,10.44,4.562,2,normal
2026-03-30T00:43:05.000Z,4.9866,1.1941,124.5726,9.37,4.539,2,normal
2026-03-30T00:43:06.000Z,4.9817,1.1978,124.5726,11.67,4.49,2,normal
2026-03-30T00:43:07.000Z,4.9817,1.2015,124.4872,9.71,4.556,2,normal
2026-03-30T00:43:08.000Z,4.9719,1.1978,124.3162,11.51,4.504,2,normal
2026-03-30T00:43:09.000Z,4.9646,1.1941,124.3162,10.45,4.55,2,normal
2026-03-30T00:43:10.000Z,4.9768,1.1941,124.5726,9.3,4.559,2,normal
2026-03-30T00:43:11.000Z,4.9817,1.2015,124.7009,10.23,4.429,2,normal
2026-03-30T00:43:12.000Z,4.9866,1.2015,124.5726,9.58,4.538,2,normal
2026-03-30T00:43:13.000Z,4.9744,1.1905,124.6154,10.9,4.497,2,normal
2026-03-30T00:43:14.000Z,4.9719,1.1978,124.2735,8.92,4.44,2,normal
2026-03-30T00:43:15.000Z,4.9597,1.1978,124.5726,10.07,4.564,2,normal
2026-03-30T00:43:16.000Z,4.9841,1.1941,124.4444,8.7,4.425,2,normal
2026-03-30T00:43:17.000Z,4.9695,1.2015,124.5299,10.09,4.455,2,normal
2026-03-30T00:43:18.000Z,4.9915,1.1941,124.6581,9.91,4.539,2,normal
2026-03-30T00:43:19.000Z,4.9744,1.2015,124.4444,8.53,4.524,2,normal
2026-03-30T00:43:20.000Z,4.9646,1.2051,124.4017,10.23,4.45,2,normal
2026-03-30T00:43:21.000Z,4.9744,1.1978,124.4444,8.41,4.476,2,normal
2026-03-30T00:43:22.000Z,4.9719,1.2015,124.5299,11.27,4.564,2,normal
2026-03-30T00:43:23.000Z,4.967,1.1941,124.4444,9.38,4.443,2,normal
2026-03-30T00:43:24.000Z,4.989,1.1978,124.5299,10.76,4.458,2,normal
2026-03-30T00:43:25.000Z,4.9817,1.2051,124.5726,10.17,4.522,2,normal
2026-03-30T00:43:26.000Z,4.9744,1.2015,124.3162,10.14,4.545,2,normal
2026-03-30T00:43:27.000Z,4.9548,1.2015,124.4444,11.28,4.537,2,normal
2026-03-30T00:43:28.000Z,4.9621,1.2051,124.5726,8.51,4.476,2,normal
2026-03-30T00:43:29.000Z,4.9817,1.1905,124.6581,8.94,4.459,2,normal
2026-03-30T00:43:30.000Z,4.9744,1.2015,124.359,10.55,4.47,2,normal
2026-03-30T00:43:31.000Z,4.9768,1.1978,124.2308,8.56,4.478,2,normal
2026-03-30T00:43:32.000Z,4.9524,1.1941,124.4872,10.06,4.545,2,normal
2026-03-30T00:43:33.000Z,4.9548,1.2015,124.2735,10.07,4.416,2,normal
2026-03-30T00:43:34.000Z,4.9768,1.2051,124.5299,9.95,4.417,2,normal
2026-03-30T00:43:35.000Z,4.9817,1.2015,124.2308,9.68,4.474,2,normal
2026-03-30T00:43:36.000Z,4.9548,1.1978,124.2308,8.7,4.461,2,normal
2026-03-30T00:43:37.000Z,4.9695,1.2015,124.4017,9.98,4.439,2,normal
2026-03-30T00:43:38.000Z,4.9817,1.2088,124.1453,9.52,4.433,2,normal
2026-03-30T00:43:39.000Z,4.9573,1.2015,124.2308,7.52,4.565,2,normal
2026-03-30T00:43:40.000Z,4.9792,1.1978,124.4872,8.62,4.559,2,normal
2026-03-30T00:43:41.000Z,4.9695,1.2051,124.4444,10.07,4.427,2,normal
2026-03-30T00:43:42.000Z,4.9695,1.1941,124.4444,10.53,4.423,2,normal
2026-03-30T00:43:43.000Z,4.9817,1.2015,124.3162,10.0,4.559,2,normal
2026-03-30T00:43:44.000Z,4.9548,1.2051,124.2735,8.55,4.531,2,normal
2026-03-30T00:43:45.000Z,4.9841,1.1941,124.4872,7.27,4.447,2,normal
2026-03-30T00:43:46.000Z,4.9597,1.2015,124.359,9.83,4.507,2,normal
2026-03-30T00:43:47.000Z,4.967,1.1978,124.5726,7.94,4.533,2,normal
2026-03-30T00:43:48.000Z,4.967,1.2051,124.4444,10.44,4.549,2,normal
2026-03-30T00:43:49.000Z,4.9744,1.2051,124.3162,8.76,4.502,2,normal
2026-03-30T00:43:50.000Z,4.989,1.1941,124.359,10.68,4.475,2,normal
2026-03-30T00:43:51.000Z,4.9744,1.2051,124.7009,11.3,4.561,2,normal
2026-03-30T00:43:52.000Z,4.967,1.2015,124.4017,9.73,4.457,2,normal
2026-03-30T00:43:53.000Z,4.9939,1.1978,124.7009,8.93,4.504,2,normal
2026-03-30T00:43:54.000Z,4.9573,1.1941,124.3162,11.97,4.574,2,normal
2026-03-30T00:43:55.000Z,4.9841,1.1941,124.5299,8.47,4.553,2,normal
2026-03-30T00:43:56.000Z,4.9646,1.2015,124.1026,7.7,4.478,2,normal
2026-03-30T00:43:57.000Z,4.9573,1.2051,124.6154,9.82,4.502,2,normal
2026-03-30T00:43:58.000Z,4.9719,1.1868,124.359,8.98,4.535,2,normal
2026-03-30T00:43:59.000Z,4.9597,1.1941,124.359,9.91,4.551,2,normal
2026-03-30T00:44:00.000Z,4.9939,1.1905,124.2308,9.5,4.449,2,normal
2026-03-30T00:44:01.000Z,4.9841,1.1978,124.359,9.29,4.518,2,normal
2026-03-30T00:44:02.000Z,4.9817,1.2015,124.188,9.34,4.415,2,normal
2026-03-30T00:44:03.000Z,4.9646,1.2015,124.5299,10.28,4.43,2,normal
2026-03-30T00:44:04.000Z,4.9744,1.1905,124.5726,11.09,4.505,2,normal
2026-03-30T00:44:05.000Z,4.9866,1.2015,124.7009,9.97,4.438,2,normal
2026-03-30T00:44:06.000Z,4.9915,1.2015,124.5726,10.27,4.569,2,normal
2026-03-30T00:44:07.000Z,4.9792,1.1941,124.359,10.86,4.464,2,normal
2026-03-30T00:44:08.000Z,4.9792,1.1941,124.4017,10.52,4.493,2,normal
2026-03-30T00:44:09.000Z,4.9744,1.1978,124.4444,9.88,4.468,2,normal
2026-03-30T00:44:10.000Z,4.9792,1.2015,124.7009,9.06,4.505,2,normal
2026-03-30T00:44:11.000Z,4.9841,1.1941,124.6581,9.18,4.573,2,normal
2026-03-30T00:44:12.000Z,4.9768,1.2051,124.4444,10.18,4.562,2,normal
2026-03-30T00:44:13.000Z,4.9768,1.2051,124.2735,10.74,4.53,2,normal
2026-03-30T00:44:14.000Z,4.9719,1.1978,124.6154,9.05,4.576,2,normal
2026-03-30T00:44:15.000Z,4.9768,1.2015,124.5726,7.67,4.452,2,normal
2026-03-30T00:44:16.000Z,4.9768,1.2051,124.4444,11.52,4.542,2,normal
2026-03-30T00:44:17.000Z,4.9719,1.1941,124.6154,9.89,4.53,2,normal
2026-03-30T00:44:18.000Z,4.9915,1.1978,124.188,9.5,4.508,2,normal
2026-03-30T00:44:19.000Z,4.9646,1.2015,124.4017,9.3,4.443,2,normal
2026-03-30T00:44:20.000Z,4.9841,1.2015,124.4444,10.28,4.55,2,normal
2026-03-30T00:44:21.000Z,4.9866,1.2088,124.5299,9.95,4.546,2,normal
2026-03-30T00:44:22.000Z,4.967,1.2015,124.7009,10.12,4.474,2,normal
2026-03-30T00:44:23.000Z,4.9573,1.2015,124.359,11.08,4.529,2,normal
2026-03-30T00:44:24.000Z,4.9744,1.2051,124.5299,11.33,4.569,2,normal
2026-03-30T00:44:25.000Z,4.9719,1.1941,124.3162,11.15,4.419,2,normal
2026-03-30T00:44:26.000Z,4.9744,1.1978,124.2308,9.4,4.491,2,normal
2026-03-30T00:44:27.000Z,4.989,1.1978,124.4444,10.06,4.458,2,normal
2026-03-30T00:44:28.000Z,4.9719,1.1905,124.6154,11.4,4.563,2,normal
2026-03-30T00:44:29.000Z,4.9719,1.2015,124.5299,11.15,4.524,2,normal
2026-03-30T00:44:30.000Z,4.9866,1.1978,123.9744,10.39,4.423,2,normal
2026-03-30T00:44:31.000Z,4.9695,1.1941,124.4872,10.63,4.455,2,normal
2026-03-30T00:44:32.000Z,4.9792,1.1978,124.5299,9.72,4.427,2,normal
2026-03-30T00:44:33.000Z,4.9719,1.1978,124.4872,8.55,4.419,2,normal
2026-03-30T00:44:34.000Z,4.9719,1.2088,124.5299,8.79,4.546,2,normal
2026-03-30T00:44:35.000Z,4.9866,1.1978,124.5299,9.95,4.479,2,normal
2026-03-30T00:44:36.000Z,4.967,1.2015,124.359,9.23,4.437,2,normal
2026-03-30T00:44:37.000Z,4.9744,1.2051,124.188,10.37,4.573,2,normal
2026-03-30T00:44:38.000Z,4.9719,1.1978,124.359,7.64,4.474,2,normal
2026-03-30T00:44:39.000Z,4.9841,1.2051,124.4872,10.32,4.556,2,normal
2026-03-30T00:44:40.000Z,4.9744,1.1941,124.4872,7.53,4.48,2,normal
2026-03-30T00:44:41.000Z,4.9646,1.1978,124.2308,9.21,4.514,2,normal
2026-03-30T00:44:42.000Z,4.9548,1.1941,124.5299,8.35,4.444,2,normal
2026-03-30T00:44:43.000Z,4.9719,1.2015,124.359,8.63,4.421,2,normal
2026-03-30T00:44:44.000Z,4.9768,1.2015,124.5299,9.48,4.52,2,normal
2026-03-30T00:44:45.000Z,4.9841,1.1905,124.359,10.3,4.562,2,normal
2026-03-30T00:44:46.000Z,4.9866,1.1978,124.4017,10.72,4.568,2,normal
2026-03-30T00:44:47.000Z,4.9744,1.2051,124.3162,8.56,4.527,2,normal
2026-03-30T00:44:48.000Z,4.9695,1.1941,124.6581,8.64,4.494,2,normal
2026-03-30T00:44:49.000Z,4.9817,1.1978,124.6154,11.06,4.519,2,normal
2026-03-30T00:44:50.000Z,4.9841,1.1978,124.4444,10.8,4.499,2,normal
2026-03-30T00:44:51.000Z,4.9963,1.2051,124.359,9.02,4.471,2,normal
2026-03-30T00:44:52.000Z,4.9939,1.1941,124.359,9.71,4.457,2,normal
2026-03-30T00:44:53.000Z,4.9817,1.2015,124.2735,7.42,4.437,2,normal
2026-03-30T00:44:54.000Z,4.967,1.1978,124.4872,8.87,4.504,2,normal
2026-03-30T00:44:55.000Z,4.9915,1.1978,124.359,9.49,4.531,2,normal
2026-03-30T00:44:56.000Z,4.967,1.2015,124.6154,11.86,4.551,2,normal
2026-03-30T00:44:57.000Z,4.989,1.1941,124.5726,9.91,4.495,2,normal
2026-03-30T00:44:58.000Z,4.989,1.1978,124.4444,9.71,4.513,2,normal
2026-03-30T00:44:59.000Z,5.0012,1.2051,124.4444,6.81,4.416,2,normal
2026-03-30T00:45:00.000Z,4.9988,1.2051,124.6154,9.35,4.576,2,normal
2026-03-30T00:45:01.000Z,4.9719,1.1978,124.359,9.52,4.424,2,normal
2026-03-30T00:45:02.000Z,4.989,1.1941,124.1026,9.04,4.475,2,normal
2026-03-30T00:45:03.000Z,4.9792,1.1941,124.5299,11.46,4.426,2,normal
2026-03-30T00:45:04.000Z,4.9695,1.1941,124.5299,9.61,4.543,2,normal
2026-03-30T00:45:05.000Z,4.9695,1.2015,124.6581,12.24,4.509,2,normal
2026-03-30T00:45:06.000Z,4.9768,1.1978,124.6154,9.25,4.487,2,normal
2026-03-30T00:45:07.000Z,4.989,1.1941,124.4872,9.48,4.505,2,normal
2026-03-30T00:45:08.000Z,4.9719,1.1941,124.5299,9.55,4.453,2,normal
2026-03-30T00:45:09.000Z,4.9573,1.2015,124.5726,11.42,4.571,2,normal
2026-03-30T00:45:10.000Z,4.9841,1.2015,124.6581,9.79,4.496,2,normal
2026-03-30T00:45:11.000Z,4.9866,1.2015,124.7009,11.18,4.445,2,normal
2026-03-30T00:45:12.000Z,4.9817,1.2015,124.5299,10.41,4.467,2,normal
2026-03-30T00:45:13.000Z,4.9695,1.1978,124.2735,10.34,4.432,2,normal
2026-03-30T00:45:14.000Z,4.9841,1.1905,124.6581,10.58,4.48,2,normal
2026-03-30T00:45:15.000Z,4.9695,1.1941,124.359,9.6,4.557,2,normal
2026-03-30T00:45:16.000Z,4.9768,1.1941,124.188,9.64,4.495,2,normal
2026-03-30T00:45:17.000Z,4.9621,1.1941,124.2735,9.13,4.529,2,normal
2026-03-30T00:45:18.000Z,4.967,1.1941,124.2735,11.23,4.449,2,normal
2026-03-30T00:45:19.000Z,4.9866,1.1978,124.4017,10.8,4.453,2,normal
2026-03-30T00:45:20.000Z,4.9695,1.2125,124.3162,10.24,4.455,2,normal
2026-03-30T00:45:21.000Z,4.9646,1.2015,124.4017,8.76,4.472,2,normal
2026-03-30T00:45:22.000Z,4.9841,1.1978,124.359,7.35,4.43,2,normal
2026-03-30T00:45:23.000Z,4.9841,1.1868,124.4444,12.78,4.493,2,normal
2026-03-30T00:45:24.000Z,4.9939,1.1941,124.6154,8.67,4.547,2,normal
2026-03-30T00:45:25.000Z,4.9524,1.1941,124.7009,11.39,4.434,2,normal
2026-03-30T00:45:26.000Z,4.9744,1.1978,124.5299,9.53,4.43,2,normal
2026-03-30T00:45:27.000Z,4.9719,1.1978,124.6154,12.09,4.463,2,normal
2026-03-30T00:45:28.000Z,4.9719,1.1978,124.5726,11.18,4.455,2,normal
2026-03-30T00:45:29.000Z,4.9768,1.1941,124.4872,8.21,4.57,2,normal
2026-03-30T00:45:30.000Z,4.9744,1.1868,124.5726,9.08,4.561,2,normal
2026-03-30T00:45:31.000Z,4.9939,1.2015,124.4872,11.58,4.427,2,normal
2026-03-30T00:45:32.000Z,4.9866,1.2015,124.7009,10.46,4.492,2,normal
2026-03-30T00:45:33.000Z,4.9597,1.2051,124.4872,12.06,4.457,2,normal
2026-03-30T00:45:34.000Z,4.9768,1.2015,124.7436,8.56,4.422,2,normal
2026-03-30T00:45:35.000Z,4.9768,1.2015,124.4017,10.12,4.441,2,normal
2026-03-30T00:45:36.000Z,4.9915,1.2015,124.6581,8.62,4.462,2,normal
2026-03-30T00:45:37.000Z,4.9817,1.2015,124.4872,10.42,4.519,2,normal
2026-03-30T00:45:38.000Z,4.9719,1.1978,124.4872,9.9,4.491,2,normal
2026-03-30T00:45:39.000Z,4.9621,1.1941,124.5299,10.76,4.483,2,normal
2026-03-30T00:45:40.000Z,4.9719,1.2051,124.1026,9.4,4.511,2,normal
2026-03-30T00:45:41.000Z,4.9597,1.1978,124.4017,8.45,4.482,2,normal
2026-03-30T00:45:42.000Z,4.9768,1.2015,124.2735,9.08,4.511,2,normal
2026-03-30T00:45:43.000Z,4.9817,1.1941,124.4017,9.13,4.476,2,normal
2026-03-30T00:45:44.000Z,4.9817,1.1978,124.359,10.04,4.485,2,normal
2026-03-30T00:45:45.000Z,4.9719,1.2051,124.4017,8.33,4.536,2,normal
2026-03-30T00:45:46.000Z,4.9695,1.1978,124.4017,10.06,4.453,2,normal
2026-03-30T00:45:47.000Z,4.9792,1.1941,124.3162,10.1,4.557,2,normal
2026-03-30T00:45:48.000Z,4.9792,1.2125,124.3162,10.71,4.559,2,normal
2026-03-30T00:45:49.000Z,4.9719,1.2051,124.5726,10.31,4.48,2,normal
2026-03-30T00:45:50.000Z,4.967,1.1941,124.359,9.22,4.499,2,normal
2026-03-30T00:45:51.000Z,4.9792,1.2015,124.1026,8.81,4.47,2,normal
2026-03-30T00:45:52.000Z,4.9963,1.2088,124.5726,12.98,4.44,2,normal
2026-03-30T00:45:53.000Z,4.9695,1.2015,124.4444,9.99,4.5,2,normal
2026-03-30T00:45:54.000Z,4.9768,1.2015,124.6154,8.69,4.518,2,normal
2026-03-30T00:45:55.000Z,4.9792,1.1978,124.4444,9.8,4.487,2,normal
2026-03-30T00:45:56.000Z,4.9768,1.2088,124.2308,10.26,4.532,2,normal
2026-03-30T00:45:57.000Z,4.9744,1.2125,124.4017,9.32,4.477,2,normal
2026-03-30T00:45:58.000Z,4.967,1.1978,124.4017,8.96,4.44,2,normal
2026-03-30T00:45:59.000Z,4.9744,1.1941,124.5299,10.65,4.424,2,normal
2026-03-30T00:46:00.000Z,4.9988,1.2015,124.359,11.24,4.482,2,normal
2026-03-30T00:46:01.000Z,4.9719,1.1941,124.4872,9.61,4.564,2,normal
2026-03-30T00:46:02.000Z,4.9768,1.2015,124.5299,9.18,4.495,2,normal
2026-03-30T00:46:03.000Z,4.9817,1.2125,124.6154,9.59,4.497,2,normal
2026-03-30T00:46:04.000Z,4.9817,1.2051,124.6154,8.96,4.575,2,normal
2026-03-30T00:46:05.000Z,4.9548,1.1978,124.7009,11.39,4.562,2,normal
2026-03-30T00:46:06.000Z,4.967,1.1978,124.5299,8.67,4.525,2,normal
2026-03-30T00:46:07.000Z,4.9646,1.1941,124.5726,7.99,4.543,2,normal
2026-03-30T00:46:08.000Z,4.9939,1.1941,124.4872,10.24,4.567,2,normal
2026-03-30T00:46:09.000Z,5.0012,1.2015,124.359,9.82,4.509,2,normal
2026-03-30T00:46:10.000Z,4.9695,1.2015,124.4872,8.56,4.553,2,normal
2026-03-30T00:46:11.000Z,5.0012,1.1978,124.5299,10.03,4.432,2,normal
2026-03-30T00:46:12.000Z,4.9744,1.1978,124.3162,8.63,4.469,2,normal
2026-03-30T00:46:13.000Z,4.9792,1.1868,124.5299,10.19,4.428,2,normal
2026-03-30T00:46:14.000Z,4.9963,1.1905,124.359,10.67,4.44,2,normal
2026-03-30T00:46:15.000Z,4.9768,1.2015,124.4444,9.64,4.454,2,normal
2026-03-30T00:46:16.000Z,4.967,1.2051,124.5726,9.5,4.483,2,normal
2026-03-30T00:46:17.000Z,4.9695,1.1978,124.5299,9.44,4.443,2,normal
2026-03-30T00:46:18.000Z,4.9841,1.2015,124.4017,10.09,4.543,2,normal
2026-03-30T00:46:19.000Z,4.9768,1.1978,124.6581,9.94,4.574,2,normal
2026-03-30T00:46:20.000Z,4.9621,1.2015,124.5299,9.88,4.447,2,normal
2026-03-30T00:46:21.000Z,4.9963,1.1941,124.7436,11.23,4.55,2,normal
2026-03-30T00:46:22.000Z,4.9866,1.2088,124.359,10.45,4.468,2,normal
2026-03-30T00:46:23.000Z,4.9792,1.2051,124.6581,9.8,4.55,2,normal
2026-03-30T00:46:24.000Z,4.9817,1.1868,124.4872,12.18,4.434,2,normal
2026-03-30T00:46:25.000Z,4.9695,1.1905,124.2735,9.46,4.461,2,normal
2026-03-30T00:46:26.000Z,4.9817,1.1978,124.6581,11.56,4.53,2,normal
2026-03-30T00:46:27.000Z,4.9841,1.1978,124.6154,9.63,4.554,2,normal
2026-03-30T00:46:28.000Z,4.9621,1.2015,124.359,8.83,4.498,2,normal
2026-03-30T00:46:29.000Z,4.9915,1.1905,124.4017,11.06,4.453,2,normal
2026-03-30T00:46:30.000Z,4.9744,1.1978,124.6154,10.66,4.442,2,normal
2026-03-30T00:46:31.000Z,4.9792,1.1978,124.4872,9.57,4.434,2,normal
2026-03-30T00:46:32.000Z,4.9768,1.2088,124.4017,10.73,4.526,2,normal
2026-03-30T00:46:33.000Z,4.9695,1.1978,124.2735,10.05,4.519,2,normal
2026-03-30T00:46:34.000Z,4.9719,1.1905,124.6581,8.5,4.452,2,normal
2026-03-30T00:46:35.000Z,4.9768,1.2015,124.4444,10.48,4.427,2,normal
2026-03-30T00:46:36.000Z,4.9792,1.1978,124.7436,10.67,4.499,2,normal
2026-03-30T00:46:37.000Z,4.967,1.1978,124.4017,8.87,4.438,2,normal
2026-03-30T00:46:38.000Z,4.9988,1.1941,124.2735,10.29,4.561,2,normal
2026-03-30T00:46:39.000Z,4.9695,1.2088,124.2735,9.91,4.568,2,normal
2026-03-30T00:46:40.000Z,4.9817,1.2015,124.3162,9.78,4.557,2,normal
2026-03-30T00:46:41.000Z,4.989,1.2088,124.4872,9.2,4.532,2,normal
2026-03-30T00:46:42.000Z,4.9841,1.1941,124.2308,8.47,4.543,2,normal
2026-03-30T00:46:43.000Z,4.9768,1.1905,124.4444,10.09,4.497,2,normal
2026-03-30T00:46:44.000Z,4.9841,1.1941,124.4872,8.29,4.497,2,normal
2026-03-30T00:46:45.000Z,4.9719,1.2051,124.1453,9.72,4.513,2,normal
2026-03-30T00:46:46.000Z,4.9866,1.2015,124.1453,8.58,4.529,2,normal
2026-03-30T00:46:47.000Z,4.9719,1.1978,124.2735,9.47,4.469,2,normal
2026-03-30T00:46:48.000Z,4.9841,1.2015,124.2735,8.56,4.556,2,normal
2026-03-30T00:46:49.000Z,4.967,1.1978,124.7863,9.42,4.47,2,normal
2026-03-30T00:46:50.000Z,4.9695,1.1978,124.3162,11.42,4.422,2,normal
2026-03-30T00:46:51.000Z,4.9963,1.1978,124.5299,10.78,4.501,2,normal
2026-03-30T00:46:52.000Z,4.9817,1.1941,124.8291,10.32,4.488,2,normal
2026-03-30T00:46:53.000Z,4.9719,1.1978,124.7436,12.02,4.507,2,normal
2026-03-30T00:46:54.000Z,4.9817,1.2088,124.3162,9.23,4.518,2,normal
2026-03-30T00:46:55.000Z,4.989,1.2125,124.4017,10.94,4.45,2,normal
2026-03-30T00:46:56.000Z,4.9695,1.2015,124.4017,10.41,4.575,2,normal
2026-03-30T00:46:57.000Z,4.9719,1.1978,124.359,9.62,4.526,2,normal
2026-03-30T00:46:58.000Z,4.9841,1.2015,124.6581,9.84,4.439,2,normal
2026-03-30T00:46:59.000Z,4.9695,1.1941,124.4872,8.44,4.484,2,normal
2026-03-30T00:47:00.000Z,4.9719,1.2015,124.5299,10.33,4.567,2,normal
2026-03-30T00:47:01.000Z,4.9866,1.1978,124.4017,9.72,4.573,2,normal
2026-03-30T00:47:02.000Z,4.9621,1.2015,124.6581,9.93,4.544,2,normal
2026-03-30T00:47:03.000Z,4.9524,1.2015,124.5726,9.77,4.491,2,normal
2026-03-30T00:47:04.000Z,4.989,1.2015,124.6581,8.65,4.437,2,normal
2026-03-30T00:47:05.000Z,4.9695,1.2088,124.4017,10.86,4.473,2,normal
2026-03-30T00:47:06.000Z,4.9792,1.2051,124.4017,9.22,4.562,2,normal
2026-03-30T00:47:07.000Z,4.9573,1.2015,124.188,6.24,4.442,2,normal
2026-03-30T00:47:08.000Z,4.9866,1.1978,124.359,9.14,4.574,2,normal
2026-03-30T00:47:09.000Z,4.967,1.1978,124.4872,10.83,4.539,2,normal
2026-03-30T00:47:10.000Z,4.9841,1.2015,124.6154,9.17,4.448,2,normal
2026-03-30T00:47:11.000Z,4.9621,1.1978,124.3162,9.4,4.575,2,normal
2026-03-30T00:47:12.000Z,4.9915,1.2051,124.4872,9.17,4.54,2,normal
2026-03-30T00:47:13.000Z,4.9841,1.2015,124.3162,10.15,4.488,2,normal
2026-03-30T00:47:14.000Z,4.9768,1.2125,124.6154,9.7,4.522,2,normal
2026-03-30T00:47:15.000Z,4.9866,1.2088,124.2308,9.37,4.428,2,normal
2026-03-30T00:47:16.000Z,4.9646,1.1978,124.5726,9.68,4.44,2,normal
2026-03-30T00:47:17.000Z,4.9768,1.1978,123.9744,8.71,4.513,2,normal
2026-03-30T00:47:18.000Z,4.9792,1.1978,124.7436,10.84,4.551,2,normal
2026-03-30T00:47:19.000Z,4.9939,1.2051,124.4017,10.18,4.57,2,normal
2026-03-30T00:47:20.000Z,4.9817,1.1978,124.5299,10.34,4.472,2,normal
2026-03-30T00:47:21.000Z,4.9792,1.1978,124.4017,9.76,4.466,2,normal
2026-03-30T00:47:22.000Z,4.9792,1.2051,124.4444,9.74,4.53,2,normal
2026-03-30T00:47:23.000Z,4.9597,1.1905,124.7009,8.57,4.478,2,normal
2026-03-30T00:47:24.000Z,4.9792,1.1941,124.5726,11.97,4.447,2,normal
2026-03-30T00:47:25.000Z,4.9939,1.2015,124.5299,10.8,4.551,2,normal
2026-03-30T00:47:26.000Z,4.9719,1.2051,124.2735,8.19,4.503,2,normal
2026-03-30T00:47:27.000Z,4.9695,1.1978,124.2735,11.21,4.463,2,normal
2026-03-30T00:47:28.000Z,4.9646,1.2088,124.6581,10.57,4.486,2,normal
2026-03-30T00:47:29.000Z,4.9695,1.2015,124.4017,9.99,4.569,2,normal
2026-03-30T00:47:30.000Z,4.9744,1.1941,124.4017,10.04,4.474,2,normal
2026-03-30T00:47:31.000Z,4.9744,1.1941,124.359,9.04,4.543,2,normal
2026-03-30T00:47:32.000Z,4.9792,1.1941,124.5299,8.68,4.556,2,normal
2026-03-30T00:47:33.000Z,4.9744,1.2015,124.4444,11.63,4.444,2,normal
2026-03-30T00:47:34.000Z,4.9719,1.1832,124.7436,9.72,4.42,2,normal
2026-03-30T00:47:35.000Z,4.9744,1.2015,124.359,7.93,4.446,2,normal
2026-03-30T00:47:36.000Z,4.9744,1.2015,124.4017,11.5,4.447,2,normal
2026-03-30T00:47:37.000Z,4.9744,1.1941,124.3162,10.7,4.562,2,normal
2026-03-30T00:47:38.000Z,4.9841,1.2015,124.4444,9.39,4.484,2,normal
2026-03-30T00:47:39.000Z,4.967,1.2051,124.359,9.68,4.447,2,normal
2026-03-30T00:47:40.000Z,4.9817,1.2015,124.4444,11.37,4.436,2,normal
2026-03-30T00:47:41.000Z,4.9719,1.2161,124.4444,10.88,4.536,2,normal
2026-03-30T00:47:42.000Z,4.9621,1.2015,124.4444,10.46,4.571,2,normal
2026-03-30T00:47:43.000Z,4.9695,1.1978,124.2735,7.7,4.418,2,normal
2026-03-30T00:47:44.000Z,4.9792,1.2051,124.5299,11.34,4.543,2,normal
2026-03-30T00:47:45.000Z,4.9695,1.1941,124.5726,10.79,4.527,2,normal
2026-03-30T00:47:46.000Z,4.9792,1.1978,124.359,9.25,4.472,2,normal
2026-03-30T00:47:47.000Z,4.9621,1.1978,124.6581,8.78,4.571,2,normal
2026-03-30T00:47:48.000Z,4.9792,1.1978,124.359,10.11,4.541,2,normal
2026-03-30T00:47:49.000Z,4.9621,1.1978,124.5726,9.77,4.436,2,normal
2026-03-30T00:47:50.000Z,4.9841,1.2015,124.4444,11.63,4.492,2,normal
2026-03-30T00:47:51.000Z,4.9719,1.1941,124.4872,10.15,4.453,2,normal
2026-03-30T00:47:52.000Z,4.9939,1.2051,124.5726,7.39,4.46,2,normal
2026-03-30T00:47:53.000Z,4.9768,1.2051,124.3162,11.32,4.519,2,normal
2026-03-30T00:47:54.000Z,4.9963,1.1941,124.1453,9.26,4.436,2,normal
2026-03-30T00:47:55.000Z,4.9866,1.1978,124.4444,10.38,4.554,2,normal
2026-03-30T00:47:56.000Z,4.9744,1.1978,124.359,10.08,4.569,2,normal
2026-03-30T00:47:57.000Z,4.989,1.1978,124.7009,10.79,4.571,2,normal
2026-03-30T00:47:58.000Z,4.967,1.1905,124.7436,8.76,4.567,2,normal
2026-03-30T00:47:59.000Z,4.9573,1.2125,124.188,9.86,4.468,2,normal
2026-03-30T00:48:00.000Z,4.9646,1.1978,124.4017,9.82,4.448,2,normal
2026-03-30T00:48:01.000Z,4.9817,1.2015,124.5726,9.02,4.546,2,normal
2026-03-30T00:48:02.000Z,4.9695,1.1941,124.2735,7.26,4.506,2,normal
2026-03-30T00:48:03.000Z,4.9841,1.1905,124.359,8.13,4.468,2,normal
2026-03-30T00:48:04.000Z,4.9695,1.2015,124.5726,8.48,4.497,2,normal
2026-03-30T00:48:05.000Z,4.9817,1.1978,124.2735,9.32,4.558,2,normal
2026-03-30T00:48:06.000Z,4.9963,1.2015,124.4872,11.01,4.575,2,normal
2026-03-30T00:48:07.000Z,4.9817,1.2051,124.6581,9.73,4.44,2,normal
2026-03-30T00:48:08.000Z,4.9695,1.2015,124.4444,10.37,4.564,2,normal
2026-03-30T00:48:09.000Z,4.9915,1.1941,124.0598,7.88,4.556,2,normal
2026-03-30T00:48:10.000Z,4.989,1.1978,124.7436,9.61,4.459,2,normal
2026-03-30T00:48:11.000Z,4.967,1.2015,124.2735,9.49,4.492,2,normal
2026-03-30T00:48:12.000Z,4.9817,1.2015,124.4444,8.01,4.565,2,normal
2026-03-30T00:48:13.000Z,4.9792,1.2015,124.0171,7.45,4.429,2,normal
2026-03-30T00:48:14.000Z,4.9768,1.1978,124.359,9.83,4.527,2,normal
2026-03-30T00:48:15.000Z,4.9695,1.1978,124.7009,9.69,4.537,2,normal
2026-03-30T00:48:16.000Z,4.9744,1.1978,124.6581,9.26,4.55,2,normal
2026-03-30T00:48:17.000Z,4.9792,1.2051,124.4872,11.82,4.449,2,normal
2026-03-30T00:48:18.000Z,4.9792,1.1941,124.4444,10.36,4.422,2,normal
2026-03-30T00:48:19.000Z,4.9597,1.1941,124.4444,11.3,4.539,2,normal
2026-03-30T00:48:20.000Z,4.967,1.1941,124.5299,7.87,4.443,2,normal
2026-03-30T00:48:21.000Z,4.9792,1.2015,124.4017,10.01,4.551,2,normal
2026-03-30T00:48:22.000Z,4.9792,1.2015,124.4017,10.22,4.483,2,normal
2026-03-30T00:48:23.000Z,4.9817,1.2051,124.2735,11.39,4.529,2,normal
2026-03-30T00:48:24.000Z,4.967,1.2051,124.6154,9.01,4.572,2,normal
2026-03-30T00:48:25.000Z,4.9719,1.1905,124.359,10.47,4.511,2,normal
2026-03-30T00:48:26.000Z,4.9695,1.1978,124.4017,10.07,4.551,2,normal
2026-03-30T00:48:27.000Z,4.9792,1.1905,124.359,8.21,4.544,2,normal
2026-03-30T00:48:28.000Z,4.9695,1.1978,124.5299,11.78,4.492,2,normal
2026-03-30T00:48:29.000Z,4.9841,1.2015,124.6154,9.33,4.426,2,normal
2026-03-30T00:48:30.000Z,4.9646,1.2051,124.4444,8.71,4.48,2,normal
2026-03-30T00:48:31.000Z,4.9621,1.2015,124.3162,9.48,4.445,2,normal
2026-03-30T00:48:32.000Z,4.9646,1.1978,124.6581,10.28,4.556,2,normal
2026-03-30T00:48:33.000Z,4.9744,1.1978,124.4017,9.73,4.501,2,normal
2026-03-30T00:48:34.000Z,4.9792,1.1905,124.5726,9.24,4.425,2,normal
2026-03-30T00:48:35.000Z,4.9768,1.2051,124.188,11.36,4.526,2,normal
2026-03-30T00:48:36.000Z,4.9792,1.1941,124.5299,10.31,4.519,2,normal
2026-03-30T00:48:37.000Z,4.9841,1.1905,124.7009,10.35,4.577,2,normal
2026-03-30T00:48:38.000Z,4.9792,1.2015,124.4444,9.88,4.523,2,normal
2026-03-30T00:48:39.000Z,4.9792,1.2051,124.7436,10.13,4.54,2,normal
2026-03-30T00:48:40.000Z,4.9646,1.2015,124.5299,10.25,4.571,2,normal
2026-03-30T00:48:41.000Z,4.9866,1.1941,124.7009,9.66,4.544,2,normal
2026-03-30T00:48:42.000Z,4.9621,1.1978,124.4444,6.49,4.468,2,normal
2026-03-30T00:48:43.000Z,4.9597,1.1941,124.359,9.82,4.464,2,normal
2026-03-30T00:48:44.000Z,4.9866,1.2051,124.5726,11.26,4.504,2,normal
2026-03-30T00:48:45.000Z,4.989,1.2015,124.4444,9.21,4.548,2,normal
2026-03-30T00:48:46.000Z,4.989,1.2051,124.4017,10.15,4.422,2,normal
2026-03-30T00:48:47.000Z,4.9768,1.1978,124.4444,9.81,4.459,2,normal
2026-03-30T00:48:48.000Z,4.9841,1.1978,124.4872,10.79,4.499,2,normal
2026-03-30T00:48:49.000Z,4.9744,1.1941,124.3162,9.5,4.44,2,normal
2026-03-30T00:48:50.000Z,4.9841,1.1978,124.4444,11.38,4.475,2,normal
2026-03-30T00:48:51.000Z,4.9597,1.1978,124.5726,10.13,4.533,2,normal
2026-03-30T00:48:52.000Z,4.9744,1.2015,124.4444,11.0,4.554,2,normal
2026-03-30T00:48:53.000Z,4.9719,1.1978,124.2735,9.61,4.515,2,normal
2026-03-30T00:48:54.000Z,4.9573,1.2015,124.2308,9.47,4.426,2,normal
2026-03-30T00:48:55.000Z,4.9792,1.2015,124.4444,10.66,4.55,2,normal
2026-03-30T00:48:56.000Z,4.9841,1.1978,124.6154,9.88,4.518,2,normal
2026-03-30T00:48:57.000Z,4.9963,1.2051,124.4444,12.38,4.495,2,normal
2026-03-30T00:48:58.000Z,4.9719,1.1941,124.6154,11.26,4.503,2,normal
2026-03-30T00:48:59.000Z,4.9792,1.2015,124.5726,10.24,4.529,2,normal
2026-03-30T00:49:00.000Z,4.9695,1.2015,124.359,11.16,4.524,2,normal
2026-03-30T00:49:01.000Z,4.967,1.2015,124.4444,10.58,4.484,2,normal
2026-03-30T00:49:02.000Z,4.967,1.1978,124.4444,8.47,4.451,2,normal
2026-03-30T00:49:03.000Z,4.9915,1.2088,124.359,10.99,4.547,2,normal
2026-03-30T00:49:04.000Z,5.0037,1.1941,124.359,10.53,4.535,2,normal
2026-03-30T00:49:05.000Z,4.9548,1.2051,124.4872,10.18,4.455,2,normal
2026-03-30T00:49:06.000Z,4.967,1.1978,124.4017,8.97,4.57,2,normal
2026-03-30T00:49:07.000Z,4.9744,1.2051,124.4872,10.44,4.483,2,normal
2026-03-30T00:49:08.000Z,4.9841,1.1905,124.4444,8.89,4.497,2,normal
2026-03-30T00:49:09.000Z,4.967,1.1978,124.7009,8.83,4.508,2,normal
2026-03-30T00:49:10.000Z,4.9768,1.2051,124.359,9.72,4.572,2,normal
2026-03-30T00:49:11.000Z,4.9792,1.2051,124.188,10.46,4.421,2,normal
2026-03-30T00:49:12.000Z,4.9719,1.2015,124.4444,9.18,4.564,2,normal
2026-03-30T00:49:13.000Z,4.9915,1.1941,124.5299,11.59,4.458,2,normal
2026-03-30T00:49:14.000Z,4.9915,1.1978,124.359,10.34,4.438,2,normal
2026-03-30T00:49:15.000Z,4.9792,1.1941,124.5299,9.06,4.533,2,normal
2026-03-30T00:49:16.000Z,4.9646,1.1978,124.5299,9.41,4.513,2,normal
2026-03-30T00:49:17.000Z,4.9719,1.2015,124.4017,11.0,4.468,2,normal
2026-03-30T00:49:18.000Z,4.9963,1.2051,124.5299,8.42,4.569,2,normal
2026-03-30T00:49:19.000Z,4.9695,1.1905,124.6581,9.85,4.471,2,normal
2026-03-30T00:49:20.000Z,4.9841,1.1941,124.359,9.83,4.504,2,normal
2026-03-30T00:49:21.000Z,4.9597,1.2015,124.6581,9.96,4.551,2,normal
2026-03-30T00:49:22.000Z,4.9768,1.2051,124.4872,11.11,4.435,2,normal
2026-03-30T00:49:23.000Z,4.9866,1.2015,124.6154,9.51,4.478,2,normal
2026-03-30T00:49:24.000Z,4.9792,1.1978,124.2308,10.74,4.572,2,normal
2026-03-30T00:49:25.000Z,4.9866,1.1978,124.6581,9.96,4.517,2,normal
2026-03-30T00:49:26.000Z,4.9841,1.2015,124.4872,9.28,4.426,2,normal
2026-03-30T00:49:27.000Z,4.9792,1.2051,124.4444,10.84,4.54,2,normal
2026-03-30T00:49:28.000Z,4.989,1.2015,124.4444,11.0,4.492,2,normal
2026-03-30T00:49:29.000Z,4.9646,1.1978,124.5726,8.72,4.446,2,normal
2026-03-30T00:49:30.000Z,4.9524,1.1941,124.4017,9.0,4.429,2,normal
2026-03-30T00:49:31.000Z,4.9792,1.1978,124.3162,10.08,4.565,2,normal
2026-03-30T00:49:32.000Z,4.9573,1.1978,124.359,11.18,4.482,2,normal
2026-03-30T00:49:33.000Z,4.9573,1.1941,124.4444,8.4,4.472,2,normal
2026-03-30T00:49:34.000Z,4.9768,1.1905,124.3162,10.63,4.423,2,normal
2026-03-30T00:49:35.000Z,4.9719,1.2051,124.4444,11.31,4.42,2,normal
2026-03-30T00:49:36.000Z,4.9768,1.2051,124.5726,9.81,4.45,2,normal
2026-03-30T00:49:37.000Z,4.989,1.2088,124.2308,11.03,4.419,2,normal
2026-03-30T00:49:38.000Z,4.9841,1.1941,124.5726,11.61,4.433,2,normal
2026-03-30T00:49:39.000Z,4.9817,1.2015,124.5299,9.23,4.548,2,normal
2026-03-30T00:49:40.000Z,4.9768,1.1941,124.359,9.26,4.552,2,normal
2026-03-30T00:49:41.000Z,4.9817,1.2051,124.3162,8.91,4.573,2,normal
2026-03-30T00:49:42.000Z,4.9695,1.2015,124.5299,9.75,4.466,2,normal
2026-03-30T00:49:43.000Z,4.9695,1.2088,124.2308,9.62,4.47,2,normal
2026-03-30T00:49:44.000Z,4.9963,1.2051,124.4872,8.89,4.501,2,normal
2026-03-30T00:49:45.000Z,4.9792,1.1941,124.359,8.58,4.436,2,normal
2026-03-30T00:49:46.000Z,4.9817,1.1978,124.5726,9.69,4.549,2,normal
2026-03-30T00:49:47.000Z,4.9744,1.1978,123.9744,9.54,4.459,2,normal
2026-03-30T00:49:48.000Z,4.9646,1.1978,124.1453,8.55,4.456,2,normal
2026-03-30T00:49:49.000Z,4.967,1.1941,124.5299,9.02,4.569,2,normal
2026-03-30T00:49:50.000Z,4.9817,1.2015,124.2735,7.65,4.52,2,normal
2026-03-30T00:49:51.000Z,4.9646,1.2015,124.5726,7.99,4.526,2,normal
2026-03-30T00:49:52.000Z,4.9573,1.2051,124.4872,10.62,4.441,2,normal
2026-03-30T00:49:53.000Z,4.9621,1.1941,124.4872,8.74,4.441,2,normal
2026-03-30T00:49:54.000Z,4.9719,1.2015,124.359,7.46,4.507,2,normal
2026-03-30T00:49:55.000Z,4.9573,1.2088,124.5299,9.18,4.436,2,normal
2026-03-30T00:49:56.000Z,4.9597,1.2015,124.6154,11.88,4.543,2,normal
2026-03-30T00:49:57.000Z,4.9817,1.2015,124.2735,9.72,4.515,2,normal
2026-03-30T00:49:58.000Z,4.9768,1.2051,124.6581,11.27,4.492,2,normal
2026-03-30T00:49:59.000Z,4.9866,1.1978,124.188,9.24,4.449,2,normal
2026-03-30T00:50:00.000Z,4.9646,1.2015,124.0171,11.31,4.466,2,normal
2026-03-30T00:50:01.000Z,4.9573,1.1941,124.3162,7.84,4.5,2,normal
2026-03-30T00:50:02.000Z,4.9646,1.2088,124.359,10.07,4.462,2,normal
2026-03-30T00:50:03.000Z,4.9768,1.1941,124.6154,10.84,4.575,2,normal
2026-03-30T00:50:04.000Z,4.9695,1.1978,124.6154,10.02,4.547,2,normal
2026-03-30T00:50:05.000Z,4.967,1.2015,124.4872,8.43,4.441,2,normal
2026-03-30T00:50:06.000Z,4.9719,1.1941,124.4444,9.39,4.472,2,normal
2026-03-30T00:50:07.000Z,4.9597,1.2015,124.2308,11.25,4.545,2,normal
2026-03-30T00:50:08.000Z,4.9866,1.2051,124.7009,8.6,4.547,2,normal
2026-03-30T00:50:09.000Z,4.9841,1.2015,124.4017,9.58,4.551,2,normal
2026-03-30T00:50:10.000Z,4.967,1.2015,124.4872,11.1,4.541,2,normal
2026-03-30T00:50:11.000Z,4.9695,1.2088,124.5299,8.54,4.551,2,normal
2026-03-30T00:50:12.000Z,4.9915,1.2051,124.6154,9.91,4.5,2,normal
2026-03-30T00:50:13.000Z,4.9621,1.1868,124.188,12.45,4.434,2,normal
2026-03-30T00:50:14.000Z,4.9744,1.2015,124.6154,10.36,4.449,2,normal
2026-03-30T00:50:15.000Z,4.9646,1.2015,124.2735,9.58,4.567,2,normal
2026-03-30T00:50:16.000Z,4.9792,1.1978,124.4444,9.48,4.517,2,normal
2026-03-30T00:50:17.000Z,4.9841,1.2051,124.7009,10.32,4.447,2,normal
2026-03-30T00:50:18.000Z,4.9719,1.1941,124.4017,9.23,4.482,2,normal
2026-03-30T00:50:19.000Z,4.989,1.2015,124.6154,10.82,4.42,2,normal
2026-03-30T00:50:20.000Z,4.9768,1.1978,124.3162,10.5,4.53,2,normal
2026-03-30T00:50:21.000Z,4.9768,1.1905,124.4017,11.16,4.524,2,normal
2026-03-30T00:50:22.000Z,4.9719,1.1978,124.359,9.67,4.556,2,normal
2026-03-30T00:50:23.000Z,4.9573,1.2088,124.4017,8.64,4.574,2,normal
2026-03-30T00:50:24.000Z,4.967,1.2088,124.1453,10.6,4.418,2,normal
2026-03-30T00:50:25.000Z,4.9695,1.1978,124.6581,12.95,4.451,2,normal
2026-03-30T00:50:26.000Z,4.9768,1.2088,124.4017,11.82,4.474,2,normal
2026-03-30T00:50:27.000Z,4.9744,1.2051,124.5726,9.3,4.493,2,normal
2026-03-30T00:50:28.000Z,4.9719,1.2051,124.6154,13.58,4.564,2,normal
2026-03-30T00:50:29.000Z,4.9719,1.2015,124.4444,10.82,4.452,2,normal
2026-03-30T00:50:30.000Z,4.9841,1.2051,124.2308,9.68,4.489,2,normal
2026-03-30T00:50:31.000Z,4.967,1.1978,124.0598,10.29,4.486,2,normal
2026-03-30T00:50:32.000Z,4.967,1.1978,124.6154,11.35,4.535,2,normal
2026-03-30T00:50:33.000Z,4.9866,1.2088,124.5726,10.57,4.464,2,normal
2026-03-30T00:50:34.000Z,4.9817,1.1941,124.7436,10.33,4.427,2,normal
2026-03-30T00:50:35.000Z,4.9817,1.2015,124.2308,8.8,4.5,2,normal
2026-03-30T00:50:36.000Z,4.967,1.1978,124.7436,8.58,4.502,2,normal
2026-03-30T00:50:37.000Z,4.9744,1.2015,124.5299,8.46,4.558,2,normal
2026-03-30T00:50:38.000Z,4.967,1.2015,124.6154,9.43,4.45,2,normal
2026-03-30T00:50:39.000Z,4.9719,1.2015,124.0598,11.04,4.531,2,normal
2026-03-30T00:50:40.000Z,4.9768,1.1978,124.2308,9.29,4.483,2,normal
2026-03-30T00:50:41.000Z,4.9573,1.1905,124.6154,9.33,4.555,2,normal
2026-03-30T00:50:42.000Z,4.989,1.1978,124.5726,10.15,4.454,2,normal
2026-03-30T00:50:43.000Z,4.9499,1.2088,124.4872,10.16,4.513,2,normal
2026-03-30T00:50:44.000Z,4.9646,1.1941,124.4444,6.5,4.49,2,normal
2026-03-30T00:50:45.000Z,4.967,1.2015,124.4017,9.53,4.482,2,normal
2026-03-30T00:50:46.000Z,4.9695,1.2015,124.4872,8.81,4.418,2,normal
2026-03-30T00:50:47.000Z,4.9744,1.2015,124.4017,9.24,4.517,2,normal
2026-03-30T00:50:48.000Z,4.9817,1.2051,124.4444,9.78,4.522,2,normal
2026-03-30T00:50:49.000Z,4.9768,1.2125,124.6154,9.71,4.528,2,normal
2026-03-30T00:50:50.000Z,4.9792,1.2051,124.4017,10.59,4.566,2,normal
2026-03-30T00:50:51.000Z,4.9817,1.1978,124.6581,10.94,4.491,2,normal
2026-03-30T00:50:52.000Z,4.9744,1.1905,124.4444,8.79,4.46,2,normal
2026-03-30T00:50:53.000Z,4.9817,1.1978,124.2735,11.22,4.418,2,normal
2026-03-30T00:50:54.000Z,4.9939,1.2051,124.6581,10.16,4.423,2,normal
2026-03-30T00:50:55.000Z,4.967,1.1978,124.2735,8.59,4.572,2,normal
2026-03-30T00:50:56.000Z,4.967,1.1941,124.2735,9.77,4.437,2,normal
2026-03-30T00:50:57.000Z,4.9695,1.1978,124.5726,8.52,4.519,2,normal
2026-03-30T00:50:58.000Z,4.9695,1.1941,124.4017,10.28,4.49,2,normal
2026-03-30T00:50:59.000Z,4.9548,1.1978,124.5726,8.72,4.476,2,normal
2026-03-30T00:51:00.000Z,4.9963,1.1941,124.6154,10.57,4.448,2,normal
2026-03-30T00:51:01.000Z,4.9621,1.2051,124.4872,10.13,4.462,2,normal
2026-03-30T00:51:02.000Z,4.9499,1.2051,124.5299,10.51,4.574,2,normal
2026-03-30T00:51:03.000Z,4.9768,1.1978,124.2735,10.25,4.515,2,normal
2026-03-30T00:51:04.000Z,4.9695,1.1978,124.6154,9.25,4.552,2,normal
2026-03-30T00:51:05.000Z,4.989,1.1905,124.4017,9.92,4.542,2,normal
2026-03-30T00:51:06.000Z,4.9719,1.2051,124.2308,9.81,4.524,2,normal
2026-03-30T00:51:07.000Z,4.967,1.1941,124.4872,7.63,4.524,2,normal
2026-03-30T00:51:08.000Z,4.9646,1.1941,124.6154,11.08,4.472,2,normal
2026-03-30T00:51:09.000Z,4.9768,1.1978,124.4444,9.24,4.561,2,normal
2026-03-30T00:51:10.000Z,4.9915,1.2015,124.5726,9.17,4.446,2,normal
2026-03-30T00:51:11.000Z,4.9744,1.1978,124.3162,10.22,4.548,2,normal
2026-03-30T00:51:12.000Z,4.9719,1.1978,124.4017,12.68,4.526,2,normal
2026-03-30T00:51:13.000Z,4.9573,1.2015,124.4444,7.76,4.453,2,normal
2026-03-30T00:51:14.000Z,4.9719,1.2051,124.6581,9.04,4.435,2,normal
2026-03-30T00:51:15.000Z,4.9792,1.1941,124.359,7.49,4.446,2,normal
2026-03-30T00:51:16.000Z,4.9597,1.2015,124.4872,9.57,4.569,2,normal
2026-03-30T00:51:17.000Z,4.9939,1.2051,124.1453,12.24,4.449,2,normal
2026-03-30T00:51:18.000Z,4.967,1.1941,124.4017,8.75,4.433,2,normal
2026-03-30T00:51:19.000Z,4.9573,1.2051,124.7009,11.05,4.479,2,normal
2026-03-30T00:51:20.000Z,4.9792,1.1868,124.7009,9.58,4.571,2,normal
2026-03-30T00:51:21.000Z,4.9744,1.1978,124.4444,11.06,4.526,2,normal
2026-03-30T00:51:22.000Z,4.9695,1.2015,124.5299,11.4,4.437,2,normal
2026-03-30T00:51:23.000Z,4.9646,1.1905,124.4017,8.63,4.435,2,normal
2026-03-30T00:51:24.000Z,4.9768,1.2051,124.3162,10.23,4.528,2,normal
2026-03-30T00:51:25.000Z,4.9719,1.2088,124.359,10.35,4.45,2,normal
2026-03-30T00:51:26.000Z,4.9841,1.1941,124.4017,10.14,4.468,2,normal
2026-03-30T00:51:27.000Z,4.9866,1.1941,124.6581,11.7,4.549,2,normal
2026-03-30T00:51:28.000Z,4.9792,1.1941,124.188,9.67,4.483,2,normal
2026-03-30T00:51:29.000Z,4.9744,1.2015,124.4872,9.65,4.553,2,normal
2026-03-30T00:51:30.000Z,4.9621,1.2088,124.4017,11.63,4.544,2,normal
2026-03-30T00:51:31.000Z,4.9792,1.1941,124.6154,10.33,4.57,2,normal
2026-03-30T00:51:32.000Z,4.9841,1.1978,124.6154,9.97,4.535,2,normal
2026-03-30T00:51:33.000Z,4.9841,1.1978,124.5726,10.49,4.553,2,normal
2026-03-30T00:51:34.000Z,4.9719,1.1978,124.188,10.36,4.437,2,normal
2026-03-30T00:51:35.000Z,4.9915,1.2015,124.3162,8.7,4.424,2,normal
2026-03-30T00:51:36.000Z,4.9915,1.1905,124.359,9.76,4.487,2,normal
2026-03-30T00:51:37.000Z,4.9792,1.2015,124.359,11.0,4.47,2,normal
2026-03-30T00:51:38.000Z,4.989,1.1978,124.359,8.58,4.47,2,normal
2026-03-30T00:51:39.000Z,4.9621,1.2015,124.1453,8.82,4.529,2,normal
2026-03-30T00:51:40.000Z,4.9719,1.2088,124.4017,11.95,4.562,2,normal
2026-03-30T00:51:41.000Z,4.9719,1.1941,124.7436,10.39,4.441,2,normal
2026-03-30T00:51:42.000Z,4.9597,1.2088,124.6581,10.46,4.479,2,normal
2026-03-30T00:51:43.000Z,4.9915,1.2015,124.4872,12.75,4.437,2,normal
2026-03-30T00:51:44.000Z,4.9621,1.2051,124.7009,8.1,4.558,2,normal
2026-03-30T00:51:45.000Z,4.9768,1.1978,124.4872,10.13,4.45,2,normal
2026-03-30T00:51:46.000Z,4.967,1.2015,124.359,10.32,4.465,2,normal
2026-03-30T00:51:47.000Z,4.967,1.1941,124.5726,10.92,4.577,2,normal
2026-03-30T00:51:48.000Z,4.9768,1.2088,124.2735,6.98,4.451,2,normal
2026-03-30T00:51:49.000Z,4.9817,1.1868,124.2735,10.83,4.518,2,normal
2026-03-30T00:51:50.000Z,4.9768,1.1941,124.4872,10.9,4.535,2,normal
2026-03-30T00:51:51.000Z,4.9841,1.2015,124.5299,12.69,4.501,2,normal
2026-03-30T00:51:52.000Z,4.9695,1.1905,124.4872,9.3,4.535,2,normal
2026-03-30T00:51:53.000Z,4.9792,1.2015,124.4872,10.48,4.552,2,normal
2026-03-30T00:51:54.000Z,4.9768,1.2051,124.6154,10.52,4.419,2,normal
2026-03-30T00:51:55.000Z,4.9792,1.1978,124.5726,10.57,4.532,2,normal
2026-03-30T00:51:56.000Z,4.9768,1.2015,124.4444,10.98,4.5,2,normal
2026-03-30T00:51:57.000Z,4.9817,1.2015,124.6154,7.5,4.495,2,normal
2026-03-30T00:51:58.000Z,4.9915,1.1941,124.359,11.06,4.493,2,normal
2026-03-30T00:51:59.000Z,4.989,1.2051,124.2308,9.44,4.513,2,normal
2026-03-30T00:52:00.000Z,4.9744,1.1978,124.188,8.69,4.559,2,normal
2026-03-30T00:52:01.000Z,4.9695,1.1941,124.2308,10.72,4.444,2,normal
2026-03-30T00:52:02.000Z,4.9768,1.1978,124.4017,9.93,4.526,2,normal
2026-03-30T00:52:03.000Z,4.9939,1.1978,124.5299,7.28,4.521,2,normal
2026-03-30T00:52:04.000Z,4.9719,1.2051,124.8291,9.5,4.448,2,normal
2026-03-30T00:52:05.000Z,4.9695,1.1941,124.2735,8.57,4.557,2,normal
2026-03-30T00:52:06.000Z,4.9719,1.2015,124.7009,8.32,4.513,2,normal
2026-03-30T00:52:07.000Z,4.9695,1.1941,124.4017,9.59,4.443,2,normal
2026-03-30T00:52:08.000Z,4.9621,1.1978,124.3162,11.34,4.56,2,normal
2026-03-30T00:52:09.000Z,4.989,1.1978,124.5299,11.0,4.495,2,normal
2026-03-30T00:52:10.000Z,4.9621,1.2015,124.3162,9.28,4.546,2,normal
2026-03-30T00:52:11.000Z,4.9988,1.1941,124.359,9.45,4.456,2,normal
2026-03-30T00:52:12.000Z,4.9597,1.1941,124.5726,8.7,4.447,2,normal
2026-03-30T00:52:13.000Z,4.9817,1.2015,124.188,8.85,4.444,2,normal
2026-03-30T00:52:14.000Z,4.9792,1.2015,124.4872,10.17,4.561,2,normal
2026-03-30T00:52:15.000Z,4.9792,1.1978,124.2735,9.83,4.494,2,normal
2026-03-30T00:52:16.000Z,4.9695,1.1941,124.5726,9.19,4.565,2,normal
2026-03-30T00:52:17.000Z,4.9817,1.2015,124.4872,8.09,4.433,2,normal
2026-03-30T00:52:18.000Z,4.967,1.2015,124.4872,7.65,4.505,2,normal
2026-03-30T00:52:19.000Z,4.9939,1.1978,124.6154,11.36,4.514,2,normal
2026-03-30T00:52:20.000Z,4.9695,1.1941,124.7436,9.78,4.511,2,normal
2026-03-30T00:52:21.000Z,4.9817,1.1978,124.4017,8.06,4.476,2,normal
2026-03-30T00:52:22.000Z,4.9744,1.1978,124.359,8.96,4.426,2,normal
2026-03-30T00:52:23.000Z,4.9621,1.2088,124.6154,9.87,4.451,2,normal
2026-03-30T00:52:24.000Z,4.9841,1.2051,124.4444,9.09,4.547,2,normal
2026-03-30T00:52:25.000Z,4.9646,1.2015,124.5726,10.16,4.552,2,normal
2026-03-30T00:52:26.000Z,4.9817,1.1978,124.5299,7.45,4.556,2,normal
2026-03-30T00:52:27.000Z,4.9768,1.1905,124.5299,8.95,4.534,2,normal
2026-03-30T00:52:28.000Z,4.9719,1.2051,124.359,9.99,4.493,2,normal
2026-03-30T00:52:29.000Z,4.9621,1.2015,124.3162,11.31,4.448,2,normal
2026-03-30T00:52:30.000Z,4.9768,1.1941,124.6154,10.05,4.513,2,normal
2026-03-30T00:52:31.000Z,4.9915,1.2015,124.7863,10.23,4.443,2,normal
2026-03-30T00:52:32.000Z,4.9817,1.2051,124.5299,11.07,4.529,2,normal
2026-03-30T00:52:33.000Z,4.9792,1.1978,124.3162,9.51,4.513,2,normal
2026-03-30T00:52:34.000Z,4.9719,1.2015,124.4444,10.62,4.438,2,normal
2026-03-30T00:52:35.000Z,4.9817,1.1978,124.4872,8.64,4.532,2,normal
2026-03-30T00:52:36.000Z,4.9573,1.2015,124.2735,7.15,4.448,2,normal
2026-03-30T00:52:37.000Z,4.9646,1.2051,124.2735,10.16,4.485,2,normal
2026-03-30T00:52:38.000Z,4.9866,1.1978,124.359,8.77,4.556,2,normal
2026-03-30T00:52:39.000Z,4.9597,1.2051,124.5726,11.08,4.464,2,normal
2026-03-30T00:52:40.000Z,4.9817,1.2015,124.5726,8.2,4.518,2,normal
2026-03-30T00:52:41.000Z,4.9841,1.2051,124.5726,9.99,4.574,2,normal
2026-03-30T00:52:42.000Z,4.9817,1.2051,124.5299,11.48,4.512,2,normal
2026-03-30T00:52:43.000Z,4.967,1.2088,124.4017,9.48,4.551,2,normal
2026-03-30T00:52:44.000Z,4.9817,1.1941,124.7009,8.2,4.453,2,normal
2026-03-30T00:52:45.000Z,4.9646,1.2051,124.359,11.12,4.496,2,normal
2026-03-30T00:52:46.000Z,4.9768,1.2015,124.5299,9.77,4.461,2,normal
2026-03-30T00:52:47.000Z,4.9792,1.1978,124.359,10.81,4.465,2,normal
2026-03-30T00:52:48.000Z,4.9719,1.2125,124.5726,10.36,4.56,2,normal
2026-03-30T00:52:49.000Z,4.9744,1.2125,124.4872,9.71,4.485,2,normal
2026-03-30T00:52:50.000Z,4.9817,1.2015,124.4017,11.18,4.426,2,normal
2026-03-30T00:52:51.000Z,4.9744,1.1978,124.4444,6.95,4.486,2,normal
2026-03-30T00:52:52.000Z,4.9744,1.2015,124.4872,10.46,4.462,2,normal
2026-03-30T00:52:53.000Z,4.9597,1.1978,124.2735,10.57,4.554,2,normal
2026-03-30T00:52:54.000Z,4.9621,1.1978,124.5726,9.26,4.532,2,normal
2026-03-30T00:52:55.000Z,4.9841,1.2051,124.4444,10.98,4.562,2,normal
2026-03-30T00:52:56.000Z,4.9817,1.2051,124.3162,8.98,4.474,2,normal
2026-03-30T00:52:57.000Z,4.9695,1.2051,124.5726,10.39,4.526,2,normal
2026-03-30T00:52:58.000Z,4.9768,1.1978,124.6154,10.22,4.457,2,normal
2026-03-30T00:52:59.000Z,4.9768,1.2015,124.4017,9.1,4.486,2,normal
2026-03-30T00:53:00.000Z,4.9841,1.2015,124.6154,7.86,4.5,2,normal
2026-03-30T00:53:01.000Z,4.9768,1.2051,124.4872,8.79,4.506,2,normal
2026-03-30T00:53:02.000Z,4.9817,1.1978,124.5726,9.4,4.443,2,normal
2026-03-30T00:53:03.000Z,4.9744,1.1905,124.2735,9.6,4.523,2,normal
2026-03-30T00:53:04.000Z,4.9768,1.2088,124.4017,10.2,4.572,2,normal
2026-03-30T00:53:05.000Z,4.9646,1.2015,124.4017,10.17,4.489,2,normal
2026-03-30T00:53:06.000Z,4.9866,1.1978,124.4872,10.34,4.424,2,normal
2026-03-30T00:53:07.000Z,4.9695,1.1941,124.5726,9.72,4.466,2,normal
2026-03-30T00:53:08.000Z,4.9695,1.1978,124.4872,9.62,4.508,2,normal
2026-03-30T00:53:09.000Z,4.9866,1.1941,124.5299,9.69,4.485,2,normal
2026-03-30T00:53:10.000Z,4.9792,1.2015,124.359,9.95,4.417,2,normal
2026-03-30T00:53:11.000Z,4.989,1.2015,124.5299,9.33,4.481,2,normal
2026-03-30T00:53:12.000Z,4.9548,1.1941,124.6154,10.23,4.489,2,normal
2026-03-30T00:53:13.000Z,4.9866,1.2051,124.2308,10.53,4.498,2,normal
2026-03-30T00:53:14.000Z,4.9621,1.1978,124.5726,9.94,4.575,2,normal
2026-03-30T00:53:15.000Z,4.9817,1.1978,124.3162,10.78,4.51,2,normal
2026-03-30T00:53:16.000Z,4.9573,1.2051,124.4872,10.35,4.525,2,normal
2026-03-30T00:53:17.000Z,4.9817,1.2051,124.5299,10.09,4.511,2,normal
2026-03-30T00:53:18.000Z,4.9695,1.2051,124.1026,10.53,4.536,2,normal
2026-03-30T00:53:19.000Z,4.9646,1.1978,124.6154,9.99,4.459,2,normal
2026-03-30T00:53:20.000Z,4.9768,1.2015,124.5299,9.55,4.515,2,normal
2026-03-30T00:53:21.000Z,4.9768,1.1978,124.188,11.87,4.546,2,normal
2026-03-30T00:53:22.000Z,4.9719,1.1868,124.6154,7.75,4.521,2,normal
2026-03-30T00:53:23.000Z,4.9695,1.1941,124.4017,8.91,4.547,2,normal
2026-03-30T00:53:24.000Z,4.9841,1.1978,124.3162,10.97,4.476,2,normal
2026-03-30T00:53:25.000Z,4.9792,1.1978,124.5726,10.25,4.494,2,normal
2026-03-30T00:53:26.000Z,4.9841,1.2015,124.4444,10.76,4.446,2,normal
2026-03-30T00:53:27.000Z,4.9499,1.1978,124.4444,8.51,4.511,2,normal
2026-03-30T00:53:28.000Z,4.9597,1.1978,124.8718,10.03,4.535,2,normal
2026-03-30T00:53:29.000Z,4.9719,1.1868,124.5299,11.32,4.523,2,normal
2026-03-30T00:53:30.000Z,4.9768,1.1905,124.6154,9.7,4.505,2,normal
2026-03-30T00:53:31.000Z,4.9792,1.2015,124.4872,10.1,4.523,2,normal
2026-03-30T00:53:32.000Z,4.9792,1.1978,124.7436,9.57,4.568,2,normal
2026-03-30T00:53:33.000Z,4.967,1.2015,124.7863,9.14,4.529,2,normal
2026-03-30T00:53:34.000Z,4.9621,1.1905,124.4872,8.52,4.543,2,normal
2026-03-30T00:53:35.000Z,4.9768,1.2088,124.4017,11.88,4.57,2,normal
2026-03-30T00:53:36.000Z,4.9646,1.1905,124.4444,7.75,4.566,2,normal
2026-03-30T00:53:37.000Z,4.9744,1.2088,124.188,7.34,4.563,2,normal
2026-03-30T00:53:38.000Z,4.9719,1.2051,124.5726,11.37,4.49,2,normal
2026-03-30T00:53:39.000Z,4.9695,1.1868,124.5726,9.68,4.509,2,normal
2026-03-30T00:53:40.000Z,4.9792,1.1978,124.3162,9.9,4.443,2,normal
2026-03-30T00:53:41.000Z,4.9695,1.2051,124.5299,10.26,4.493,2,normal
2026-03-30T00:53:42.000Z,4.9866,1.2015,124.7009,8.98,4.432,2,normal
2026-03-30T00:53:43.000Z,4.9744,1.1978,124.4017,9.46,4.442,2,normal
2026-03-30T00:53:44.000Z,4.967,1.1905,124.6581,8.82,4.515,2,normal
2026-03-30T00:53:45.000Z,4.9866,1.2051,124.188,11.3,4.477,2,normal
2026-03-30T00:53:46.000Z,4.9719,1.2051,124.6581,8.53,4.427,2,normal
2026-03-30T00:53:47.000Z,4.9792,1.1978,124.6154,9.04,4.544,2,normal
2026-03-30T00:53:48.000Z,4.967,1.1978,124.4872,10.14,4.561,2,normal
2026-03-30T00:53:49.000Z,4.9719,1.1978,124.4017,12.23,4.527,2,normal
2026-03-30T00:53:50.000Z,4.9719,1.1978,124.359,10.22,4.565,2,normal
2026-03-30T00:53:51.000Z,4.967,1.1941,124.188,8.41,4.444,2,normal
2026-03-30T00:53:52.000Z,4.9597,1.2051,124.2735,9.02,4.461,2,normal
2026-03-30T00:53:53.000Z,4.9695,1.1978,124.359,10.74,4.514,2,normal
2026-03-30T00:53:54.000Z,4.9768,1.1978,124.6154,10.29,4.42,2,normal
2026-03-30T00:53:55.000Z,4.9744,1.2088,124.4017,12.38,4.473,2,normal
2026-03-30T00:53:56.000Z,4.9573,1.1941,124.4872,10.67,4.438,2,normal
2026-03-30T00:53:57.000Z,4.9768,1.2015,124.2735,9.03,4.501,2,normal
2026-03-30T00:53:58.000Z,4.9744,1.1905,124.2735,8.26,4.437,2,normal
2026-03-30T00:53:59.000Z,4.9866,1.2088,124.4444,9.75,4.487,2,normal
2026-03-30T00:54:00.000Z,4.9719,1.1978,124.3162,9.54,4.464,2,normal
2026-03-30T00:54:01.000Z,4.9939,1.1905,124.5299,8.88,4.533,2,normal
2026-03-30T00:54:02.000Z,4.989,1.1905,124.3162,8.59,4.575,2,normal
2026-03-30T00:54:03.000Z,4.9646,1.2015,124.6154,10.4,4.534,2,normal
2026-03-30T00:54:04.000Z,4.9695,1.2015,124.5726,9.85,4.459,2,normal
2026-03-30T00:54:05.000Z,4.9744,1.1941,124.4017,11.73,4.42,2,normal
2026-03-30T00:54:06.000Z,4.9939,1.1978,124.6154,10.86,4.44,2,normal
2026-03-30T00:54:07.000Z,4.9792,1.1978,124.5299,10.15,4.448,2,normal
2026-03-30T00:54:08.000Z,4.9792,1.1941,124.4444,9.38,4.427,2,normal
2026-03-30T00:54:09.000Z,4.9646,1.2051,124.4872,8.86,4.541,2,normal
2026-03-30T00:54:10.000Z,4.9817,1.1905,124.5299,9.42,4.518,2,normal
2026-03-30T00:54:11.000Z,4.9695,1.1978,124.1026,7.49,4.488,2,normal
2026-03-30T00:54:12.000Z,4.9744,1.2015,124.4017,10.29,4.499,2,normal
2026-03-30T00:54:13.000Z,4.9744,1.2015,124.7436,8.58,4.566,2,normal
2026-03-30T00:54:14.000Z,4.9597,1.1941,124.2308,9.35,4.502,2,normal
2026-03-30T00:54:15.000Z,4.9695,1.2051,124.4872,9.69,4.516,2,normal
2026-03-30T00:54:16.000Z,4.9841,1.1978,124.1453,10.46,4.557,2,normal
2026-03-30T00:54:17.000Z,4.9817,1.1978,124.5726,10.89,4.523,2,normal
2026-03-30T00:54:18.000Z,4.9841,1.1978,124.6154,8.19,4.427,2,normal
2026-03-30T00:54:19.000Z,4.9646,1.1941,124.4017,11.21,4.478,2,normal
2026-03-30T00:54:20.000Z,4.967,1.2015,124.4017,10.05,4.526,2,normal
2026-03-30T00:54:21.000Z,4.9841,1.1905,124.7436,9.47,4.548,2,normal
2026-03-30T00:54:22.000Z,4.9841,1.1941,124.4872,10.83,4.437,2,normal
2026-03-30T00:54:23.000Z,4.9744,1.1978,124.359,10.12,4.494,2,normal
2026-03-30T00:54:24.000Z,4.9792,1.1978,124.6581,9.12,4.44,2,normal
2026-03-30T00:54:25.000Z,4.9744,1.2015,124.2735,10.68,4.476,2,normal
2026-03-30T00:54:26.000Z,4.989,1.2015,124.2735,7.98,4.504,2,normal
2026-03-30T00:54:27.000Z,4.9817,1.2088,124.3162,10.46,4.457,2,normal
2026-03-30T00:54:28.000Z,4.9768,1.1978,124.7436,11.06,4.477,2,normal
2026-03-30T00:54:29.000Z,4.967,1.2051,124.4872,8.94,4.543,2,normal
2026-03-30T00:54:30.000Z,4.9841,1.2015,124.4017,11.82,4.545,2,normal
2026-03-30T00:54:31.000Z,4.9768,1.2015,124.5299,9.02,4.545,2,normal
2026-03-30T00:54:32.000Z,4.9646,1.2015,124.6581,9.33,4.486,2,normal
2026-03-30T00:54:33.000Z,4.9719,1.1941,124.4444,10.49,4.514,2,normal
2026-03-30T00:54:34.000Z,4.9792,1.1978,124.4872,8.25,4.443,2,normal
2026-03-30T00:54:35.000Z,4.9817,1.1941,124.4872,12.71,4.545,2,normal
2026-03-30T00:54:36.000Z,4.9841,1.1978,124.188,8.57,4.478,2,normal
2026-03-30T00:54:37.000Z,4.9621,1.1978,124.4872,10.21,4.446,2,normal
2026-03-30T00:54:38.000Z,4.9719,1.1905,124.4444,12.07,4.497,2,normal
2026-03-30T00:54:39.000Z,4.9719,1.1941,124.6581,9.79,4.428,2,normal
2026-03-30T00:54:40.000Z,4.9475,1.2051,124.4872,9.99,4.501,2,normal
2026-03-30T00:54:41.000Z,4.9866,1.2015,124.2735,9.79,4.555,2,normal
2026-03-30T00:54:42.000Z,4.989,1.2051,124.5726,9.45,4.543,2,normal
2026-03-30T00:54:43.000Z,4.9768,1.1832,124.7436,11.16,4.484,2,normal
2026-03-30T00:54:44.000Z,4.9817,1.2015,124.4444,9.44,4.533,2,normal
2026-03-30T00:54:45.000Z,4.9744,1.1941,124.5299,9.73,4.539,2,normal
2026-03-30T00:54:46.000Z,4.9768,1.1941,124.359,11.1,4.478,2,normal
2026-03-30T00:54:47.000Z,4.9719,1.1868,124.4872,8.84,4.519,2,normal
2026-03-30T00:54:48.000Z,4.9817,1.1941,124.4017,9.76,4.436,2,normal
2026-03-30T00:54:49.000Z,4.9695,1.1905,124.2308,9.76,4.473,2,normal
2026-03-30T00:54:50.000Z,4.9524,1.2051,124.4872,10.38,4.487,2,normal
2026-03-30T00:54:51.000Z,4.9841,1.1978,124.4017,9.0,4.439,2,normal
2026-03-30T00:54:52.000Z,4.9963,1.2088,124.5726,11.67,4.441,2,normal
2026-03-30T00:54:53.000Z,4.9646,1.2015,124.4444,8.28,4.535,2,normal
2026-03-30T00:54:54.000Z,4.9744,1.1941,124.7009,8.47,4.432,2,normal
2026-03-30T00:54:55.000Z,4.9817,1.2015,124.2308,8.95,4.462,2,normal
2026-03-30T00:54:56.000Z,4.9621,1.1978,124.3162,9.85,4.555,2,normal
2026-03-30T00:54:57.000Z,4.9719,1.2015,124.3162,10.22,4.492,2,normal
2026-03-30T00:54:58.000Z,4.9621,1.2088,124.4017,10.68,4.514,2,normal
2026-03-30T00:54:59.000Z,4.9817,1.2051,124.4017,10.12,4.518,2,normal
2026-03-30T00:55:00.000Z,4.9792,1.2015,124.6581,9.11,4.533,2,normal
2026-03-30T00:55:01.000Z,4.9768,1.1978,124.4017,9.27,4.552,2,normal
2026-03-30T00:55:02.000Z,4.9744,1.2051,124.4872,8.08,4.543,2,normal
2026-03-30T00:55:03.000Z,4.9646,1.1978,124.4444,8.73,4.493,2,normal
2026-03-30T00:55:04.000Z,4.9963,1.2015,124.4017,8.97,4.443,2,normal
2026-03-30T00:55:05.000Z,4.9988,1.2015,124.4444,9.61,4.484,2,normal
2026-03-30T00:55:06.000Z,4.9695,1.1941,124.5299,9.64,4.428,2,normal
2026-03-30T00:55:07.000Z,4.9719,1.1978,124.4017,8.45,4.419,2,normal
2026-03-30T00:55:08.000Z,4.9597,1.2015,124.359,8.21,4.455,2,normal
2026-03-30T00:55:09.000Z,4.9719,1.1941,124.4017,10.22,4.522,2,normal
2026-03-30T00:55:10.000Z,4.9646,1.2015,124.6581,8.51,4.487,2,normal
2026-03-30T00:55:11.000Z,4.9695,1.2051,124.3162,11.81,4.527,2,normal
2026-03-30T00:55:12.000Z,4.989,1.1978,124.9145,11.37,4.441,2,normal
2026-03-30T00:55:13.000Z,4.9768,1.1978,124.359,10.03,4.476,2,normal
2026-03-30T00:55:14.000Z,4.9768,1.1978,124.5299,8.34,4.537,2,normal
2026-03-30T00:55:15.000Z,4.9817,1.1978,124.4017,12.33,4.549,2,normal
2026-03-30T00:55:16.000Z,4.9646,1.2015,124.359,10.56,4.508,2,normal
2026-03-30T00:55:17.000Z,4.9915,1.2051,124.7863,9.79,4.499,2,normal
2026-03-30T00:55:18.000Z,4.9866,1.2051,124.2308,9.29,4.572,2,normal
2026-03-30T00:55:19.000Z,4.9744,1.2051,124.2735,10.28,4.563,2,normal
2026-03-30T00:55:20.000Z,4.9792,1.2015,124.4872,9.69,4.454,2,normal
2026-03-30T00:55:21.000Z,4.9744,1.1978,124.4872,8.81,4.487,2,normal
2026-03-30T00:55:22.000Z,4.9915,1.1905,124.7009,9.84,4.525,2,normal
2026-03-30T00:55:23.000Z,4.9695,1.1941,124.2308,9.94,4.417,2,normal
2026-03-30T00:55:24.000Z,4.9792,1.1941,124.5726,11.37,4.464,2,normal
2026-03-30T00:55:25.000Z,4.9719,1.1868,124.5726,9.03,4.522,2,normal
2026-03-30T00:55:26.000Z,4.9719,1.1978,124.4444,9.84,4.494,2,normal
2026-03-30T00:55:27.000Z,4.9841,1.2051,124.2308,8.51,4.446,2,normal
2026-03-30T00:55:28.000Z,4.9939,1.1905,124.359,8.69,4.542,2,normal
2026-03-30T00:55:29.000Z,4.9768,1.1978,124.5726,9.68,4.551,2,normal
2026-03-30T00:55:30.000Z,4.9792,1.1941,124.4017,11.39,4.567,2,normal
2026-03-30T00:55:31.000Z,4.9719,1.1978,124.6581,10.09,4.422,2,normal
2026-03-30T00:55:32.000Z,4.967,1.2051,124.4017,9.56,4.484,2,normal
2026-03-30T00:55:33.000Z,4.9768,1.1941,124.4872,7.83,4.465,2,normal
2026-03-30T00:55:34.000Z,4.9792,1.2088,124.5299,6.83,4.453,2,normal
2026-03-30T00:55:35.000Z,4.9939,1.1978,124.4017,9.71,4.514,2,normal
2026-03-30T00:55:36.000Z,4.9695,1.2015,124.6581,8.63,4.502,2,normal
2026-03-30T00:55:37.000Z,4.9768,1.2015,124.7436,8.72,4.507,2,normal
2026-03-30T00:55:38.000Z,4.9817,1.1941,124.4444,9.54,4.516,2,normal
2026-03-30T00:55:39.000Z,4.9866,1.2015,124.5726,8.52,4.504,2,normal
2026-03-30T00:55:40.000Z,4.9719,1.1978,124.3162,9.4,4.501,2,normal
2026-03-30T00:55:41.000Z,4.9621,1.2015,124.359,9.4,4.422,2,normal
2026-03-30T00:55:42.000Z,4.967,1.1941,124.5299,11.56,4.509,2,normal
2026-03-30T00:55:43.000Z,4.9744,1.1978,124.4872,9.54,4.568,2,normal
2026-03-30T00:55:44.000Z,4.9915,1.2015,124.6581,8.83,4.554,2,normal
2026-03-30T00:55:45.000Z,4.967,1.2015,124.3162,9.18,4.419,2,normal
2026-03-30T00:55:46.000Z,4.9744,1.2125,124.6581,10.02,4.562,2,normal
2026-03-30T00:55:47.000Z,4.9792,1.2051,124.4017,10.41,4.47,2,normal
2026-03-30T00:55:48.000Z,4.9988,1.1941,124.3162,10.14,4.528,2,normal
2026-03-30T00:55:49.000Z,4.9719,1.1978,124.4444,11.35,4.542,2,normal
2026-03-30T00:55:50.000Z,4.9841,1.2015,124.6581,8.66,4.463,2,normal
2026-03-30T00:55:51.000Z,4.967,1.2051,124.3162,9.38,4.445,2,normal
2026-03-30T00:55:52.000Z,4.9939,1.1941,124.7009,11.25,4.49,2,normal
2026-03-30T00:55:53.000Z,4.9573,1.2015,124.5726,9.43,4.536,2,normal
2026-03-30T00:55:54.000Z,4.9817,1.2015,124.4444,8.91,4.463,2,normal
2026-03-30T00:55:55.000Z,4.9768,1.1941,124.188,11.61,4.435,2,normal
2026-03-30T00:55:56.000Z,4.9719,1.2015,124.5299,8.97,4.551,2,normal
2026-03-30T00:55:57.000Z,4.9744,1.1978,124.4444,9.45,4.481,2,normal
2026-03-30T00:55:58.000Z,4.967,1.1905,124.7436,11.45,4.493,2,normal
2026-03-30T00:55:59.000Z,4.9817,1.2015,124.4872,8.81,4.445,2,normal
2026-03-30T00:56:00.000Z,4.9866,1.1941,124.5726,11.51,4.543,2,normal
2026-03-30T00:56:01.000Z,4.9768,1.1868,124.5299,9.53,4.548,2,normal
2026-03-30T00:56:02.000Z,4.989,1.1978,124.5726,9.06,4.439,2,normal
2026-03-30T00:56:03.000Z,4.9817,1.2088,124.3162,8.78,4.543,2,normal
2026-03-30T00:56:04.000Z,4.9841,1.2051,124.359,10.23,4.506,2,normal
2026-03-30T00:56:05.000Z,4.9524,1.2051,124.359,10.66,4.573,2,normal
2026-03-30T00:56:06.000Z,4.9646,1.2015,124.2308,9.44,4.546,2,normal
2026-03-30T00:56:07.000Z,4.9792,1.2088,124.5299,11.03,4.536,2,normal
2026-03-30T00:56:08.000Z,4.9939,1.2015,124.4872,9.51,4.507,2,normal
2026-03-30T00:56:09.000Z,4.9792,1.2051,124.4872,10.4,4.467,2,normal
2026-03-30T00:56:10.000Z,4.9792,1.1978,124.8291,11.74,4.578,2,normal
2026-03-30T00:56:11.000Z,4.9817,1.2015,124.6154,8.46,4.47,2,normal
2026-03-30T00:56:12.000Z,4.9939,1.2051,124.4017,11.0,4.49,2,normal
2026-03-30T00:56:13.000Z,4.9695,1.2015,124.3162,8.94,4.437,2,normal
2026-03-30T00:56:14.000Z,5.0012,1.2015,124.4444,8.68,4.533,2,normal
2026-03-30T00:56:15.000Z,4.9719,1.1978,124.7436,9.88,4.495,2,normal
2026-03-30T00:56:16.000Z,4.9597,1.2088,124.5726,11.12,4.535,2,normal
2026-03-30T00:56:17.000Z,4.9792,1.2051,124.5726,10.19,4.507,2,normal
2026-03-30T00:56:18.000Z,4.9719,1.2015,124.4017,11.03,4.464,2,normal
2026-03-30T00:56:19.000Z,4.9719,1.1978,124.7436,8.71,4.503,2,normal
2026-03-30T00:56:20.000Z,4.9719,1.2015,124.5299,9.41,4.502,2,normal
2026-03-30T00:56:21.000Z,4.9817,1.1978,124.359,9.75,4.484,2,normal
2026-03-30T00:56:22.000Z,4.989,1.2161,124.5299,9.63,4.559,2,normal
2026-03-30T00:56:23.000Z,4.9719,1.1868,124.6154,9.02,4.469,2,normal
2026-03-30T00:56:24.000Z,4.9988,1.2015,124.5299,8.33,4.552,2,normal
2026-03-30T00:56:25.000Z,4.9792,1.2051,124.4017,10.15,4.488,2,normal
2026-03-30T00:56:26.000Z,4.9792,1.2051,124.359,10.18,4.515,2,normal
2026-03-30T00:56:27.000Z,4.9841,1.1978,124.4017,10.32,4.445,2,normal
2026-03-30T00:56:28.000Z,4.9646,1.1941,124.5726,9.63,4.541,2,normal
2026-03-30T00:56:29.000Z,4.9841,1.1978,124.6154,8.13,4.524,2,normal
2026-03-30T00:56:30.000Z,4.9646,1.2015,124.2308,10.09,4.432,2,normal
2026-03-30T00:56:31.000Z,4.9524,1.2125,124.5299,11.77,4.422,2,normal
2026-03-30T00:56:32.000Z,4.9841,1.2051,124.4017,9.23,4.425,2,normal
2026-03-30T00:56:33.000Z,4.9695,1.2088,124.4444,10.13,4.476,2,normal
2026-03-30T00:56:34.000Z,4.9939,1.2051,124.4872,9.13,4.43,2,normal
2026-03-30T00:56:35.000Z,4.9768,1.2015,124.4872,10.18,4.487,2,normal
2026-03-30T00:56:36.000Z,4.9915,1.1905,124.359,8.9,4.425,2,normal
2026-03-30T00:56:37.000Z,4.9841,1.2051,124.5726,7.51,4.43,2,normal
2026-03-30T00:56:38.000Z,4.9817,1.1978,124.5299,9.16,4.558,2,normal
2026-03-30T00:56:39.000Z,4.9719,1.1978,124.7009,9.1,4.52,2,normal
2026-03-30T00:56:40.000Z,4.9744,1.1978,124.4444,12.67,4.496,2,normal
2026-03-30T00:56:41.000Z,4.9597,1.2015,124.4872,8.81,4.506,2,normal
2026-03-30T00:56:42.000Z,4.9695,1.1941,124.7009,9.34,4.424,2,normal
2026-03-30T00:56:43.000Z,4.9915,1.2015,124.4872,9.94,4.479,2,normal
2026-03-30T00:56:44.000Z,4.9719,1.2088,124.6581,9.54,4.421,2,normal
2026-03-30T00:56:45.000Z,4.9646,1.2051,124.4017,9.87,4.567,2,normal
2026-03-30T00:56:46.000Z,4.9695,1.1905,124.5726,9.82,4.54,2,normal
2026-03-30T00:56:47.000Z,4.9817,1.1905,124.6581,8.11,4.571,2,normal
2026-03-30T00:56:48.000Z,4.9744,1.1905,124.6154,8.29,4.572,2,normal
2026-03-30T00:56:49.000Z,4.989,1.1978,124.3162,10.94,4.506,2,normal
2026-03-30T00:56:50.000Z,4.9841,1.2015,124.5726,10.07,4.572,2,normal
2026-03-30T00:56:51.000Z,4.9695,1.1978,124.2735,8.91,4.484,2,normal
2026-03-30T00:56:52.000Z,4.967,1.2051,124.7009,10.45,4.534,2,normal
2026-03-30T00:56:53.000Z,4.9768,1.1978,124.4017,9.04,4.493,2,normal
2026-03-30T00:56:54.000Z,4.9915,1.1978,124.4444,7.04,4.522,2,normal
2026-03-30T00:56:55.000Z,4.9719,1.1868,124.359,8.4,4.476,2,normal
2026-03-30T00:56:56.000Z,4.9768,1.1941,124.4872,9.94,4.553,2,normal
2026-03-30T00:56:57.000Z,4.9841,1.2015,124.5299,11.48,4.55,2,normal
2026-03-30T00:56:58.000Z,4.9792,1.1978,124.5726,10.5,4.561,2,normal
2026-03-30T00:56:59.000Z,4.9792,1.1978,124.4872,9.7,4.427,2,normal
2026-03-30T00:57:00.000Z,4.9988,1.1978,124.6154,9.28,4.543,2,normal
2026-03-30T00:57:01.000Z,4.9939,1.2051,124.359,10.64,4.42,2,normal
2026-03-30T00:57:02.000Z,4.9817,1.1941,124.7863,10.76,4.476,2,normal
2026-03-30T00:57:03.000Z,4.9768,1.1868,124.7009,9.28,4.5,2,normal
2026-03-30T00:57:04.000Z,4.9817,1.2015,124.4872,9.59,4.48,2,normal
2026-03-30T00:57:05.000Z,4.9817,1.2015,124.4872,9.46,4.525,2,normal
2026-03-30T00:57:06.000Z,4.9695,1.1905,124.7863,10.47,4.579,2,normal
2026-03-30T00:57:07.000Z,4.967,1.1905,124.0598,10.45,4.552,2,normal
2026-03-30T00:57:08.000Z,4.9841,1.1941,124.6581,9.24,4.445,2,normal
2026-03-30T00:57:09.000Z,4.9841,1.2015,124.8291,11.67,4.561,2,normal
2026-03-30T00:57:10.000Z,4.9573,1.2015,124.5726,10.75,4.502,2,normal
2026-03-30T00:57:11.000Z,4.9817,1.1978,124.6154,9.96,4.513,2,normal
2026-03-30T00:57:12.000Z,4.9768,1.2015,124.6154,10.47,4.444,2,normal
2026-03-30T00:57:13.000Z,4.9646,1.2015,124.4444,10.97,4.571,2,normal
2026-03-30T00:57:14.000Z,4.9866,1.1978,124.7009,9.23,4.475,2,normal
2026-03-30T00:57:15.000Z,4.967,1.1868,124.7009,9.57,4.535,2,normal
2026-03-30T00:57:16.000Z,4.9646,1.1905,124.4017,10.65,4.497,2,normal
2026-03-30T00:57:17.000Z,4.9866,1.1978,124.4872,9.72,4.511,2,normal
2026-03-30T00:57:18.000Z,4.9915,1.1978,124.359,8.63,4.528,2,normal
2026-03-30T00:57:19.000Z,4.9841,1.2015,124.6154,10.01,4.577,2,normal
2026-03-30T00:57:20.000Z,4.9817,1.1905,124.4017,9.39,4.513,2,normal
2026-03-30T00:57:21.000Z,4.989,1.1905,124.4872,11.81,4.498,2,normal
2026-03-30T00:57:22.000Z,4.9646,1.2015,124.188,8.92,4.569,2,normal
2026-03-30T00:57:23.000Z,4.9792,1.2051,124.4444,10.64,4.443,2,normal
2026-03-30T00:57:24.000Z,4.9695,1.2051,124.4872,10.36,4.516,2,normal
2026-03-30T00:57:25.000Z,4.9719,1.2015,124.2735,9.11,4.522,2,normal
2026-03-30T00:57:26.000Z,4.9817,1.1978,124.5299,11.19,4.462,2,normal
2026-03-30T00:57:27.000Z,4.9817,1.1978,124.4872,8.47,4.434,2,normal
2026-03-30T00:57:28.000Z,4.9866,1.1941,124.1453,10.99,4.445,2,normal
2026-03-30T00:57:29.000Z,4.9768,1.1978,124.5299,9.75,4.423,2,normal
2026-03-30T00:57:30.000Z,4.9792,1.2051,124.4872,9.19,4.452,2,normal
2026-03-30T00:57:31.000Z,4.9866,1.1905,124.6154,9.93,4.438,2,normal
2026-03-30T00:57:32.000Z,4.9719,1.1978,124.5299,9.55,4.542,2,normal
2026-03-30T00:57:33.000Z,4.9792,1.1978,124.5299,10.19,4.458,2,normal
2026-03-30T00:57:34.000Z,4.9915,1.2015,124.5299,8.94,4.544,2,normal
2026-03-30T00:57:35.000Z,4.9939,1.1941,124.4872,10.16,4.561,2,normal
2026-03-30T00:57:36.000Z,4.9841,1.2015,124.6154,10.23,4.421,2,normal
2026-03-30T00:57:37.000Z,4.9866,1.1905,124.5726,11.1,4.527,2,normal
2026-03-30T00:57:38.000Z,4.9646,1.1941,124.4444,10.95,4.555,2,normal
2026-03-30T00:57:39.000Z,4.989,1.1978,124.6154,9.79,4.543,2,normal
2026-03-30T00:57:40.000Z,4.9963,1.1978,124.4444,7.73,4.426,2,normal
2026-03-30T00:57:41.000Z,4.9792,1.1905,124.4017,9.0,4.449,2,normal
2026-03-30T00:57:42.000Z,4.9841,1.1941,124.6154,9.9,4.507,2,normal
2026-03-30T00:57:43.000Z,4.989,1.2051,124.2735,7.71,4.488,2,normal
2026-03-30T00:57:44.000Z,4.9548,1.1941,124.4872,11.07,4.567,2,normal
2026-03-30T00:57:45.000Z,4.9817,1.1941,124.6154,10.58,4.466,2,normal
2026-03-30T00:57:46.000Z,4.9915,1.1978,124.4017,11.53,4.486,2,normal
2026-03-30T00:57:47.000Z,4.9866,1.1978,124.1026,8.34,4.444,2,normal
2026-03-30T00:57:48.000Z,4.9866,1.2051,124.4872,9.96,4.477,2,normal
2026-03-30T00:57:49.000Z,4.9768,1.2015,124.4017,10.39,4.558,2,normal
2026-03-30T00:57:50.000Z,4.9817,1.2015,124.5726,10.53,4.483,2,normal
2026-03-30T00:57:51.000Z,4.9915,1.1941,124.6581,11.31,4.529,2,normal
2026-03-30T00:57:52.000Z,4.9817,1.1941,124.4444,7.84,4.518,2,normal
2026-03-30T00:57:53.000Z,4.9719,1.1832,124.6581,10.06,4.571,2,normal
2026-03-30T00:57:54.000Z,4.9646,1.2015,124.2735,9.54,4.454,2,normal
2026-03-30T00:57:55.000Z,4.9939,1.2051,124.359,10.63,4.524,2,normal
2026-03-30T00:57:56.000Z,4.9817,1.1978,124.4444,10.58,4.438,2,normal
2026-03-30T00:57:57.000Z,4.9695,1.2125,124.9145,8.97,4.451,2,normal
2026-03-30T00:57:58.000Z,4.9792,1.1941,124.4444,9.7,4.458,2,normal
2026-03-30T00:57:59.000Z,4.9939,1.2015,124.5299,9.09,4.429,2,normal
2026-03-30T00:58:00.000Z,4.9597,1.1941,124.6154,9.69,4.479,2,normal
2026-03-30T00:58:01.000Z,4.967,1.1905,124.4444,10.24,4.564,2,normal
2026-03-30T00:58:02.000Z,4.9719,1.1978,124.359,10.94,4.51,2,normal
2026-03-30T00:58:03.000Z,4.9646,1.1978,124.6581,11.88,4.563,2,normal
2026-03-30T00:58:04.000Z,4.9573,1.1978,124.2308,10.46,4.475,2,normal
2026-03-30T00:58:05.000Z,4.9792,1.1905,124.188,11.45,4.51,2,normal
2026-03-30T00:58:06.000Z,4.9744,1.2015,124.1026,10.08,4.459,2,normal
2026-03-30T00:58:07.000Z,4.9792,1.1941,124.5726,10.93,4.563,2,normal
2026-03-30T00:58:08.000Z,4.967,1.2088,124.1453,8.79,4.464,2,normal
2026-03-30T00:58:09.000Z,4.9817,1.2015,124.5726,8.35,4.469,2,normal
2026-03-30T00:58:10.000Z,4.9719,1.1905,124.6581,11.25,4.448,2,normal
2026-03-30T00:58:11.000Z,4.9695,1.1868,124.5299,10.82,4.44,2,normal
2026-03-30T00:58:12.000Z,4.9866,1.2015,124.3162,9.76,4.477,2,normal
2026-03-30T00:58:13.000Z,4.9719,1.2125,124.5726,9.85,4.522,2,normal
2026-03-30T00:58:14.000Z,4.9719,1.2088,124.359,8.19,4.547,2,normal
2026-03-30T00:58:15.000Z,4.9841,1.1978,124.4444,11.57,4.425,2,normal
2026-03-30T00:58:16.000Z,4.9744,1.2015,124.359,9.02,4.57,2,normal
2026-03-30T00:58:17.000Z,4.9744,1.1905,124.4444,9.49,4.436,2,normal
2026-03-30T00:58:18.000Z,4.9695,1.2015,124.7436,9.63,4.439,2,normal
2026-03-30T00:58:19.000Z,4.9841,1.2088,124.359,11.3,4.461,2,normal
2026-03-30T00:58:20.000Z,4.9841,1.2051,124.5299,9.7,4.56,2,normal
2026-03-30T00:58:21.000Z,4.9841,1.2015,124.188,8.94,4.549,2,normal
2026-03-30T00:58:22.000Z,4.9646,1.2051,124.3162,10.23,4.519,2,normal
2026-03-30T00:58:23.000Z,4.989,1.2015,124.5726,9.65,4.502,2,normal
2026-03-30T00:58:24.000Z,4.9573,1.2015,124.5726,9.16,4.49,2,normal
2026-03-30T00:58:25.000Z,4.9792,1.1941,124.2735,10.41,4.445,2,normal
2026-03-30T00:58:26.000Z,4.9768,1.2051,124.4017,8.97,4.424,2,normal
2026-03-30T00:58:27.000Z,4.9597,1.2015,124.4872,7.94,4.567,2,normal
2026-03-30T00:58:28.000Z,4.9841,1.1941,124.7863,11.18,4.524,2,normal
2026-03-30T00:58:29.000Z,4.9768,1.2051,124.4872,11.72,4.446,2,normal
2026-03-30T00:58:30.000Z,4.9817,1.1978,124.5726,11.43,4.569,2,normal
2026-03-30T00:58:31.000Z,4.9768,1.1941,124.4872,12.73,4.528,2,normal
2026-03-30T00:58:32.000Z,4.9915,1.2015,124.7009,8.52,4.518,2,normal
2026-03-30T00:58:33.000Z,4.9915,1.2015,124.8718,9.55,4.451,2,normal
2026-03-30T00:58:34.000Z,4.9695,1.2051,124.359,11.48,4.445,2,normal
2026-03-30T00:58:35.000Z,4.9621,1.2015,124.4444,11.57,4.554,2,normal
2026-03-30T00:58:36.000Z,4.967,1.1978,124.4872,6.93,4.474,2,normal
2026-03-30T00:58:37.000Z,4.967,1.2015,124.6581,10.73,4.446,2,normal
2026-03-30T00:58:38.000Z,4.9621,1.1905,124.3162,10.46,4.447,2,normal
2026-03-30T00:58:39.000Z,4.9744,1.2051,124.2735,9.83,4.491,2,normal
2026-03-30T00:58:40.000Z,4.9573,1.2051,124.359,8.09,4.453,2,normal
2026-03-30T00:58:41.000Z,4.9866,1.1868,124.4872,9.73,4.492,2,normal
2026-03-30T00:58:42.000Z,4.9768,1.2015,124.4872,9.82,4.447,2,normal
2026-03-30T00:58:43.000Z,4.9646,1.2051,124.2735,10.76,4.441,2,normal
2026-03-30T00:58:44.000Z,4.967,1.2051,124.5726,10.67,4.443,2,normal
2026-03-30T00:58:45.000Z,4.9841,1.2125,124.6581,8.96,4.454,2,normal
2026-03-30T00:58:46.000Z,4.9719,1.1978,124.7009,9.39,4.433,2,normal
2026-03-30T00:58:47.000Z,4.9646,1.2015,124.6154,8.87,4.532,2,normal
2026-03-30T00:58:48.000Z,4.9963,1.2015,124.4444,8.57,4.468,2,normal
2026-03-30T00:58:49.000Z,4.9719,1.2015,124.4872,12.82,4.452,2,normal
2026-03-30T00:58:50.000Z,4.9695,1.2088,124.4444,9.1,4.498,2,normal
2026-03-30T00:58:51.000Z,4.9646,1.1941,124.3162,13.63,4.472,2,normal
2026-03-30T00:58:52.000Z,4.9744,1.1905,124.7436,9.2,4.526,2,normal
2026-03-30T00:58:53.000Z,4.9573,1.2051,124.359,12.45,4.482,2,normal
2026-03-30T00:58:54.000Z,4.989,1.1868,124.2735,7.37,4.449,2,normal
2026-03-30T00:58:55.000Z,4.9573,1.2015,124.2735,12.27,4.543,2,normal
2026-03-30T00:58:56.000Z,4.9792,1.2051,124.188,10.47,4.5,2,normal
2026-03-30T00:58:57.000Z,4.9915,1.1978,124.4444,9.89,4.454,2,normal
2026-03-30T00:58:58.000Z,4.9768,1.2051,124.3162,7.63,4.539,2,normal
2026-03-30T00:58:59.000Z,4.9695,1.2051,124.4017,9.99,4.452,2,normal
2026-03-30T00:59:00.000Z,4.9817,1.2088,124.359,10.55,4.522,2,normal
2026-03-30T00:59:01.000Z,4.9939,1.1941,124.4872,10.05,4.426,2,normal
2026-03-30T00:59:02.000Z,4.9573,1.2051,124.4444,10.14,4.509,2,normal
2026-03-30T00:59:03.000Z,4.9548,1.1978,124.5726,8.96,4.487,2,normal
2026-03-30T00:59:04.000Z,4.9719,1.1905,124.4444,8.82,4.472,2,normal
2026-03-30T00:59:05.000Z,4.9768,1.2015,124.4444,9.66,4.532,2,normal
2026-03-30T00:59:06.000Z,4.9719,1.1978,124.359,11.14,4.474,2,normal
2026-03-30T00:59:07.000Z,4.9866,1.2015,124.5299,9.88,4.457,2,normal
2026-03-30T00:59:08.000Z,4.9792,1.2051,124.4017,10.0,4.521,2,normal
2026-03-30T00:59:09.000Z,4.9841,1.2015,124.6581,10.44,4.569,2,normal
2026-03-30T00:59:10.000Z,4.9695,1.1868,124.2308,10.99,4.48,2,normal
2026-03-30T00:59:11.000Z,4.9719,1.1941,124.2735,10.65,4.499,2,normal
2026-03-30T00:59:12.000Z,4.9817,1.1941,124.4872,9.95,4.43,2,normal
2026-03-30T00:59:13.000Z,4.9646,1.2051,124.2735,11.05,4.524,2,normal
2026-03-30T00:59:14.000Z,4.9817,1.1941,124.8291,7.17,4.505,2,normal
2026-03-30T00:59:15.000Z,4.9768,1.1941,124.2735,11.58,4.565,2,normal
2026-03-30T00:59:16.000Z,4.9695,1.2051,124.6581,8.87,4.468,2,normal
2026-03-30T00:59:17.000Z,4.9792,1.2015,124.5299,8.86,4.447,2,normal
2026-03-30T00:59:18.000Z,4.9719,1.2015,124.7009,8.33,4.448,2,normal
2026-03-30T00:59:19.000Z,4.9792,1.2015,124.4872,10.17,4.552,2,normal
2026-03-30T00:59:20.000Z,4.9646,1.1868,124.4872,12.39,4.508,2,normal
2026-03-30T00:59:21.000Z,4.9817,1.1905,124.1453,10.01,4.414,2,normal
2026-03-30T00:59:22.000Z,4.9817,1.1941,124.3162,10.43,4.522,2,normal
2026-03-30T00:59:23.000Z,4.9792,1.1941,124.3162,9.15,4.563,2,normal
2026-03-30T00:59:24.000Z,4.9744,1.2015,124.5299,8.84,4.473,2,normal
2026-03-30T00:59:25.000Z,4.9744,1.2015,124.4444,9.63,4.482,2,normal
2026-03-30T00:59:26.000Z,4.989,1.1978,124.3162,9.89,4.533,2,normal
2026-03-30T00:59:27.000Z,4.9744,1.1905,124.6581,7.94,4.489,2,normal
2026-03-30T00:59:28.000Z,4.9841,1.1978,124.6154,9.4,4.529,2,normal
2026-03-30T00:59:29.000Z,4.9817,1.1978,124.4872,8.42,4.532,2,normal
2026-03-30T00:59:30.000Z,4.9841,1.2015,124.5299,10.46,4.483,2,normal
2026-03-30T00:59:31.000Z,4.9841,1.2088,124.4872,9.69,4.515,2,normal
2026-03-30T00:59:32.000Z,4.9695,1.1941,124.6581,9.37,4.472,2,normal
2026-03-30T00:59:33.000Z,4.989,1.1941,124.188,10.43,4.462,2,normal
2026-03-30T00:59:34.000Z,4.9817,1.2088,124.4017,8.33,4.535,2,normal
2026-03-30T00:59:35.000Z,4.9841,1.2088,124.4444,10.95,4.514,2,normal
2026-03-30T00:59:36.000Z,4.989,1.1905,124.188,8.78,4.453,2,normal
2026-03-30T00:59:37.000Z,4.9573,1.1978,124.4017,11.09,4.454,2,normal
2026-03-30T00:59:38.000Z,4.9621,1.1978,124.7009,11.32,4.528,2,normal
2026-03-30T00:59:39.000Z,4.9646,1.2015,124.359,10.13,4.469,2,normal
2026-03-30T00:59:40.000Z,4.9817,1.1868,124.2735,10.2,4.573,2,normal
2026-03-30T00:59:41.000Z,4.9646,1.2015,124.359,8.45,4.554,2,normal
2026-03-30T00:59:42.000Z,4.9841,1.2015,124.4444,9.95,4.559,2,normal
2026-03-30T00:59:43.000Z,4.9744,1.1978,124.4017,9.32,4.493,2,normal
2026-03-30T00:59:44.000Z,4.9792,1.2051,124.6154,9.08,4.449,2,normal
2026-03-30T00:59:45.000Z,4.9621,1.1941,124.2735,10.76,4.51,2,normal
2026-03-30T00:59:46.000Z,4.9719,1.1978,124.5299,10.22,4.462,2,normal
2026-03-30T00:59:47.000Z,4.9792,1.2015,124.359,9.56,4.514,2,normal
2026-03-30T00:59:48.000Z,4.9695,1.2051,124.2308,11.27,4.472,2,normal
2026-03-30T00:59:49.000Z,4.9792,1.1978,124.5299,8.61,4.555,2,normal
2026-03-30T00:59:50.000Z,4.967,1.1978,124.5726,9.47,4.511,2,normal
2026-03-30T00:59:51.000Z,4.9621,1.2051,124.2735,9.49,4.485,2,normal
2026-03-30T00:59:52.000Z,4.9548,1.1905,124.5726,8.14,4.461,2,normal
2026-03-30T00:59:53.000Z,4.9817,1.1978,124.4017,10.87,4.478,2,normal
2026-03-30T00:59:54.000Z,4.9792,1.1941,124.5726,9.6,4.559,2,normal
2026-03-30T00:59:55.000Z,4.9817,1.2015,124.4444,9.27,4.524,2,normal
2026-03-30T00:59:56.000Z,4.9915,1.2015,124.6581,11.11,4.447,2,normal
2026-03-30T00:59:57.000Z,4.9841,1.2015,124.2735,9.92,4.487,2,normal
2026-03-30T00:59:58.000Z,4.9695,1.1978,124.3162,7.89,4.479,2,normal
2026-03-30T00:59:59.000Z,4.9597,1.2088,124.5726,10.31,4.577,2,normal
2026-03-30T01:00:00.000Z,4.9621,1.2051,124.3162,8.93,4.461,2,normal
2026-03-30T01:00:01.000Z,4.9499,1.2051,124.4872,11.58,4.433,2,normal
2026-03-30T01:00:02.000Z,4.967,1.2015,124.359,9.57,4.459,2,normal
2026-03-30T01:00:03.000Z,4.9768,1.2015,124.5726,9.56,4.454,2,normal
2026-03-30T01:00:04.000Z,4.9573,1.2015,124.5299,9.66,4.549,2,normal
2026-03-30T01:00:05.000Z,4.9719,1.1978,124.359,10.3,4.537,2,normal
2026-03-30T01:00:06.000Z,4.9597,1.1978,124.4444,9.1,4.439,2,normal
2026-03-30T01:00:07.000Z,4.9744,1.1978,124.6581,10.53,4.44,2,normal
2026-03-30T01:00:08.000Z,4.9939,1.2015,124.1026,12.08,4.45,2,normal
2026-03-30T01:00:09.000Z,4.9841,1.1978,124.4872,9.96,4.527,2,normal
2026-03-30T01:00:10.000Z,4.967,1.1868,124.4017,10.57,4.419,2,normal
2026-03-30T01:00:11.000Z,4.9719,1.1941,124.5299,10.1,4.538,2,normal
2026-03-30T01:00:12.000Z,4.9963,1.2015,124.359,10.16,4.474,2,normal
2026-03-30T01:00:13.000Z,4.9841,1.2015,124.7863,10.68,4.512,2,normal
2026-03-30T01:00:14.000Z,4.9573,1.2015,124.4872,10.12,4.461,2,normal
2026-03-30T01:00:15.000Z,4.967,1.2051,124.7009,10.34,4.493,2,normal
2026-03-30T01:00:16.000Z,4.9695,1.2015,124.7009,8.01,4.566,2,normal
2026-03-30T01:00:17.000Z,4.9768,1.2015,124.6154,10.49,4.546,2,normal
2026-03-30T01:00:18.000Z,4.9963,1.2088,124.4017,10.61,4.531,2,normal
2026-03-30T01:00:19.000Z,4.9719,1.2051,124.5726,9.03,4.542,2,normal
2026-03-30T01:00:20.000Z,4.989,1.1941,124.7436,8.56,4.47,2,normal
2026-03-30T01:00:21.000Z,4.9817,1.2015,124.4444,8.34,4.554,2,normal
2026-03-30T01:00:22.000Z,4.9744,1.1941,124.5299,10.99,4.503,2,normal
2026-03-30T01:00:23.000Z,4.9744,1.1978,124.5299,8.43,4.472,2,normal
2026-03-30T01:00:24.000Z,4.9744,1.2015,124.4872,11.16,4.546,2,normal
2026-03-30T01:00:25.000Z,4.967,1.1941,124.2735,11.1,4.461,2,normal
2026-03-30T01:00:26.000Z,4.989,1.1978,124.4444,7.08,4.494,2,normal
2026-03-30T01:00:27.000Z,4.967,1.1978,124.359,9.38,4.446,2,normal
2026-03-30T01:00:28.000Z,4.9792,1.2051,124.5299,10.29,4.572,2,normal
2026-03-30T01:00:29.000Z,4.9792,1.2051,124.7009,9.76,4.548,2,normal
2026-03-30T01:00:30.000Z,4.9719,1.2125,124.4444,8.28,4.429,2,normal
2026-03-30T01:00:31.000Z,4.9597,1.1905,124.6581,10.08,4.547,2,normal
2026-03-30T01:00:32.000Z,4.9695,1.1941,124.6581,11.14,4.518,2,normal
2026-03-30T01:00:33.000Z,4.9866,1.1941,124.4444,8.78,4.56,2,normal
2026-03-30T01:00:34.000Z,4.9792,1.2051,124.5299,12.11,4.569,2,normal
2026-03-30T01:00:35.000Z,4.9695,1.1978,124.4444,9.6,4.421,2,normal
2026-03-30T01:00:36.000Z,4.9719,1.2015,124.5299,10.35,4.526,2,normal
2026-03-30T01:00:37.000Z,4.9695,1.2015,124.4017,9.07,4.57,2,normal
2026-03-30T01:00:38.000Z,4.967,1.2051,124.6581,9.93,4.45,2,normal
2026-03-30T01:00:39.000Z,4.9744,1.1905,124.5726,10.77,4.421,2,normal
2026-03-30T01:00:40.000Z,4.9768,1.1941,124.2735,9.74,4.468,2,normal
2026-03-30T01:00:41.000Z,4.9792,1.2051,124.4444,11.83,4.515,2,normal
2026-03-30T01:00:42.000Z,4.9841,1.1941,124.359,11.12,4.556,2,normal
2026-03-30T01:00:43.000Z,4.989,1.1941,124.5299,9.91,4.561,2,normal
2026-03-30T01:00:44.000Z,4.9841,1.2015,124.3162,12.53,4.511,2,normal
2026-03-30T01:00:45.000Z,4.9817,1.2051,124.4017,12.23,4.492,2,normal
2026-03-30T01:00:46.000Z,4.9695,1.1978,124.4872,10.39,4.484,2,normal
2026-03-30T01:00:47.000Z,4.9695,1.2088,124.5726,10.94,4.44,2,normal
2026-03-30T01:00:48.000Z,4.9646,1.2015,124.359,9.55,4.462,2,normal
2026-03-30T01:00:49.000Z,4.9866,1.2088,124.7863,9.4,4.454,2,normal
2026-03-30T01:00:50.000Z,4.9841,1.2015,124.5299,8.1,4.481,2,normal
2026-03-30T01:00:51.000Z,4.9792,1.1978,124.3162,9.17,4.481,2,normal
2026-03-30T01:00:52.000Z,4.9621,1.1941,124.5726,7.45,4.425,2,normal
2026-03-30T01:00:53.000Z,4.9817,1.1978,124.359,11.22,4.519,2,normal
2026-03-30T01:00:54.000Z,4.9744,1.2015,124.4017,10.38,4.521,2,normal
2026-03-30T01:00:55.000Z,4.9744,1.1978,124.4872,11.28,4.553,2,normal
2026-03-30T01:00:56.000Z,4.9695,1.2015,124.4444,9.42,4.553,2,normal
2026-03-30T01:00:57.000Z,4.9866,1.2015,124.7009,8.84,4.466,2,normal
2026-03-30T01:00:58.000Z,4.9573,1.1978,124.3162,8.44,4.556,2,normal
2026-03-30T01:00:59.000Z,4.9719,1.2051,124.2735,9.77,4.417,2,normal
2026-03-30T01:01:00.000Z,4.9719,1.1978,124.4872,11.17,4.427,2,normal
2026-03-30T01:01:01.000Z,4.9841,1.2051,124.4017,11.48,4.416,2,normal
2026-03-30T01:01:02.000Z,4.9695,1.2088,124.4872,8.75,4.497,2,normal
2026-03-30T01:01:03.000Z,4.967,1.2015,124.359,8.63,4.541,2,normal
2026-03-30T01:01:04.000Z,4.9719,1.1978,124.6581,12.19,4.538,2,normal
2026-03-30T01:01:05.000Z,4.9719,1.1978,124.4872,10.11,4.465,2,normal
2026-03-30T01:01:06.000Z,4.989,1.1978,124.5726,8.69,4.44,2,normal
2026-03-30T01:01:07.000Z,4.9792,1.1978,124.5726,10.29,4.463,2,normal
2026-03-30T01:01:08.000Z,4.967,1.2015,124.3162,9.29,4.533,2,normal
2026-03-30T01:01:09.000Z,4.967,1.1905,124.7863,8.99,4.558,2,normal
2026-03-30T01:01:10.000Z,4.9866,1.1905,124.7009,10.63,4.483,2,normal
2026-03-30T01:01:11.000Z,4.9597,1.1978,124.1453,11.52,4.431,2,normal
2026-03-30T01:01:12.000Z,4.989,1.2051,124.5726,10.82,4.426,2,normal
2026-03-30T01:01:13.000Z,4.9695,1.2051,124.5726,10.12,4.445,2,normal
2026-03-30T01:01:14.000Z,4.9768,1.2088,124.4872,9.13,4.503,2,normal
2026-03-30T01:01:15.000Z,4.9866,1.2015,124.5299,9.81,4.518,2,normal
2026-03-30T01:01:16.000Z,4.9817,1.1978,124.4017,11.26,4.454,2,normal
2026-03-30T01:01:17.000Z,4.9524,1.1978,124.359,9.62,4.484,2,normal
2026-03-30T01:01:18.000Z,4.9695,1.2015,124.4872,7.94,4.427,2,normal
2026-03-30T01:01:19.000Z,4.9792,1.1905,124.2735,10.7,4.536,2,normal
2026-03-30T01:01:20.000Z,4.967,1.2015,124.7436,11.25,4.562,2,normal
2026-03-30T01:01:21.000Z,4.967,1.2051,124.6154,8.83,4.56,2,normal
2026-03-30T01:01:22.000Z,4.9939,1.1941,124.5299,10.93,4.497,2,normal
2026-03-30T01:01:23.000Z,4.9597,1.2088,124.2735,9.24,4.536,2,normal
2026-03-30T01:01:24.000Z,4.9695,1.1941,124.4872,10.11,4.506,2,normal
2026-03-30T01:01:25.000Z,4.9744,1.2015,124.5299,9.76,4.524,2,normal
2026-03-30T01:01:26.000Z,4.9695,1.2015,124.4872,11.43,4.433,2,normal
2026-03-30T01:01:27.000Z,4.9719,1.2051,124.2735,9.62,4.445,2,normal
2026-03-30T01:01:28.000Z,4.9597,1.2051,124.4444,10.37,4.531,2,normal
2026-03-30T01:01:29.000Z,4.9524,1.2125,124.4872,10.22,4.495,2,normal
2026-03-30T01:01:30.000Z,4.9866,1.1941,124.3162,10.59,4.474,2,normal
2026-03-30T01:01:31.000Z,4.9744,1.2051,124.4444,9.01,4.433,2,normal
2026-03-30T01:01:32.000Z,4.9695,1.2015,124.4017,8.26,4.491,2,normal
2026-03-30T01:01:33.000Z,4.9792,1.1941,124.3162,10.16,4.433,2,normal
2026-03-30T01:01:34.000Z,4.9744,1.2051,124.6154,8.59,4.505,2,normal
2026-03-30T01:01:35.000Z,4.989,1.2015,124.4017,11.4,4.574,2,normal
2026-03-30T01:01:36.000Z,4.9719,1.1941,124.4872,10.57,4.57,2,normal
2026-03-30T01:01:37.000Z,4.9817,1.2051,124.359,11.88,4.508,2,normal
2026-03-30T01:01:38.000Z,4.9817,1.2015,124.5726,11.42,4.512,2,normal
2026-03-30T01:01:39.000Z,4.9719,1.1978,124.5299,11.27,4.525,2,normal
2026-03-30T01:01:40.000Z,4.9744,1.1941,124.4444,10.19,4.439,2,normal
2026-03-30T01:01:41.000Z,4.9744,1.1978,124.4872,11.17,4.54,2,normal
2026-03-30T01:01:42.000Z,4.9841,1.2015,124.3162,9.82,4.485,2,normal
2026-03-30T01:01:43.000Z,4.967,1.1941,124.359,9.28,4.512,2,normal
2026-03-30T01:01:44.000Z,4.989,1.1978,124.4017,10.92,4.515,2,normal
2026-03-30T01:01:45.000Z,4.9719,1.2051,124.3162,10.45,4.544,2,normal
2026-03-30T01:01:46.000Z,4.9573,1.2051,124.5726,10.72,4.465,2,normal
2026-03-30T01:01:47.000Z,4.9817,1.1978,124.1026,10.74,4.507,2,normal
2026-03-30T01:01:48.000Z,4.9719,1.1941,124.4872,11.23,4.503,2,normal
2026-03-30T01:01:49.000Z,4.9841,1.2015,124.4444,9.19,4.519,2,normal
2026-03-30T01:01:50.000Z,4.9573,1.1978,124.5726,10.52,4.552,2,normal
2026-03-30T01:01:51.000Z,4.9744,1.2015,124.5726,10.87,4.481,2,normal
2026-03-30T01:01:52.000Z,4.989,1.2088,124.4017,10.68,4.444,2,normal
2026-03-30T01:01:53.000Z,4.9744,1.1905,124.359,9.59,4.416,2,normal
2026-03-30T01:01:54.000Z,4.967,1.2015,124.6154,11.49,4.425,2,normal
2026-03-30T01:01:55.000Z,4.9768,1.1941,124.2308,9.59,4.51,2,normal
2026-03-30T01:01:56.000Z,4.9792,1.1978,124.188,9.25,4.47,2,normal
2026-03-30T01:01:57.000Z,4.9744,1.2051,124.5726,12.25,4.544,2,normal
2026-03-30T01:01:58.000Z,4.9744,1.2015,124.4872,11.56,4.532,2,normal
2026-03-30T01:01:59.000Z,4.967,1.1905,124.4872,8.6,4.513,2,normal
2026-03-30T01:02:00.000Z,4.9744,1.2051,124.4444,9.65,4.464,2,normal
2026-03-30T01:02:01.000Z,4.9695,1.2015,124.2308,10.96,4.502,2,normal
2026-03-30T01:02:02.000Z,4.9499,1.1941,124.7436,10.55,4.501,2,normal
2026-03-30T01:02:03.000Z,4.9792,1.2015,124.2308,9.88,4.49,2,normal
2026-03-30T01:02:04.000Z,4.9841,1.2015,124.2735,9.94,4.535,2,normal
2026-03-30T01:02:05.000Z,4.9841,1.2015,124.188,10.38,4.561,2,normal
2026-03-30T01:02:06.000Z,5.0012,1.2051,124.3162,10.97,4.421,2,normal
2026-03-30T01:02:07.000Z,4.9768,1.2051,124.2308,9.39,4.564,2,normal
2026-03-30T01:02:08.000Z,4.967,1.1978,124.5299,10.19,4.441,2,normal
2026-03-30T01:02:09.000Z,4.9719,1.2051,124.4872,9.03,4.487,2,normal
2026-03-30T01:02:10.000Z,4.9768,1.1978,124.3162,10.15,4.566,2,normal
2026-03-30T01:02:11.000Z,4.989,1.1978,124.5726,10.59,4.519,2,normal
2026-03-30T01:02:12.000Z,4.967,1.2051,124.359,10.09,4.493,2,normal
2026-03-30T01:02:13.000Z,4.9841,1.1978,124.3162,8.89,4.511,2,normal
2026-03-30T01:02:14.000Z,4.9719,1.2088,124.359,11.06,4.453,2,normal
2026-03-30T01:02:15.000Z,4.9768,1.2051,124.4872,7.21,4.463,2,normal
2026-03-30T01:02:16.000Z,4.9695,1.2051,124.4444,11.73,4.561,2,normal
2026-03-30T01:02:17.000Z,4.9817,1.1941,124.7009,10.96,4.57,2,normal
2026-03-30T01:02:18.000Z,4.9744,1.1978,124.5299,8.61,4.565,2,normal
2026-03-30T01:02:19.000Z,4.9646,1.1978,124.3162,9.98,4.54,2,normal
2026-03-30T01:02:20.000Z,4.9744,1.1978,124.2735,10.88,4.467,2,normal
2026-03-30T01:02:21.000Z,4.9646,1.2015,124.359,11.18,4.465,2,normal
2026-03-30T01:02:22.000Z,4.967,1.1978,124.4017,8.88,4.482,2,normal
2026-03-30T01:02:23.000Z,4.9744,1.1978,124.6154,10.26,4.429,2,normal
2026-03-30T01:02:24.000Z,4.9792,1.2015,124.4444,9.57,4.466,2,normal
2026-03-30T01:02:25.000Z,4.9817,1.1978,124.6154,11.12,4.54,2,normal
2026-03-30T01:02:26.000Z,4.9695,1.2015,124.359,10.8,4.501,2,normal
2026-03-30T01:02:27.000Z,4.9597,1.2051,124.4444,11.18,4.491,2,normal
2026-03-30T01:02:28.000Z,4.9817,1.2015,124.4017,8.44,4.448,2,normal
2026-03-30T01:02:29.000Z,4.9963,1.2015,124.4017,10.84,4.494,2,normal
2026-03-30T01:02:30.000Z,4.9744,1.2015,124.359,10.41,4.429,2,normal
2026-03-30T01:02:31.000Z,4.9621,1.2015,124.5299,11.53,4.565,2,normal
2026-03-30T01:02:32.000Z,4.9744,1.2051,124.6154,10.21,4.504,2,normal
2026-03-30T01:02:33.000Z,4.9963,1.2088,124.6154,10.75,4.494,2,normal
2026-03-30T01:02:34.000Z,4.9768,1.2015,124.4444,8.77,4.467,2,normal
2026-03-30T01:02:35.000Z,4.9792,1.1941,124.5726,10.22,4.47,2,normal
2026-03-30T01:02:36.000Z,4.9573,1.1978,124.2735,8.51,4.545,2,normal
2026-03-30T01:02:37.000Z,4.9768,1.1978,124.4017,9.63,4.484,2,normal
2026-03-30T01:02:38.000Z,4.9768,1.2051,124.359,8.85,4.534,2,normal
2026-03-30T01:02:39.000Z,4.9792,1.2051,124.3162,11.61,4.51,2,normal
2026-03-30T01:02:40.000Z,4.9792,1.2015,124.5726,11.01,4.512,2,normal
2026-03-30T01:02:41.000Z,4.967,1.1941,124.188,8.91,4.571,2,normal
2026-03-30T01:02:42.000Z,4.9866,1.1905,124.359,8.92,4.526,2,normal
2026-03-30T01:02:43.000Z,4.9841,1.1941,124.6154,9.47,4.51,2,normal
2026-03-30T01:02:44.000Z,4.9744,1.2051,124.359,9.08,4.442,2,normal
2026-03-30T01:02:45.000Z,4.9646,1.1941,124.4017,10.6,4.562,2,normal
2026-03-30T01:02:46.000Z,4.9841,1.1978,124.5299,12.55,4.541,2,normal
2026-03-30T01:02:47.000Z,4.9915,1.2051,124.4017,8.85,4.532,2,normal
2026-03-30T01:02:48.000Z,4.9695,1.1905,124.3162,8.95,4.548,2,normal
2026-03-30T01:02:49.000Z,4.9695,1.1978,124.5726,8.86,4.501,2,normal
2026-03-30T01:02:50.000Z,4.9695,1.2015,124.7009,9.61,4.442,2,normal
2026-03-30T01:02:51.000Z,4.9817,1.1978,124.2735,8.25,4.559,2,normal
2026-03-30T01:02:52.000Z,4.9597,1.2015,124.6154,9.03,4.505,2,normal
2026-03-30T01:02:53.000Z,4.9597,1.1978,124.2735,9.96,4.419,2,normal
2026-03-30T01:02:54.000Z,4.9866,1.1941,124.359,12.68,4.564,2,normal
2026-03-30T01:02:55.000Z,4.9597,1.2015,124.5726,9.14,4.498,2,normal
2026-03-30T01:02:56.000Z,4.967,1.1941,124.6154,10.79,4.432,2,normal
2026-03-30T01:02:57.000Z,4.9621,1.2015,124.4444,11.18,4.538,2,normal
2026-03-30T01:02:58.000Z,4.9719,1.2015,124.5299,10.31,4.575,2,normal
2026-03-30T01:02:59.000Z,4.9768,1.1978,124.2735,12.35,4.508,2,normal
2026-03-30T01:03:00.000Z,4.9744,1.2015,124.4872,8.26,4.556,2,normal
2026-03-30T01:03:01.000Z,4.9646,1.2051,124.5726,8.1,4.49,2,normal
2026-03-30T01:03:02.000Z,4.9719,1.2051,124.359,11.67,4.564,2,normal
2026-03-30T01:03:03.000Z,4.9719,1.2015,124.359,9.36,4.549,2,normal
2026-03-30T01:03:04.000Z,4.9866,1.1978,124.4017,7.92,4.49,2,normal
2026-03-30T01:03:05.000Z,4.9597,1.1978,124.4444,9.2,4.525,2,normal
2026-03-30T01:03:06.000Z,4.9792,1.2015,124.7009,10.52,4.512,2,normal
2026-03-30T01:03:07.000Z,4.9768,1.1905,124.8291,9.5,4.577,2,normal
2026-03-30T01:03:08.000Z,4.989,1.1978,124.4017,10.39,4.532,2,normal
2026-03-30T01:03:09.000Z,4.9768,1.1905,124.5299,9.46,4.545,2,normal
2026-03-30T01:03:10.000Z,4.9646,1.2051,124.6154,10.18,4.559,2,normal
2026-03-30T01:03:11.000Z,4.9915,1.2015,124.4017,10.27,4.471,2,normal
2026-03-30T01:03:12.000Z,4.9597,1.1941,124.4017,9.88,4.482,2,normal
2026-03-30T01:03:13.000Z,4.9744,1.1978,124.5299,8.6,4.513,2,normal
2026-03-30T01:03:14.000Z,4.9744,1.2015,124.359,11.43,4.529,2,normal
2026-03-30T01:03:15.000Z,4.967,1.2125,124.3162,9.34,4.551,2,normal
2026-03-30T01:03:16.000Z,4.9792,1.2051,124.3162,9.48,4.455,2,normal
2026-03-30T01:03:17.000Z,4.9597,1.2015,124.2735,9.05,4.494,2,normal
2026-03-30T01:03:18.000Z,4.9841,1.2015,124.5299,9.51,4.463,2,normal
2026-03-30T01:03:19.000Z,4.9866,1.2015,124.2735,9.98,4.496,2,normal
2026-03-30T01:03:20.000Z,4.9866,1.1905,124.4872,10.48,4.504,2,normal
2026-03-30T01:03:21.000Z,4.9841,1.1978,124.2308,9.88,4.561,2,normal
2026-03-30T01:03:22.000Z,4.9866,1.1978,124.4017,10.46,4.427,2,normal
2026-03-30T01:03:23.000Z,4.967,1.2015,124.4444,9.98,4.577,2,normal
2026-03-30T01:03:24.000Z,4.9817,1.1978,124.1026,9.19,4.499,2,normal
2026-03-30T01:03:25.000Z,4.9548,1.1978,124.6154,10.39,4.575,2,normal
2026-03-30T01:03:26.000Z,4.9744,1.1978,124.4872,8.61,4.439,2,normal
2026-03-30T01:03:27.000Z,4.9768,1.2015,124.4872,10.81,4.485,2,normal
2026-03-30T01:03:28.000Z,4.9719,1.2051,124.6154,10.88,4.527,2,normal
2026-03-30T01:03:29.000Z,4.9792,1.1941,124.2735,9.08,4.542,2,normal
2026-03-30T01:03:30.000Z,4.9695,1.1978,124.6581,9.76,4.498,2,normal
2026-03-30T01:03:31.000Z,4.9939,1.2088,124.4444,8.73,4.516,2,normal
2026-03-30T01:03:32.000Z,4.9744,1.2015,124.4444,11.07,4.539,2,normal
2026-03-30T01:03:33.000Z,4.989,1.1941,124.4444,10.12,4.467,2,normal
2026-03-30T01:03:34.000Z,4.9744,1.1978,124.5299,7.79,4.54,2,normal
2026-03-30T01:03:35.000Z,4.9719,1.2015,124.1453,10.79,4.487,2,normal
2026-03-30T01:03:36.000Z,4.9744,1.2088,124.4872,9.45,4.571,2,normal
2026-03-30T01:03:37.000Z,4.9744,1.2015,124.7436,7.74,4.551,2,normal
2026-03-30T01:03:38.000Z,4.9597,1.2051,124.4872,10.09,4.451,2,normal
2026-03-30T01:03:39.000Z,4.9768,1.2051,124.2735,10.35,4.503,2,normal
2026-03-30T01:03:40.000Z,4.9817,1.2015,124.2308,9.61,4.452,2,normal
2026-03-30T01:03:41.000Z,4.9866,1.1905,124.2735,10.49,4.43,2,normal
2026-03-30T01:03:42.000Z,4.9621,1.1978,124.4444,9.47,4.57,2,normal
2026-03-30T01:03:43.000Z,4.9939,1.2088,124.5726,7.72,4.447,2,normal
2026-03-30T01:03:44.000Z,4.9792,1.1978,124.5299,10.57,4.424,2,normal
2026-03-30T01:03:45.000Z,4.9915,1.2051,124.4444,11.9,4.559,2,normal
2026-03-30T01:03:46.000Z,4.9646,1.1941,124.2735,10.82,4.417,2,normal
2026-03-30T01:03:47.000Z,4.9719,1.2051,124.4872,10.48,4.528,2,normal
2026-03-30T01:03:48.000Z,4.9695,1.1978,124.5299,9.61,4.477,2,normal
2026-03-30T01:03:49.000Z,4.9573,1.1978,124.5299,9.57,4.496,2,normal
2026-03-30T01:03:50.000Z,4.9719,1.1978,124.4017,9.37,4.537,2,normal
2026-03-30T01:03:51.000Z,4.9719,1.1941,124.3162,8.85,4.492,2,normal
2026-03-30T01:03:52.000Z,4.9475,1.2051,124.4444,8.74,4.451,2,normal
2026-03-30T01:03:53.000Z,4.9792,1.1941,124.4872,9.9,4.44,2,normal
2026-03-30T01:03:54.000Z,4.9841,1.2051,124.4444,8.81,4.451,2,normal
2026-03-30T01:03:55.000Z,4.9792,1.2015,124.4017,9.52,4.447,2,normal
2026-03-30T01:03:56.000Z,4.9841,1.1978,124.359,9.1,4.492,2,normal
2026-03-30T01:03:57.000Z,4.9841,1.1978,124.5726,9.23,4.567,2,normal
2026-03-30T01:03:58.000Z,4.9792,1.1905,124.4872,8.75,4.455,2,normal
2026-03-30T01:03:59.000Z,4.9695,1.2051,124.5726,11.02,4.45,2,normal
2026-03-30T01:04:00.000Z,4.9719,1.2051,124.6581,9.99,4.515,2,normal
2026-03-30T01:04:01.000Z,4.9768,1.1978,124.5299,10.92,4.545,2,normal
2026-03-30T01:04:02.000Z,4.9744,1.1941,124.4872,10.25,4.431,2,normal
2026-03-30T01:04:03.000Z,4.9744,1.1978,124.4872,10.08,4.435,2,normal
2026-03-30T01:04:04.000Z,4.9744,1.2051,124.3162,10.18,4.557,2,normal
2026-03-30T01:04:05.000Z,4.967,1.2015,124.359,10.08,4.548,2,normal
2026-03-30T01:04:06.000Z,4.9963,1.2015,124.3162,7.95,4.541,2,normal
2026-03-30T01:04:07.000Z,4.9768,1.2051,124.5299,11.69,4.572,2,normal
2026-03-30T01:04:08.000Z,4.9768,1.1978,124.4444,10.72,4.425,2,normal
2026-03-30T01:04:09.000Z,4.9744,1.1978,124.7436,8.98,4.545,2,normal
2026-03-30T01:04:10.000Z,4.9719,1.2051,124.5299,11.19,4.42,2,normal
2026-03-30T01:04:11.000Z,4.9817,1.1905,124.4017,8.84,4.439,2,normal
2026-03-30T01:04:12.000Z,4.9524,1.1978,124.4444,8.35,4.467,2,normal
2026-03-30T01:04:13.000Z,4.9597,1.1978,124.5726,10.01,4.517,2,normal
2026-03-30T01:04:14.000Z,4.9817,1.1978,124.4872,9.04,4.432,2,normal
2026-03-30T01:04:15.000Z,4.9719,1.2051,124.6154,10.52,4.549,2,normal
2026-03-30T01:04:16.000Z,4.9744,1.2015,124.4444,9.75,4.569,2,normal
2026-03-30T01:04:17.000Z,4.967,1.1978,124.5299,9.74,4.424,2,normal
2026-03-30T01:04:18.000Z,4.9841,1.2088,124.6154,11.74,4.504,2,normal
2026-03-30T01:04:19.000Z,4.9744,1.2015,124.5299,8.53,4.482,2,normal
2026-03-30T01:04:20.000Z,4.967,1.1941,124.4872,8.99,4.484,2,normal
2026-03-30T01:04:21.000Z,4.9768,1.2088,124.3162,7.6,4.524,2,normal
2026-03-30T01:04:22.000Z,4.9841,1.2088,124.5726,9.88,4.497,2,normal
2026-03-30T01:04:23.000Z,4.9866,1.2088,124.4444,10.14,4.486,2,normal
2026-03-30T01:04:24.000Z,4.9524,1.2015,124.2308,9.73,4.421,2,normal
2026-03-30T01:04:25.000Z,4.9939,1.2015,124.4017,10.75,4.422,2,normal
2026-03-30T01:04:26.000Z,4.9841,1.2015,124.2735,7.15,4.538,2,normal
2026-03-30T01:04:27.000Z,4.9744,1.1941,124.5726,8.72,4.438,2,normal
2026-03-30T01:04:28.000Z,4.9841,1.2015,124.5299,11.3,4.499,2,normal
2026-03-30T01:04:29.000Z,4.9988,1.2015,124.4017,10.01,4.451,2,normal
2026-03-30T01:04:30.000Z,4.9744,1.1978,124.6154,10.64,4.533,2,normal
2026-03-30T01:04:31.000Z,4.9768,1.2051,124.5299,11.52,4.496,2,normal
2026-03-30T01:04:32.000Z,4.9744,1.2088,124.5299,10.11,4.418,2,normal
2026-03-30T01:04:33.000Z,4.9817,1.2015,124.4872,9.95,4.5,2,normal
2026-03-30T01:04:34.000Z,4.9841,1.1978,124.4872,8.73,4.455,2,normal
2026-03-30T01:04:35.000Z,4.9768,1.1941,124.4872,9.72,4.542,2,normal
2026-03-30T01:04:36.000Z,4.9768,1.2051,124.5299,11.28,4.421,2,normal
2026-03-30T01:04:37.000Z,4.9695,1.1941,124.7436,11.21,4.52,2,normal
2026-03-30T01:04:38.000Z,4.9719,1.1868,124.4872,9.96,4.536,2,normal
2026-03-30T01:04:39.000Z,4.9695,1.2015,124.3162,8.0,4.534,2,normal
2026-03-30T01:04:40.000Z,4.9695,1.1905,124.359,9.35,4.464,2,normal
2026-03-30T01:04:41.000Z,4.9744,1.2088,124.8291,9.15,4.508,2,normal
2026-03-30T01:04:42.000Z,4.9768,1.1978,124.359,10.21,4.563,2,normal
2026-03-30T01:04:43.000Z,4.9524,1.1905,124.6154,9.74,4.459,2,normal
2026-03-30T01:04:44.000Z,4.9792,1.2051,124.5299,7.43,4.43,2,normal
2026-03-30T01:04:45.000Z,4.9866,1.1978,124.7009,11.47,4.507,2,normal
2026-03-30T01:04:46.000Z,4.9817,1.1905,124.4017,9.83,4.57,2,normal
2026-03-30T01:04:47.000Z,5.0012,1.2015,124.3162,10.66,4.55,2,normal
2026-03-30T01:04:48.000Z,4.9768,1.1978,124.6154,10.66,4.484,2,normal
2026-03-30T01:04:49.000Z,4.9768,1.2051,124.6154,9.36,4.458,2,normal
2026-03-30T01:04:50.000Z,4.9695,1.2015,124.2735,8.89,4.439,2,normal
2026-03-30T01:04:51.000Z,4.9768,1.2051,124.5299,11.69,4.533,2,normal
2026-03-30T01:04:52.000Z,4.9621,1.1978,124.5726,9.77,4.5,2,normal
2026-03-30T01:04:53.000Z,4.9695,1.1941,124.6581,9.78,4.542,2,normal
2026-03-30T01:04:54.000Z,4.9744,1.2015,124.5299,9.48,4.502,2,normal
2026-03-30T01:04:55.000Z,4.9768,1.1978,124.4017,10.87,4.438,2,normal
2026-03-30T01:04:56.000Z,4.9988,1.1978,124.5299,9.31,4.466,2,normal
2026-03-30T01:04:57.000Z,4.9744,1.2015,124.5726,9.89,4.465,2,normal
2026-03-30T01:04:58.000Z,4.9792,1.2015,124.4872,7.08,4.505,2,normal
2026-03-30T01:04:59.000Z,4.9866,1.1941,124.359,7.34,4.516,2,normal
2026-03-30T01:05:00.000Z,4.9499,1.1978,124.5726,10.07,4.526,2,normal
2026-03-30T01:05:01.000Z,4.9719,1.2051,124.5299,10.14,4.445,2,normal
2026-03-30T01:05:02.000Z,4.9792,1.2015,124.6154,9.97,4.508,2,normal
2026-03-30T01:05:03.000Z,4.9744,1.2088,124.3162,10.17,4.535,2,normal
2026-03-30T01:05:04.000Z,5.0012,1.2051,124.6581,11.26,4.565,2,normal
2026-03-30T01:05:05.000Z,4.9792,1.2051,124.359,11.03,4.458,2,normal
2026-03-30T01:05:06.000Z,4.9744,1.1941,124.3162,9.85,4.536,2,normal
2026-03-30T01:05:07.000Z,4.9939,1.2088,124.5299,8.28,4.537,2,normal
2026-03-30T01:05:08.000Z,4.9915,1.2051,124.359,9.66,4.444,2,normal
2026-03-30T01:05:09.000Z,4.9841,1.2088,124.5726,9.72,4.465,2,normal
2026-03-30T01:05:10.000Z,4.9744,1.1978,124.4872,9.15,4.418,2,normal
2026-03-30T01:05:11.000Z,4.9768,1.1978,124.2308,9.25,4.532,2,normal
2026-03-30T01:05:12.000Z,4.9768,1.2015,124.4017,11.31,4.484,2,normal
2026-03-30T01:05:13.000Z,4.9768,1.2051,124.3162,12.21,4.537,2,normal
2026-03-30T01:05:14.000Z,4.9719,1.1868,124.4872,10.6,4.48,2,normal
2026-03-30T01:05:15.000Z,4.9744,1.2051,124.6581,8.45,4.481,2,normal
2026-03-30T01:05:16.000Z,4.989,1.1978,124.3162,10.22,4.436,2,normal
2026-03-30T01:05:17.000Z,4.9744,1.1941,124.8291,9.1,4.58,2,normal
2026-03-30T01:05:18.000Z,4.967,1.2015,124.5726,9.18,4.518,2,normal
2026-03-30T01:05:19.000Z,4.9792,1.1941,124.188,8.51,4.517,2,normal
2026-03-30T01:05:20.000Z,4.9792,1.2015,124.4444,9.77,4.498,2,normal
2026-03-30T01:05:21.000Z,4.9768,1.1978,124.2735,10.43,4.453,2,normal
2026-03-30T01:05:22.000Z,4.9621,1.1978,124.6581,10.84,4.486,2,normal
2026-03-30T01:05:23.000Z,4.967,1.2015,124.4444,10.32,4.431,2,normal
2026-03-30T01:05:24.000Z,4.9646,1.1978,124.4872,11.75,4.475,2,normal
2026-03-30T01:05:25.000Z,4.9866,1.2051,124.359,12.53,4.521,2,normal
2026-03-30T01:05:26.000Z,4.9841,1.2015,124.4444,8.08,4.433,2,normal
2026-03-30T01:05:27.000Z,4.9646,1.2015,124.4444,11.23,4.502,2,normal
2026-03-30T01:05:28.000Z,4.9768,1.1978,124.4444,9.13,4.453,2,normal
2026-03-30T01:05:29.000Z,4.9597,1.1905,124.359,9.83,4.546,2,normal
2026-03-30T01:05:30.000Z,4.9646,1.1978,124.4444,11.9,4.503,2,normal
2026-03-30T01:05:31.000Z,4.9744,1.2015,124.6154,9.74,4.554,2,normal
2026-03-30T01:05:32.000Z,4.9475,1.2015,124.6581,10.53,4.56,2,normal
2026-03-30T01:05:33.000Z,4.989,1.1978,124.4017,11.89,4.446,2,normal
2026-03-30T01:05:34.000Z,4.9719,1.1941,124.5299,10.46,4.537,2,normal
2026-03-30T01:05:35.000Z,4.9768,1.2051,124.4444,9.41,4.433,2,normal
2026-03-30T01:05:36.000Z,4.9548,1.1868,124.4444,12.11,4.45,2,normal
2026-03-30T01:05:37.000Z,4.9817,1.2051,124.7009,10.69,4.551,2,normal
2026-03-30T01:05:38.000Z,4.9597,1.2015,124.2308,9.96,4.46,2,normal
2026-03-30T01:05:39.000Z,4.9744,1.2051,124.5726,9.26,4.437,2,normal
2026-03-30T01:05:40.000Z,4.9866,1.1978,124.6581,8.38,4.493,2,normal
2026-03-30T01:05:41.000Z,4.967,1.2015,124.359,9.31,4.517,2,normal
2026-03-30T01:05:42.000Z,4.9915,1.2015,124.188,7.08,4.523,2,normal
2026-03-30T01:05:43.000Z,4.9646,1.2051,124.2735,10.25,4.432,2,normal
2026-03-30T01:05:44.000Z,4.9597,1.1941,124.2735,8.21,4.469,2,normal
2026-03-30T01:05:45.000Z,4.9768,1.2015,124.4444,10.4,4.487,2,normal
2026-03-30T01:05:46.000Z,4.989,1.1978,124.4872,9.63,4.564,2,normal
2026-03-30T01:05:47.000Z,4.9695,1.2015,124.2735,8.62,4.416,2,normal
2026-03-30T01:05:48.000Z,4.9841,1.2015,124.5726,8.07,4.492,2,normal
2026-03-30T01:05:49.000Z,4.9744,1.2051,124.5299,10.18,4.435,2,normal
2026-03-30T01:05:50.000Z,4.9573,1.2051,124.1453,11.8,4.524,2,normal
2026-03-30T01:05:51.000Z,4.967,1.2015,124.6154,9.84,4.497,2,normal
2026-03-30T01:05:52.000Z,4.9817,1.1978,124.5299,10.58,4.489,2,normal
2026-03-30T01:05:53.000Z,4.9866,1.2015,124.188,9.72,4.542,2,normal
2026-03-30T01:05:54.000Z,4.9719,1.1978,124.2308,8.73,4.472,2,normal
2026-03-30T01:05:55.000Z,4.967,1.2051,124.5726,10.05,4.525,2,normal
2026-03-30T01:05:56.000Z,4.9939,1.2051,124.4017,11.61,4.57,2,normal
2026-03-30T01:05:57.000Z,4.9915,1.1978,124.6154,10.11,4.576,2,normal
2026-03-30T01:05:58.000Z,4.967,1.1905,124.2735,9.11,4.457,2,normal
2026-03-30T01:05:59.000Z,4.9744,1.2015,124.4444,8.21,4.474,2,normal
2026-03-30T01:06:00.000Z,4.9817,1.1978,124.2735,12.06,4.561,2,normal
2026-03-30T01:06:01.000Z,4.989,1.2015,124.3162,9.39,4.467,2,normal
2026-03-30T01:06:02.000Z,4.9573,1.2051,124.4444,8.54,4.48,2,normal
2026-03-30T01:06:03.000Z,4.9768,1.2015,124.8291,11.03,4.576,2,normal
2026-03-30T01:06:04.000Z,4.9719,1.2015,124.6581,7.5,4.444,2,normal
2026-03-30T01:06:05.000Z,4.9621,1.1978,124.6154,8.4,4.557,2,normal
2026-03-30T01:06:06.000Z,4.9719,1.2015,124.359,8.77,4.452,2,normal
2026-03-30T01:06:07.000Z,4.9768,1.1978,124.7863,8.39,4.549,2,normal
2026-03-30T01:06:08.000Z,4.967,1.2015,124.5299,10.53,4.477,2,normal
2026-03-30T01:06:09.000Z,4.9817,1.1941,124.6154,11.47,4.506,2,normal
2026-03-30T01:06:10.000Z,4.9817,1.1978,124.359,9.0,4.523,2,normal
2026-03-30T01:06:11.000Z,4.967,1.2015,124.7436,11.38,4.435,2,normal
2026-03-30T01:06:12.000Z,4.9915,1.2015,124.359,9.21,4.495,2,normal
2026-03-30T01:06:13.000Z,5.0085,1.1905,124.4444,9.99,4.509,2,normal
2026-03-30T01:06:14.000Z,4.9866,1.1978,124.1453,10.57,4.468,2,normal
2026-03-30T01:06:15.000Z,4.9548,1.2051,124.4444,10.79,4.43,2,normal
2026-03-30T01:06:16.000Z,4.9792,1.2015,124.3162,9.25,4.51,2,normal
2026-03-30T01:06:17.000Z,4.9646,1.2015,124.4872,10.5,4.442,2,normal
2026-03-30T01:06:18.000Z,4.9646,1.2015,124.6154,7.81,4.493,2,normal
2026-03-30T01:06:19.000Z,4.9866,1.2051,124.4872,11.53,4.486,2,normal
2026-03-30T01:06:20.000Z,4.9451,1.2015,124.4444,8.67,4.492,2,normal
2026-03-30T01:06:21.000Z,4.9841,1.1978,124.5726,9.99,4.45,2,normal
2026-03-30T01:06:22.000Z,4.967,1.1941,124.5299,11.47,4.539,2,normal
2026-03-30T01:06:23.000Z,4.9792,1.1978,123.9744,8.43,4.528,2,normal
2026-03-30T01:06:24.000Z,4.9866,1.1978,124.4872,10.65,4.419,2,normal
2026-03-30T01:06:25.000Z,4.9866,1.2051,124.5299,7.9,4.497,2,normal
2026-03-30T01:06:26.000Z,4.9866,1.2015,124.4017,10.18,4.506,2,normal
2026-03-30T01:06:27.000Z,4.9915,1.1941,124.359,10.71,4.572,2,normal
2026-03-30T01:06:28.000Z,4.9719,1.1941,124.5299,9.78,4.425,2,normal
2026-03-30T01:06:29.000Z,4.9792,1.2051,124.359,9.95,4.476,2,normal
2026-03-30T01:06:30.000Z,4.9866,1.2088,124.5299,10.78,4.45,2,normal
2026-03-30T01:06:31.000Z,4.989,1.2051,124.359,9.6,4.482,2,normal
2026-03-30T01:06:32.000Z,4.9866,1.2015,124.6154,11.29,4.533,2,normal
2026-03-30T01:06:33.000Z,4.9646,1.1941,124.5726,10.84,4.423,2,normal
2026-03-30T01:06:34.000Z,4.9988,1.1941,124.4444,9.69,4.524,2,normal
2026-03-30T01:06:35.000Z,4.989,1.2015,124.5726,7.93,4.459,2,normal
2026-03-30T01:06:36.000Z,4.9768,1.1905,124.4444,9.52,4.54,2,normal
2026-03-30T01:06:37.000Z,4.9792,1.1978,124.2735,6.94,4.468,2,normal
2026-03-30T01:06:38.000Z,4.967,1.1978,124.5726,10.05,4.449,2,normal
2026-03-30T01:06:39.000Z,4.9695,1.1905,124.4017,10.43,4.497,2,normal
2026-03-30T01:06:40.000Z,4.967,1.1978,124.6154,10.65,4.488,2,normal
2026-03-30T01:06:41.000Z,4.9841,1.2088,124.6581,10.29,4.502,2,normal
2026-03-30T01:06:42.000Z,4.9817,1.2015,124.5299,11.01,4.551,2,normal
2026-03-30T01:06:43.000Z,4.9768,1.2015,124.359,10.1,4.567,2,normal
2026-03-30T01:06:44.000Z,4.9792,1.2015,124.5299,7.7,4.55,2,normal
2026-03-30T01:06:45.000Z,4.967,1.1905,124.359,7.96,4.434,2,normal
2026-03-30T01:06:46.000Z,4.9915,1.2051,124.6154,11.9,4.477,2,normal
2026-03-30T01:06:47.000Z,4.9939,1.1941,124.4017,10.68,4.421,2,normal
2026-03-30T01:06:48.000Z,4.9792,1.1941,124.4872,10.56,4.45,2,normal
2026-03-30T01:06:49.000Z,4.9719,1.2015,124.5299,10.02,4.484,2,normal
2026-03-30T01:06:50.000Z,4.9719,1.1978,124.6581,9.76,4.575,2,normal
2026-03-30T01:06:51.000Z,4.9915,1.1978,124.4444,12.01,4.426,2,normal
2026-03-30T01:06:52.000Z,4.9695,1.1905,124.188,10.53,4.537,2,normal
2026-03-30T01:06:53.000Z,4.967,1.2088,124.7009,11.19,4.491,2,normal
2026-03-30T01:06:54.000Z,4.9548,1.1941,124.5299,7.37,4.465,2,normal
2026-03-30T01:06:55.000Z,4.9817,1.2015,124.4872,9.24,4.564,2,normal
2026-03-30T01:06:56.000Z,4.9817,1.2051,124.4017,11.21,4.442,2,normal
2026-03-30T01:06:57.000Z,4.9866,1.2088,124.4444,9.52,4.417,2,normal
2026-03-30T01:06:58.000Z,4.989,1.1978,124.4872,7.94,4.468,2,normal
2026-03-30T01:06:59.000Z,4.9841,1.1941,124.7436,8.88,4.577,2,normal
2026-03-30T01:07:00.000Z,4.989,1.2015,124.359,11.38,4.436,2,normal
2026-03-30T01:07:01.000Z,4.9475,1.1941,124.3162,9.89,4.431,2,normal
2026-03-30T01:07:02.000Z,4.9719,1.1941,124.5299,10.57,4.425,2,normal
2026-03-30T01:07:03.000Z,4.9744,1.1978,124.6581,10.17,4.487,2,normal
2026-03-30T01:07:04.000Z,4.9817,1.1978,124.3162,10.44,4.554,2,normal
2026-03-30T01:07:05.000Z,4.9744,1.2051,124.359,9.62,4.459,2,normal
2026-03-30T01:07:06.000Z,4.9621,1.2088,124.4444,10.13,4.498,2,normal
2026-03-30T01:07:07.000Z,4.9744,1.2088,124.359,9.87,4.575,2,normal
2026-03-30T01:07:08.000Z,4.9573,1.2015,124.4872,9.92,4.42,2,normal
2026-03-30T01:07:09.000Z,4.9719,1.2088,124.4444,9.31,4.512,2,normal
2026-03-30T01:07:10.000Z,4.9915,1.2051,124.6154,8.78,4.568,2,normal
2026-03-30T01:07:11.000Z,4.9719,1.2015,124.5299,10.06,4.509,2,normal
2026-03-30T01:07:12.000Z,4.9768,1.2015,124.5726,9.26,4.449,2,normal
2026-03-30T01:07:13.000Z,4.9768,1.2015,124.4872,10.81,4.424,2,normal
2026-03-30T01:07:14.000Z,4.9548,1.2015,124.5726,8.9,4.575,2,normal
2026-03-30T01:07:15.000Z,4.989,1.2015,124.7009,10.96,4.471,2,normal
2026-03-30T01:07:16.000Z,4.9548,1.2015,124.4017,11.01,4.498,2,normal
2026-03-30T01:07:17.000Z,4.9719,1.1978,124.2735,9.08,4.447,2,normal
2026-03-30T01:07:18.000Z,4.9695,1.2051,124.4872,11.78,4.48,2,normal
2026-03-30T01:07:19.000Z,4.9841,1.2051,124.5299,9.95,4.473,2,normal
2026-03-30T01:07:20.000Z,4.9646,1.1978,124.4444,9.4,4.55,2,normal
2026-03-30T01:07:21.000Z,4.9597,1.2088,124.5299,11.16,4.427,2,normal
2026-03-30T01:07:22.000Z,4.9597,1.1905,124.5299,11.45,4.516,2,normal
2026-03-30T01:07:23.000Z,4.9597,1.2015,124.188,10.38,4.495,2,normal
2026-03-30T01:07:24.000Z,4.9866,1.1978,124.5299,10.92,4.443,2,normal
2026-03-30T01:07:25.000Z,4.9695,1.1905,124.5726,8.59,4.521,2,normal
2026-03-30T01:07:26.000Z,4.967,1.1905,124.188,12.61,4.431,2,normal
2026-03-30T01:07:27.000Z,4.9841,1.2015,124.5726,10.27,4.494,2,normal
2026-03-30T01:07:28.000Z,4.9866,1.2088,124.4872,9.09,4.46,2,normal
2026-03-30T01:07:29.000Z,4.989,1.1868,124.359,9.7,4.456,2,normal
2026-03-30T01:07:30.000Z,4.989,1.1978,124.7436,7.63,4.487,2,normal
2026-03-30T01:07:31.000Z,4.9817,1.2051,124.2308,10.05,4.44,2,normal
2026-03-30T01:07:32.000Z,4.9646,1.1978,124.4444,12.19,4.461,2,normal
2026-03-30T01:07:33.000Z,4.9915,1.2051,124.5726,10.57,4.555,2,normal
2026-03-30T01:07:34.000Z,4.9841,1.1978,124.4017,11.67,4.438,2,normal
2026-03-30T01:07:35.000Z,4.9744,1.2015,124.4017,12.05,4.499,2,normal
2026-03-30T01:07:36.000Z,4.9841,1.1978,124.1453,9.94,4.489,2,normal
2026-03-30T01:07:37.000Z,4.9744,1.1978,124.6154,7.63,4.443,2,normal
2026-03-30T01:07:38.000Z,4.9841,1.1978,124.6154,9.05,4.545,2,normal
2026-03-30T01:07:39.000Z,4.9963,1.2015,124.3162,8.34,4.532,2,normal
2026-03-30T01:07:40.000Z,4.9744,1.1941,124.5726,9.54,4.487,2,normal
2026-03-30T01:07:41.000Z,4.9621,1.2015,124.2735,10.56,4.454,2,normal
2026-03-30T01:07:42.000Z,4.9866,1.1941,124.5726,9.51,4.475,2,normal
2026-03-30T01:07:43.000Z,4.9744,1.1941,124.4444,11.4,4.523,2,normal
2026-03-30T01:07:44.000Z,4.9744,1.2015,124.5726,9.2,4.498,2,normal
2026-03-30T01:07:45.000Z,4.9597,1.1905,124.5299,9.47,4.505,2,normal
2026-03-30T01:07:46.000Z,4.9744,1.1905,124.6154,10.69,4.44,2,normal
2026-03-30T01:07:47.000Z,4.9744,1.1941,124.4872,9.81,4.437,2,normal
2026-03-30T01:07:48.000Z,4.9719,1.1978,124.4017,10.61,4.541,2,normal
2026-03-30T01:07:49.000Z,4.9646,1.2051,124.6581,10.65,4.446,2,normal
2026-03-30T01:07:50.000Z,4.9817,1.1941,124.5299,11.44,4.502,2,normal
2026-03-30T01:07:51.000Z,4.9915,1.2051,124.3162,9.35,4.536,2,normal
2026-03-30T01:07:52.000Z,4.9744,1.1978,124.6154,9.66,4.54,2,normal
2026-03-30T01:07:53.000Z,4.967,1.2088,124.6154,11.4,4.545,2,normal
2026-03-30T01:07:54.000Z,4.9841,1.1978,124.4872,11.33,4.512,2,normal
2026-03-30T01:07:55.000Z,4.9621,1.1978,124.5299,8.93,4.551,2,normal
2026-03-30T01:07:56.000Z,4.9768,1.1978,124.4017,10.38,4.549,2,normal
2026-03-30T01:07:57.000Z,4.9915,1.2051,124.3162,9.58,4.446,2,normal
2026-03-30T01:07:58.000Z,4.9841,1.1978,124.7436,9.76,4.456,2,normal
2026-03-30T01:07:59.000Z,4.9841,1.2015,124.7009,10.33,4.478,2,normal
2026-03-30T01:08:00.000Z,4.989,1.2015,124.5299,10.61,4.491,2,normal
2026-03-30T01:08:01.000Z,4.9841,1.1978,124.6581,10.0,4.426,2,normal
2026-03-30T01:08:02.000Z,4.9719,1.2015,124.7863,10.99,4.426,2,normal
2026-03-30T01:08:03.000Z,4.9817,1.2051,124.359,8.96,4.549,2,normal
2026-03-30T01:08:04.000Z,4.9841,1.2015,124.8718,9.13,4.455,2,normal
2026-03-30T01:08:05.000Z,4.9719,1.2051,124.1026,9.87,4.451,2,normal
2026-03-30T01:08:06.000Z,4.9841,1.2088,124.5299,11.04,4.522,2,normal
2026-03-30T01:08:07.000Z,4.9646,1.2015,124.6154,12.13,4.45,2,normal
2026-03-30T01:08:08.000Z,4.9768,1.2051,124.4444,9.24,4.462,2,normal
2026-03-30T01:08:09.000Z,4.9817,1.2015,124.6154,10.49,4.434,2,normal
2026-03-30T01:08:10.000Z,4.9939,1.1978,124.2735,12.3,4.446,2,normal
2026-03-30T01:08:11.000Z,4.9866,1.2051,124.5299,9.02,4.493,2,normal
2026-03-30T01:08:12.000Z,4.9866,1.2088,124.188,10.25,4.448,2,normal
2026-03-30T01:08:13.000Z,4.9841,1.1978,124.4872,9.63,4.461,2,normal
2026-03-30T01:08:14.000Z,4.9768,1.1978,124.4017,10.78,4.498,2,normal
2026-03-30T01:08:15.000Z,4.989,1.2015,123.9744,8.59,4.511,2,normal
2026-03-30T01:08:16.000Z,4.9841,1.2051,124.5299,12.05,4.463,2,normal
2026-03-30T01:08:17.000Z,4.9841,1.1978,124.4872,9.41,4.496,2,normal
2026-03-30T01:08:18.000Z,4.9841,1.2015,124.4872,7.86,4.497,2,normal
2026-03-30T01:08:19.000Z,4.9817,1.1832,124.359,8.14,4.442,2,normal
2026-03-30T01:08:20.000Z,4.9646,1.1978,124.6581,10.51,4.554,2,normal
2026-03-30T01:08:21.000Z,4.9866,1.2051,124.5726,10.34,4.445,2,normal
2026-03-30T01:08:22.000Z,4.9744,1.1978,124.2308,11.47,4.572,2,normal
2026-03-30T01:08:23.000Z,4.9768,1.1941,124.6154,9.9,4.56,2,normal
2026-03-30T01:08:24.000Z,4.9792,1.2015,124.1026,10.79,4.458,2,normal
2026-03-30T01:08:25.000Z,4.989,1.2088,124.359,10.05,4.508,2,normal
2026-03-30T01:08:26.000Z,4.989,1.1978,124.4872,11.08,4.465,2,normal
2026-03-30T01:08:27.000Z,4.9646,1.1978,124.5726,8.94,4.491,2,normal
2026-03-30T01:08:28.000Z,4.9719,1.1978,124.6581,11.17,4.482,2,normal
2026-03-30T01:08:29.000Z,4.9841,1.1941,124.3162,10.33,4.552,2,normal
2026-03-30T01:08:30.000Z,4.9695,1.1941,124.5299,10.55,4.526,2,normal
2026-03-30T01:08:31.000Z,4.9817,1.1905,124.4017,9.16,4.57,2,normal
2026-03-30T01:08:32.000Z,4.9817,1.2015,124.6581,9.58,4.478,2,normal
2026-03-30T01:08:33.000Z,4.9744,1.2015,124.2735,9.9,4.488,2,normal
2026-03-30T01:08:34.000Z,4.9744,1.2015,124.5299,9.74,4.5,2,normal
2026-03-30T01:08:35.000Z,4.989,1.1941,124.359,8.07,4.477,2,normal
2026-03-30T01:08:36.000Z,4.9841,1.1905,124.4444,11.11,4.422,2,normal
2026-03-30T01:08:37.000Z,4.9719,1.1978,124.5726,10.8,4.486,2,normal
2026-03-30T01:08:38.000Z,4.9768,1.1941,124.359,10.84,4.523,2,normal
2026-03-30T01:08:39.000Z,4.9768,1.1978,124.6154,7.61,4.437,2,normal
2026-03-30T01:08:40.000Z,4.9744,1.2015,124.5726,10.97,4.555,2,normal
2026-03-30T01:08:41.000Z,4.9695,1.2015,124.6581,8.35,4.542,2,normal
2026-03-30T01:08:42.000Z,4.9792,1.1978,124.2735,10.16,4.537,2,normal
2026-03-30T01:08:43.000Z,4.9597,1.2051,124.359,10.21,4.45,2,normal
2026-03-30T01:08:44.000Z,4.9792,1.2015,124.359,8.2,4.527,2,normal
2026-03-30T01:08:45.000Z,4.967,1.1941,124.5726,10.03,4.537,2,normal
2026-03-30T01:08:46.000Z,5.0061,1.1978,124.2735,10.04,4.521,2,normal
2026-03-30T01:08:47.000Z,4.9817,1.2015,124.4444,8.3,4.426,2,normal
2026-03-30T01:08:48.000Z,4.9646,1.2015,124.359,7.89,4.504,2,normal
2026-03-30T01:08:49.000Z,4.9841,1.2051,124.2735,10.03,4.445,2,normal
2026-03-30T01:08:50.000Z,4.9768,1.2015,124.5299,8.38,4.571,2,normal
2026-03-30T01:08:51.000Z,4.9744,1.2015,124.4872,11.83,4.51,2,normal
2026-03-30T01:08:52.000Z,4.9646,1.1941,124.4872,8.73,4.508,2,normal
2026-03-30T01:08:53.000Z,4.9744,1.2015,124.4017,10.31,4.529,2,normal
2026-03-30T01:08:54.000Z,4.9719,1.2015,124.7009,9.09,4.433,2,normal
2026-03-30T01:08:55.000Z,4.9524,1.1905,124.4444,9.41,4.467,2,normal
2026-03-30T01:08:56.000Z,4.9866,1.1978,124.4444,10.14,4.531,2,normal
2026-03-30T01:08:57.000Z,4.967,1.1941,124.2735,7.17,4.43,2,normal
2026-03-30T01:08:58.000Z,4.9499,1.1941,124.5299,13.17,4.515,2,normal
2026-03-30T01:08:59.000Z,4.9768,1.2015,124.5726,8.33,4.485,2,normal
2026-03-30T01:09:00.000Z,4.9768,1.2015,124.6154,11.34,4.549,2,normal
2026-03-30T01:09:01.000Z,4.9768,1.1978,124.4444,11.43,4.443,2,normal
2026-03-30T01:09:02.000Z,4.9768,1.2051,124.5726,8.9,4.462,2,normal
2026-03-30T01:09:03.000Z,4.9573,1.1978,124.5299,7.98,4.529,2,normal
2026-03-30T01:09:04.000Z,4.9719,1.1978,124.4872,9.32,4.493,2,normal
2026-03-30T01:09:05.000Z,4.9744,1.1905,124.4872,7.74,4.461,2,normal
2026-03-30T01:09:06.000Z,4.9817,1.2051,124.4872,8.93,4.555,2,normal
2026-03-30T01:09:07.000Z,4.9524,1.2051,124.4872,10.88,4.459,2,normal
2026-03-30T01:09:08.000Z,4.9548,1.1941,124.5299,7.81,4.523,2,normal
2026-03-30T01:09:09.000Z,4.9768,1.2088,124.4872,9.13,4.435,2,normal
2026-03-30T01:09:10.000Z,4.9817,1.2015,124.6581,11.26,4.425,2,normal
2026-03-30T01:09:11.000Z,4.9719,1.1941,124.5299,9.76,4.5,2,normal
2026-03-30T01:09:12.000Z,4.9597,1.2015,124.7863,10.22,4.444,2,normal
2026-03-30T01:09:13.000Z,4.9963,1.1941,124.6581,9.4,4.541,2,normal
2026-03-30T01:09:14.000Z,4.9597,1.1941,124.6154,12.37,4.525,2,normal
2026-03-30T01:09:15.000Z,4.9768,1.1941,124.5299,9.81,4.472,2,normal
2026-03-30T01:09:16.000Z,4.9695,1.1941,124.2735,10.01,4.428,2,normal
2026-03-30T01:09:17.000Z,4.9744,1.1978,124.3162,9.52,4.512,2,normal
2026-03-30T01:09:18.000Z,4.9646,1.2015,124.7009,11.07,4.482,2,normal
2026-03-30T01:09:19.000Z,4.9768,1.2015,124.4872,10.03,4.517,2,normal
2026-03-30T01:09:20.000Z,4.9792,1.2051,124.2735,6.34,4.483,2,normal
2026-03-30T01:09:21.000Z,4.9573,1.1978,124.3162,10.62,4.545,2,normal
2026-03-30T01:09:22.000Z,4.9866,1.1978,124.3162,9.02,4.499,2,normal
2026-03-30T01:09:23.000Z,4.9646,1.2015,124.5299,9.91,4.536,2,normal
2026-03-30T01:09:24.000Z,4.989,1.1978,124.4017,9.04,4.521,2,normal
2026-03-30T01:09:25.000Z,4.9841,1.2015,124.359,9.9,4.564,2,normal
2026-03-30T01:09:26.000Z,4.9719,1.1978,124.6154,10.63,4.564,2,normal
2026-03-30T01:09:27.000Z,4.9719,1.2015,124.3162,8.19,4.456,2,normal
2026-03-30T01:09:28.000Z,4.989,1.2088,124.2735,9.83,4.462,2,normal
2026-03-30T01:09:29.000Z,4.9792,1.2015,124.4017,8.1,4.423,2,normal
2026-03-30T01:09:30.000Z,4.989,1.1941,124.3162,10.45,4.428,2,normal
2026-03-30T01:09:31.000Z,4.9744,1.1905,124.3162,11.86,4.525,2,normal
2026-03-30T01:09:32.000Z,4.9719,1.2015,124.7863,9.14,4.56,2,normal
2026-03-30T01:09:33.000Z,4.9768,1.1941,124.4017,11.31,4.489,2,normal
2026-03-30T01:09:34.000Z,4.9768,1.1978,124.2735,11.61,4.481,2,normal
2026-03-30T01:09:35.000Z,4.9768,1.1978,124.8291,10.28,4.484,2,normal
2026-03-30T01:09:36.000Z,4.9792,1.2051,124.2308,9.59,4.509,2,normal
2026-03-30T01:09:37.000Z,4.9866,1.1941,124.6154,9.36,4.563,2,normal
2026-03-30T01:09:38.000Z,4.9621,1.2015,124.7009,10.2,4.461,2,normal
2026-03-30T01:09:39.000Z,4.9695,1.2015,124.359,10.86,4.516,2,normal
2026-03-30T01:09:40.000Z,4.9768,1.2051,124.6154,10.46,4.567,2,normal
2026-03-30T01:09:41.000Z,4.9719,1.2015,124.4017,9.15,4.574,2,normal
2026-03-30T01:09:42.000Z,4.9621,1.1978,124.7863,9.39,4.567,2,normal
2026-03-30T01:09:43.000Z,4.9621,1.1978,124.188,9.56,4.536,2,normal
2026-03-30T01:09:44.000Z,4.9573,1.1941,124.4444,10.67,4.531,2,normal
2026-03-30T01:09:45.000Z,4.9768,1.2051,124.359,9.22,4.464,2,normal
2026-03-30T01:09:46.000Z,4.989,1.2125,124.4872,10.71,4.546,2,normal
2026-03-30T01:09:47.000Z,4.9646,1.2015,124.7009,10.36,4.504,2,normal
2026-03-30T01:09:48.000Z,4.9915,1.2125,124.5726,11.68,4.481,2,normal
2026-03-30T01:09:49.000Z,4.9792,1.1978,124.7863,10.3,4.576,2,normal
2026-03-30T01:09:50.000Z,4.9548,1.2051,124.359,11.11,4.537,2,normal
2026-03-30T01:09:51.000Z,4.9841,1.1978,124.7009,8.24,4.555,2,normal
2026-03-30T01:09:52.000Z,4.9646,1.1978,124.6154,9.59,4.438,2,normal
2026-03-30T01:09:53.000Z,4.9939,1.1978,124.5299,9.9,4.518,2,normal
2026-03-30T01:09:54.000Z,4.9744,1.1941,124.4017,9.07,4.52,2,normal
2026-03-30T01:09:55.000Z,4.967,1.2051,124.5299,11.59,4.568,2,normal
2026-03-30T01:09:56.000Z,4.9915,1.1941,124.7009,12.59,4.522,2,normal
2026-03-30T01:09:57.000Z,4.9792,1.1978,124.5726,10.61,4.509,2,normal
2026-03-30T01:09:58.000Z,4.9768,1.1941,124.3162,8.53,4.515,2,normal
2026-03-30T01:09:59.000Z,4.9988,1.1905,124.4444,11.35,4.507,2,normal
2026-03-30T01:10:00.000Z,4.9744,1.2125,124.7436,8.42,4.425,2,normal
2026-03-30T01:10:01.000Z,4.9744,1.1905,124.6154,9.4,4.432,2,normal
2026-03-30T01:10:02.000Z,4.9695,1.2051,124.4017,9.35,4.482,2,normal
2026-03-30T01:10:03.000Z,4.9841,1.1868,124.6154,8.52,4.442,2,normal
2026-03-30T01:10:04.000Z,4.9548,1.1941,124.4872,8.33,4.554,2,normal
2026-03-30T01:10:05.000Z,4.9768,1.2051,124.5726,9.4,4.437,2,normal
2026-03-30T01:10:06.000Z,4.9817,1.2015,124.5299,10.21,4.523,2,normal
2026-03-30T01:10:07.000Z,4.9841,1.2051,124.4017,9.96,4.495,2,normal
2026-03-30T01:10:08.000Z,4.9719,1.2051,124.4444,9.8,4.453,2,normal
2026-03-30T01:10:09.000Z,4.9817,1.1941,124.6154,7.35,4.441,2,normal
2026-03-30T01:10:10.000Z,4.989,1.2015,124.359,8.51,4.427,2,normal
2026-03-30T01:10:11.000Z,4.9866,1.2015,124.5299,10.2,4.465,2,normal
2026-03-30T01:10:12.000Z,4.9841,1.2051,124.5299,9.86,4.489,2,normal
2026-03-30T01:10:13.000Z,4.9768,1.1978,124.4444,11.07,4.488,2,normal
2026-03-30T01:10:14.000Z,4.9744,1.2015,124.6154,10.5,4.576,2,normal
2026-03-30T01:10:15.000Z,4.967,1.1978,124.7436,8.72,4.471,2,normal
2026-03-30T01:10:16.000Z,4.9621,1.2015,124.4872,8.29,4.574,2,normal
2026-03-30T01:10:17.000Z,4.9573,1.2015,124.359,9.76,4.528,2,normal
2026-03-30T01:10:18.000Z,4.9744,1.1941,124.5726,9.64,4.461,2,normal
2026-03-30T01:10:19.000Z,4.9939,1.2088,124.188,10.28,4.503,2,normal
2026-03-30T01:10:20.000Z,4.9768,1.1941,124.4444,11.42,4.533,2,normal
2026-03-30T01:10:21.000Z,4.967,1.2015,124.5299,9.11,4.533,2,normal
2026-03-30T01:10:22.000Z,4.967,1.1978,124.3162,11.53,4.564,2,normal
2026-03-30T01:10:23.000Z,4.9792,1.1978,124.6154,9.97,4.42,2,normal
2026-03-30T01:10:24.000Z,4.9939,1.2051,124.4872,9.95,4.559,2,normal
2026-03-30T01:10:25.000Z,4.9817,1.2088,124.5726,10.12,4.514,2,normal
2026-03-30T01:10:26.000Z,4.9646,1.2015,124.5299,11.75,4.422,2,normal
2026-03-30T01:10:27.000Z,4.9866,1.2015,124.4872,7.92,4.535,2,normal
2026-03-30T01:10:28.000Z,4.9792,1.2051,124.6581,9.18,4.482,2,normal
2026-03-30T01:10:29.000Z,4.9719,1.1978,124.6581,9.69,4.49,2,normal
2026-03-30T01:10:30.000Z,4.9744,1.1978,124.4017,11.27,4.471,2,normal
2026-03-30T01:10:31.000Z,4.9744,1.1978,124.6154,8.21,4.451,2,normal
2026-03-30T01:10:32.000Z,4.9841,1.1978,124.4872,9.27,4.426,2,normal
2026-03-30T01:10:33.000Z,5.0037,1.1978,124.6154,12.03,4.497,2,normal
2026-03-30T01:10:34.000Z,4.9768,1.2015,124.4017,8.64,4.423,2,normal
2026-03-30T01:10:35.000Z,4.9621,1.1868,124.4444,10.18,4.513,2,normal
2026-03-30T01:10:36.000Z,4.9792,1.2051,124.7009,11.12,4.433,2,normal
2026-03-30T01:10:37.000Z,4.9597,1.1905,124.6154,7.58,4.557,2,normal
2026-03-30T01:10:38.000Z,4.9792,1.2015,124.5726,9.39,4.48,2,normal
2026-03-30T01:10:39.000Z,4.9817,1.1978,124.5726,10.92,4.425,2,normal
2026-03-30T01:10:40.000Z,4.9841,1.2015,124.5299,10.42,4.512,2,normal
2026-03-30T01:10:41.000Z,4.9817,1.1905,124.359,10.33,4.574,2,normal
2026-03-30T01:10:42.000Z,4.9841,1.1941,124.5299,9.12,4.418,2,normal
2026-03-30T01:10:43.000Z,4.9768,1.1978,124.359,8.9,4.532,2,normal
2026-03-30T01:10:44.000Z,4.9744,1.1905,124.5299,9.4,4.541,2,normal
2026-03-30T01:10:45.000Z,4.9646,1.2051,124.7436,10.86,4.466,2,normal
2026-03-30T01:10:46.000Z,4.9573,1.1905,124.4444,9.04,4.51,2,normal
2026-03-30T01:10:47.000Z,4.9841,1.2051,124.2308,6.01,4.436,2,normal
2026-03-30T01:10:48.000Z,4.9792,1.1978,124.359,8.4,4.564,2,normal
2026-03-30T01:10:49.000Z,4.9963,1.2015,124.188,10.66,4.532,2,normal
2026-03-30T01:10:50.000Z,4.9817,1.1941,124.4444,9.99,4.488,2,normal
2026-03-30T01:10:51.000Z,4.9866,1.1941,124.4872,10.47,4.547,2,normal
2026-03-30T01:10:52.000Z,4.9768,1.1941,124.4444,10.61,4.418,2,normal
2026-03-30T01:10:53.000Z,4.9792,1.2015,124.7009,9.6,4.52,2,normal
2026-03-30T01:10:54.000Z,4.9768,1.1978,124.4444,9.7,4.554,2,normal
2026-03-30T01:10:55.000Z,4.9695,1.2015,124.2735,9.79,4.534,2,normal
2026-03-30T01:10:56.000Z,4.9719,1.2051,124.4017,11.03,4.471,2,normal
2026-03-30T01:10:57.000Z,4.9597,1.1941,124.359,10.11,4.492,2,normal
2026-03-30T01:10:58.000Z,4.9719,1.2051,124.359,10.92,4.446,2,normal
2026-03-30T01:10:59.000Z,4.9768,1.1978,124.4444,8.67,4.438,2,normal
2026-03-30T01:11:00.000Z,4.9744,1.2015,124.6154,8.67,4.465,2,normal
2026-03-30T01:11:01.000Z,4.9915,1.2051,124.359,9.66,4.437,2,normal
2026-03-30T01:11:02.000Z,4.9915,1.2015,124.359,9.62,4.461,2,normal
2026-03-30T01:11:03.000Z,4.9866,1.2015,124.4017,10.0,4.506,2,normal
2026-03-30T01:11:04.000Z,4.9621,1.1978,124.4444,10.73,4.451,2,normal
2026-03-30T01:11:05.000Z,4.9621,1.2015,124.7009,8.77,4.484,2,normal
2026-03-30T01:11:06.000Z,4.967,1.1978,124.6154,9.3,4.498,2,normal
2026-03-30T01:11:07.000Z,4.9768,1.1978,124.3162,9.93,4.571,2,normal
2026-03-30T01:11:08.000Z,4.9866,1.2015,124.2308,8.97,4.482,2,normal
2026-03-30T01:11:09.000Z,4.9792,1.2015,124.359,9.34,4.483,2,normal
2026-03-30T01:11:10.000Z,4.9744,1.2015,124.4872,11.82,4.427,2,normal
2026-03-30T01:11:11.000Z,4.9768,1.1978,124.4444,10.4,4.417,2,normal
2026-03-30T01:11:12.000Z,4.9817,1.1978,124.2735,9.44,4.495,2,normal
2026-03-30T01:11:13.000Z,4.9817,1.1978,124.6154,10.92,4.428,2,normal
2026-03-30T01:11:14.000Z,4.9817,1.2015,124.5299,10.27,4.469,2,normal
2026-03-30T01:11:15.000Z,4.9792,1.1978,124.359,6.91,4.533,2,normal
2026-03-30T01:11:16.000Z,4.9792,1.2015,124.4017,8.21,4.574,2,normal
2026-03-30T01:11:17.000Z,4.9768,1.1978,124.4017,9.27,4.566,2,normal
2026-03-30T01:11:18.000Z,4.9841,1.1941,124.6581,9.68,4.482,2,normal
2026-03-30T01:11:19.000Z,4.9719,1.2015,124.8291,9.0,4.454,2,normal
2026-03-30T01:11:20.000Z,4.9939,1.1978,124.3162,9.58,4.466,2,normal
2026-03-30T01:11:21.000Z,4.9719,1.1978,124.359,8.72,4.504,2,normal
2026-03-30T01:11:22.000Z,4.9768,1.2015,124.7009,10.15,4.458,2,normal
2026-03-30T01:11:23.000Z,4.9646,1.1905,124.4444,10.16,4.504,2,normal
2026-03-30T01:11:24.000Z,4.9768,1.1941,124.4872,8.72,4.443,2,normal
2026-03-30T01:11:25.000Z,4.9695,1.1978,124.359,10.58,4.547,2,normal
2026-03-30T01:11:26.000Z,4.9621,1.1905,124.4017,10.11,4.438,2,normal
2026-03-30T01:11:27.000Z,4.967,1.1978,124.188,10.12,4.554,2,normal
2026-03-30T01:11:28.000Z,4.9719,1.2015,124.5726,7.79,4.568,2,normal
2026-03-30T01:11:29.000Z,4.9695,1.1941,124.6154,8.87,4.448,2,normal
2026-03-30T01:11:30.000Z,4.9866,1.2015,124.5726,12.56,4.443,2,normal
2026-03-30T01:11:31.000Z,4.9573,1.1978,124.4017,9.56,4.455,2,normal
2026-03-30T01:11:32.000Z,4.989,1.1978,124.5299,13.44,4.427,2,normal
2026-03-30T01:11:33.000Z,4.9719,1.2015,124.4017,8.53,4.464,2,normal
2026-03-30T01:11:34.000Z,4.9841,1.1941,124.4872,8.55,4.501,2,normal
2026-03-30T01:11:35.000Z,4.9744,1.1978,124.4872,8.96,4.469,2,normal
2026-03-30T01:11:36.000Z,4.9866,1.1978,124.7009,9.37,4.481,2,normal
2026-03-30T01:11:37.000Z,4.9695,1.1905,124.6154,10.59,4.518,2,normal
2026-03-30T01:11:38.000Z,5.0012,1.2015,124.5726,9.96,4.55,2,normal
2026-03-30T01:11:39.000Z,4.9475,1.2015,124.5726,10.54,4.543,2,normal
2026-03-30T01:11:40.000Z,4.9817,1.2015,124.2735,7.32,4.494,2,normal
2026-03-30T01:11:41.000Z,4.9768,1.2051,124.359,9.4,4.532,2,normal
2026-03-30T01:11:42.000Z,4.9744,1.1905,124.4444,11.43,4.534,2,normal
2026-03-30T01:11:43.000Z,4.9792,1.2051,124.7436,9.97,4.427,2,normal
2026-03-30T01:11:44.000Z,4.9768,1.1978,124.4444,9.4,4.497,2,normal
2026-03-30T01:11:45.000Z,4.989,1.2088,124.4017,10.94,4.518,2,normal
2026-03-30T01:11:46.000Z,4.967,1.2088,124.4872,10.68,4.461,2,normal
2026-03-30T01:11:47.000Z,4.9573,1.1905,124.3162,10.15,4.498,2,normal
2026-03-30T01:11:48.000Z,4.9817,1.1905,124.3162,11.73,4.55,2,normal
2026-03-30T01:11:49.000Z,4.9792,1.2015,124.4017,9.13,4.481,2,normal
2026-03-30T01:11:50.000Z,4.9621,1.1941,124.5299,11.63,4.548,2,normal
2026-03-30T01:11:51.000Z,4.989,1.1978,124.1453,10.97,4.425,2,normal
2026-03-30T01:11:52.000Z,4.9719,1.1941,124.359,8.91,4.45,2,normal
2026-03-30T01:11:53.000Z,4.9744,1.1905,124.359,8.81,4.525,2,normal
2026-03-30T01:11:54.000Z,4.9573,1.1978,124.4444,7.73,4.513,2,normal
2026-03-30T01:11:55.000Z,4.9817,1.1978,124.6581,8.75,4.512,2,normal
2026-03-30T01:11:56.000Z,4.9695,1.1941,124.359,11.97,4.512,2,normal
2026-03-30T01:11:57.000Z,4.9695,1.2015,124.4872,8.09,4.487,2,normal
2026-03-30T01:11:58.000Z,4.9817,1.2015,124.4872,11.38,4.56,2,normal
2026-03-30T01:11:59.000Z,4.9792,1.1978,124.5299,8.38,4.567,2,normal
2026-03-30T01:12:00.000Z,4.9719,1.1941,124.2735,7.68,4.468,2,normal
2026-03-30T01:12:01.000Z,4.9988,1.1978,124.4017,10.06,4.527,2,normal
2026-03-30T01:12:02.000Z,4.9866,1.1978,124.5299,6.48,4.557,2,normal
2026-03-30T01:12:03.000Z,4.9817,1.1941,124.5299,9.11,4.564,2,normal
2026-03-30T01:12:04.000Z,4.9719,1.2051,124.5726,7.55,4.444,2,normal
2026-03-30T01:12:05.000Z,4.9817,1.1941,124.3162,9.79,4.551,2,normal
2026-03-30T01:12:06.000Z,4.9646,1.2015,124.4872,9.54,4.49,2,normal
2026-03-30T01:12:07.000Z,4.9646,1.2051,124.3162,10.43,4.572,2,normal
2026-03-30T01:12:08.000Z,4.9866,1.2051,124.4444,10.4,4.574,2,normal
2026-03-30T01:12:09.000Z,4.9915,1.1941,124.5299,9.38,4.466,2,normal
2026-03-30T01:12:10.000Z,4.9621,1.1905,124.4444,9.33,4.461,2,normal
2026-03-30T01:12:11.000Z,4.9792,1.1905,124.7009,9.76,4.518,2,normal
2026-03-30T01:12:12.000Z,4.9695,1.2015,124.2308,11.43,4.454,2,normal
2026-03-30T01:12:13.000Z,4.9768,1.2015,124.6581,9.59,4.482,2,normal
2026-03-30T01:12:14.000Z,4.989,1.2088,124.6581,10.78,4.485,2,normal
2026-03-30T01:12:15.000Z,4.9792,1.2015,124.4017,10.44,4.56,2,normal
2026-03-30T01:12:16.000Z,4.9597,1.1978,124.4444,10.38,4.497,2,normal
2026-03-30T01:12:17.000Z,4.9646,1.1941,124.7863,11.67,4.477,2,normal
2026-03-30T01:12:18.000Z,4.9768,1.2015,124.4017,9.66,4.485,2,normal
2026-03-30T01:12:19.000Z,4.9768,1.1941,124.5299,9.73,4.543,2,normal
2026-03-30T01:12:20.000Z,4.9817,1.2051,124.3162,11.12,4.473,2,normal
2026-03-30T01:12:21.000Z,4.9817,1.1978,124.359,10.43,4.558,2,normal
2026-03-30T01:12:22.000Z,4.9695,1.2015,124.5299,8.36,4.493,2,normal
2026-03-30T01:12:23.000Z,4.9817,1.2015,124.4444,9.23,4.501,2,normal
2026-03-30T01:12:24.000Z,4.9573,1.2088,124.9145,10.19,4.555,2,normal
2026-03-30T01:12:25.000Z,4.9573,1.1978,124.6154,8.65,4.572,2,normal
2026-03-30T01:12:26.000Z,4.9768,1.1941,124.4444,8.41,4.46,2,normal
2026-03-30T01:12:27.000Z,4.9695,1.1978,124.6154,10.28,4.546,2,normal
2026-03-30T01:12:28.000Z,4.9792,1.1941,124.4444,8.94,4.421,2,normal
2026-03-30T01:12:29.000Z,4.9621,1.1978,124.2308,9.01,4.523,2,normal
2026-03-30T01:12:30.000Z,4.9768,1.1941,124.7436,8.3,4.495,2,normal
2026-03-30T01:12:31.000Z,4.9768,1.2015,124.188,8.44,4.493,2,normal
2026-03-30T01:12:32.000Z,4.9695,1.2015,124.5299,10.63,4.451,2,normal
2026-03-30T01:12:33.000Z,4.9817,1.2051,124.359,9.92,4.423,2,normal
2026-03-30T01:12:34.000Z,4.9915,1.1941,124.5299,11.11,4.465,2,normal
2026-03-30T01:12:35.000Z,4.9744,1.1941,124.0171,9.16,4.516,2,normal
2026-03-30T01:12:36.000Z,4.9841,1.2051,124.4872,9.99,4.549,2,normal
2026-03-30T01:12:37.000Z,4.9719,1.1978,124.4872,8.85,4.444,2,normal
2026-03-30T01:12:38.000Z,4.9695,1.1941,124.359,8.14,4.423,2,normal
2026-03-30T01:12:39.000Z,4.9792,1.2051,124.4872,9.05,4.539,2,normal
2026-03-30T01:12:40.000Z,4.9841,1.2015,124.4017,9.67,4.447,2,normal
2026-03-30T01:12:41.000Z,4.9792,1.2051,124.4444,10.94,4.523,2,normal
2026-03-30T01:12:42.000Z,4.9792,1.1941,124.2735,10.21,4.568,2,normal
2026-03-30T01:12:43.000Z,4.9817,1.1941,124.5726,9.79,4.46,2,normal
2026-03-30T01:12:44.000Z,4.9695,1.1978,124.6154,9.99,4.502,2,normal
2026-03-30T01:12:45.000Z,4.9573,1.1978,124.4017,11.34,4.557,2,normal
2026-03-30T01:12:46.000Z,4.9597,1.1978,124.359,11.31,4.442,2,normal
2026-03-30T01:12:47.000Z,4.9695,1.2051,124.4017,9.63,4.535,2,normal
2026-03-30T01:12:48.000Z,4.9866,1.1978,124.359,7.95,4.442,2,normal
2026-03-30T01:12:49.000Z,4.9817,1.2015,124.3162,9.48,4.551,2,normal
2026-03-30T01:12:50.000Z,4.9817,1.1978,124.2308,10.29,4.509,2,normal
2026-03-30T01:12:51.000Z,4.9646,1.1978,124.359,8.83,4.574,2,normal
2026-03-30T01:12:52.000Z,4.9719,1.2015,124.1453,8.5,4.495,2,normal
2026-03-30T01:12:53.000Z,4.9817,1.1941,124.4444,10.6,4.471,2,normal
2026-03-30T01:12:54.000Z,4.989,1.1978,124.4017,9.71,4.483,2,normal
2026-03-30T01:12:55.000Z,4.9792,1.1978,124.5299,9.08,4.493,2,normal
2026-03-30T01:12:56.000Z,4.9792,1.1868,124.3162,8.28,4.557,2,normal
2026-03-30T01:12:57.000Z,4.9915,1.1978,124.4872,9.73,4.546,2,normal
2026-03-30T01:12:58.000Z,4.9646,1.2051,124.4872,7.78,4.532,2,normal
2026-03-30T01:12:59.000Z,4.967,1.1978,124.359,8.56,4.546,2,normal
2026-03-30T01:13:00.000Z,4.9744,1.1978,124.6581,9.49,4.545,2,normal
2026-03-30T01:13:01.000Z,4.9792,1.2015,124.359,11.18,4.574,2,normal
2026-03-30T01:13:02.000Z,4.967,1.1978,124.6154,9.67,4.491,2,normal
2026-03-30T01:13:03.000Z,4.9866,1.1978,124.5299,10.22,4.496,2,normal
2026-03-30T01:13:04.000Z,4.9817,1.1905,124.6581,12.4,4.54,2,normal
2026-03-30T01:13:05.000Z,4.9719,1.2015,124.4017,9.15,4.459,2,normal
2026-03-30T01:13:06.000Z,4.9744,1.1905,124.3162,9.47,4.569,2,normal
2026-03-30T01:13:07.000Z,4.967,1.2015,124.4017,11.1,4.526,2,normal
2026-03-30T01:13:08.000Z,4.9963,1.2015,124.6154,8.38,4.518,2,normal
2026-03-30T01:13:09.000Z,4.9792,1.2051,124.4444,8.86,4.441,2,normal
2026-03-30T01:13:10.000Z,4.9695,1.1941,124.2308,9.64,4.52,2,normal
2026-03-30T01:13:11.000Z,4.9646,1.2051,124.4872,11.43,4.521,2,normal
2026-03-30T01:13:12.000Z,4.9768,1.1941,124.1453,11.04,4.569,2,normal
2026-03-30T01:13:13.000Z,4.9768,1.1978,124.5299,10.05,4.494,2,normal
2026-03-30T01:13:14.000Z,4.9866,1.1941,124.5726,10.91,4.454,2,normal
2026-03-30T01:13:15.000Z,4.9915,1.1941,124.4444,7.95,4.522,2,normal
2026-03-30T01:13:16.000Z,4.9695,1.2051,124.359,10.36,4.423,2,normal
2026-03-30T01:13:17.000Z,4.9768,1.1905,124.3162,8.32,4.541,2,normal
2026-03-30T01:13:18.000Z,4.9499,1.2015,124.7863,10.95,4.492,2,normal
2026-03-30T01:13:19.000Z,4.9646,1.1978,124.5299,7.93,4.552,2,normal
2026-03-30T01:13:20.000Z,4.9597,1.2015,124.3162,10.43,4.518,2,normal
2026-03-30T01:13:21.000Z,4.9597,1.1905,124.359,10.76,4.474,2,normal
2026-03-30T01:13:22.000Z,4.967,1.1941,124.359,8.68,4.535,2,normal
2026-03-30T01:13:23.000Z,4.9744,1.1978,124.2308,10.15,4.474,2,normal
2026-03-30T01:13:24.000Z,4.9768,1.2051,124.359,9.66,4.465,2,normal
2026-03-30T01:13:25.000Z,4.9768,1.2015,124.4017,9.59,4.441,2,normal
2026-03-30T01:13:26.000Z,4.9915,1.1978,124.4872,10.2,4.48,2,normal
2026-03-30T01:13:27.000Z,4.9768,1.1941,124.5299,9.05,4.567,2,normal
2026-03-30T01:13:28.000Z,4.9744,1.2051,124.4017,10.23,4.557,2,normal
2026-03-30T01:13:29.000Z,4.9792,1.2088,124.3162,10.61,4.453,2,normal
2026-03-30T01:13:30.000Z,4.9719,1.1978,124.7436,9.16,4.501,2,normal
2026-03-30T01:13:31.000Z,5.0037,1.1941,124.4444,9.43,4.562,2,normal
2026-03-30T01:13:32.000Z,4.9744,1.1905,124.7436,10.99,4.572,2,normal
2026-03-30T01:13:33.000Z,4.9719,1.2015,124.4872,10.48,4.468,2,normal
2026-03-30T01:13:34.000Z,4.9866,1.1941,124.4872,7.9,4.473,2,normal
2026-03-30T01:13:35.000Z,4.9719,1.1978,124.6154,9.25,4.564,2,normal
2026-03-30T01:13:36.000Z,4.9621,1.2015,124.359,11.2,4.571,2,normal
2026-03-30T01:13:37.000Z,4.9695,1.2051,124.4872,10.22,4.432,2,normal
2026-03-30T01:13:38.000Z,4.967,1.1941,124.1453,8.38,4.574,2,normal
2026-03-30T01:13:39.000Z,4.9817,1.2088,124.4872,11.09,4.535,2,normal
2026-03-30T01:13:40.000Z,4.9792,1.1978,124.5726,8.47,4.511,2,normal
2026-03-30T01:13:41.000Z,4.9744,1.1978,124.4872,10.03,4.464,2,normal
2026-03-30T01:13:42.000Z,4.9841,1.1978,124.359,10.56,4.435,2,normal
2026-03-30T01:13:43.000Z,4.9621,1.1941,124.4444,9.4,4.565,2,normal
2026-03-30T01:13:44.000Z,4.9768,1.2051,124.2308,9.08,4.483,2,normal
2026-03-30T01:13:45.000Z,4.9792,1.2088,124.359,9.06,4.428,2,normal
2026-03-30T01:13:46.000Z,4.967,1.1941,124.4017,9.32,4.568,2,normal
2026-03-30T01:13:47.000Z,4.9719,1.2015,124.5299,8.94,4.461,2,normal
2026-03-30T01:13:48.000Z,4.9768,1.2051,124.2308,10.36,4.546,2,normal
2026-03-30T01:13:49.000Z,4.9866,1.1978,124.5299,9.96,4.576,2,normal
2026-03-30T01:13:50.000Z,4.967,1.2015,124.2735,10.65,4.522,2,normal
2026-03-30T01:13:51.000Z,4.9744,1.1978,124.8718,9.69,4.445,2,normal
2026-03-30T01:13:52.000Z,4.9719,1.2088,124.6581,9.55,4.511,2,normal
2026-03-30T01:13:53.000Z,4.967,1.2015,124.359,9.32,4.559,2,normal
2026-03-30T01:13:54.000Z,4.9817,1.2051,124.3162,11.16,4.574,2,normal
2026-03-30T01:13:55.000Z,4.989,1.2161,124.1453,9.82,4.533,2,normal
2026-03-30T01:13:56.000Z,4.9719,1.2051,124.5726,7.49,4.439,2,normal
2026-03-30T01:13:57.000Z,4.9719,1.1941,124.5299,6.99,4.461,2,normal
2026-03-30T01:13:58.000Z,4.9744,1.2015,124.4444,9.4,4.487,2,normal
2026-03-30T01:13:59.000Z,4.9792,1.1941,124.359,10.36,4.534,2,normal
2026-03-30T01:14:00.000Z,4.9866,1.1978,124.7009,9.25,4.52,2,normal
2026-03-30T01:14:01.000Z,4.9866,1.1978,124.4444,10.13,4.442,2,normal
2026-03-30T01:14:02.000Z,4.9963,1.2015,124.4872,10.25,4.479,2,normal
2026-03-30T01:14:03.000Z,4.9915,1.2051,124.2735,11.43,4.545,2,normal
2026-03-30T01:14:04.000Z,4.9817,1.1978,124.5726,9.93,4.452,2,normal
2026-03-30T01:14:05.000Z,4.9695,1.1941,124.2308,11.76,4.476,2,normal
2026-03-30T01:14:06.000Z,4.9695,1.1978,124.359,9.5,4.446,2,normal
2026-03-30T01:14:07.000Z,4.967,1.2051,124.4017,8.42,4.465,2,normal
2026-03-30T01:14:08.000Z,4.9768,1.2051,124.5726,8.31,4.548,2,normal
2026-03-30T01:14:09.000Z,5.0012,1.1978,124.2735,8.78,4.424,2,normal
2026-03-30T01:14:10.000Z,4.9695,1.2125,124.4444,8.69,4.542,2,normal
2026-03-30T01:14:11.000Z,4.9719,1.1941,124.5726,9.49,4.447,2,normal
2026-03-30T01:14:12.000Z,4.9719,1.2051,124.5726,9.9,4.457,2,normal
2026-03-30T01:14:13.000Z,4.9841,1.1978,124.4872,10.73,4.535,2,normal
2026-03-30T01:14:14.000Z,4.9841,1.1978,124.6581,12.0,4.442,2,normal
2026-03-30T01:14:15.000Z,4.9792,1.2015,124.5726,8.64,4.5,2,normal
2026-03-30T01:14:16.000Z,4.9719,1.2088,124.359,10.75,4.418,2,normal
2026-03-30T01:14:17.000Z,4.9768,1.1978,124.6154,11.25,4.488,2,normal
2026-03-30T01:14:18.000Z,4.9792,1.1978,124.5299,7.91,4.498,2,normal
2026-03-30T01:14:19.000Z,4.9817,1.1868,124.7009,9.26,4.432,2,normal
2026-03-30T01:14:20.000Z,4.9792,1.2015,124.4872,10.1,4.454,2,normal
2026-03-30T01:14:21.000Z,4.9768,1.1905,124.3162,7.79,4.418,2,normal
2026-03-30T01:14:22.000Z,4.9719,1.1978,124.4872,9.97,4.525,2,normal
2026-03-30T01:14:23.000Z,4.9695,1.1978,124.359,10.82,4.489,2,normal
2026-03-30T01:14:24.000Z,4.9817,1.1978,124.6581,9.85,4.556,2,normal
2026-03-30T01:14:25.000Z,4.9621,1.2015,124.5726,11.98,4.43,2,normal
2026-03-30T01:14:26.000Z,4.9744,1.1978,124.5726,9.71,4.423,2,normal
2026-03-30T01:14:27.000Z,4.9792,1.2051,124.4872,9.56,4.471,2,normal
2026-03-30T01:14:28.000Z,4.9573,1.2015,124.2308,9.69,4.468,2,normal
2026-03-30T01:14:29.000Z,4.9719,1.1978,124.5299,9.37,4.544,2,normal
2026-03-30T01:14:30.000Z,4.9768,1.2051,124.6154,10.13,4.459,2,normal
2026-03-30T01:14:31.000Z,4.9621,1.2125,124.4444,10.25,4.482,2,normal
2026-03-30T01:14:32.000Z,4.9719,1.1978,124.5299,9.25,4.439,2,normal
2026-03-30T01:14:33.000Z,4.9792,1.2015,124.4872,9.83,4.573,2,normal
2026-03-30T01:14:34.000Z,4.9866,1.2051,124.6154,10.23,4.522,2,normal
2026-03-30T01:14:35.000Z,4.9841,1.1978,124.6581,9.68,4.43,2,normal
2026-03-30T01:14:36.000Z,4.9695,1.1978,124.4872,10.64,4.434,2,normal
2026-03-30T01:14:37.000Z,4.9817,1.2015,124.4872,10.89,4.572,2,normal
2026-03-30T01:14:38.000Z,4.9695,1.1978,124.4872,9.0,4.551,2,normal
2026-03-30T01:14:39.000Z,4.9792,1.2015,124.359,10.54,4.496,2,normal
2026-03-30T01:14:40.000Z,4.9939,1.1941,124.4017,9.08,4.416,2,normal
2026-03-30T01:14:41.000Z,4.989,1.1941,124.4444,10.25,4.535,2,normal
2026-03-30T01:14:42.000Z,4.9621,1.1978,124.4444,10.83,4.49,2,normal
2026-03-30T01:14:43.000Z,4.9646,1.2015,124.359,9.2,4.523,2,normal
2026-03-30T01:14:44.000Z,4.9719,1.2015,124.2735,10.98,4.453,2,normal
2026-03-30T01:14:45.000Z,4.9866,1.1978,124.2735,10.44,4.476,2,normal
2026-03-30T01:14:46.000Z,4.9744,1.1941,124.6154,11.84,4.461,2,normal
2026-03-30T01:14:47.000Z,4.967,1.2051,124.4872,11.56,4.557,2,normal
2026-03-30T01:14:48.000Z,4.9744,1.1941,124.2735,10.3,4.458,2,normal
2026-03-30T01:14:49.000Z,4.967,1.1978,124.4872,12.11,4.529,2,normal
2026-03-30T01:14:50.000Z,4.9939,1.2015,124.6154,7.14,4.565,2,normal
2026-03-30T01:14:51.000Z,4.9866,1.1978,124.2735,8.91,4.505,2,normal
2026-03-30T01:14:52.000Z,4.9621,1.1905,124.4017,10.92,4.558,2,normal
2026-03-30T01:14:53.000Z,4.967,1.1978,124.188,9.13,4.448,2,normal
2026-03-30T01:14:54.000Z,4.967,1.1905,124.7009,11.61,4.443,2,normal
2026-03-30T01:14:55.000Z,4.9817,1.2015,124.6154,10.96,4.521,2,normal
2026-03-30T01:14:56.000Z,4.967,1.1978,124.7863,8.5,4.456,2,normal
2026-03-30T01:14:57.000Z,4.9988,1.1978,124.4017,11.26,4.495,2,normal
2026-03-30T01:14:58.000Z,4.9817,1.2088,124.2735,10.15,4.478,2,normal
2026-03-30T01:14:59.000Z,4.9744,1.1941,124.359,10.14,4.515,2,normal
2026-03-30T01:15:00.000Z,4.9597,1.2015,124.4872,9.42,4.433,2,normal
2026-03-30T01:15:01.000Z,4.9646,1.1978,124.6154,9.9,4.562,2,normal
2026-03-30T01:15:02.000Z,4.9744,1.1978,124.359,9.91,4.42,2,normal
2026-03-30T01:15:03.000Z,4.9646,1.1941,124.5299,10.77,4.445,2,normal
2026-03-30T01:15:04.000Z,4.9744,1.2051,124.4872,10.68,4.485,2,normal
2026-03-30T01:15:05.000Z,4.9768,1.1978,124.2735,8.4,4.438,2,normal
2026-03-30T01:15:06.000Z,4.9621,1.2088,124.4444,12.02,4.574,2,normal
2026-03-30T01:15:07.000Z,4.9792,1.2015,124.4017,7.85,4.487,2,normal
2026-03-30T01:15:08.000Z,4.989,1.2051,124.5726,8.27,4.576,2,normal
2026-03-30T01:15:09.000Z,4.9695,1.1978,124.359,8.83,4.481,2,normal
2026-03-30T01:15:10.000Z,4.9719,1.2015,124.5726,10.29,4.567,2,normal
2026-03-30T01:15:11.000Z,4.9646,1.2015,124.6154,9.8,4.482,2,normal
2026-03-30T01:15:12.000Z,4.9719,1.1905,124.3162,6.69,4.434,2,normal
2026-03-30T01:15:13.000Z,4.9646,1.1978,124.3162,10.47,4.49,2,normal
2026-03-30T01:15:14.000Z,4.9695,1.1978,124.359,8.79,4.559,2,normal
2026-03-30T01:15:15.000Z,4.9841,1.1978,124.4872,9.7,4.57,2,normal
2026-03-30T01:15:16.000Z,4.9817,1.1978,124.5726,9.62,4.482,2,normal
2026-03-30T01:15:17.000Z,4.9621,1.1978,124.4444,11.37,4.539,2,normal
2026-03-30T01:15:18.000Z,4.9792,1.1978,124.5726,10.8,4.494,2,normal
2026-03-30T01:15:19.000Z,4.9597,1.1978,124.3162,9.18,4.526,2,normal
2026-03-30T01:15:20.000Z,4.9744,1.2051,124.4017,10.27,4.544,2,normal
2026-03-30T01:15:21.000Z,4.9915,1.2088,124.4444,9.22,4.495,2,normal
2026-03-30T01:15:22.000Z,4.9792,1.1978,124.4872,11.31,4.434,2,normal
2026-03-30T01:15:23.000Z,4.9768,1.1941,124.5726,8.62,4.523,2,normal
2026-03-30T01:15:24.000Z,4.9719,1.1941,124.4872,12.15,4.443,2,normal
2026-03-30T01:15:25.000Z,4.9719,1.1905,124.5299,8.98,4.554,2,normal
2026-03-30T01:15:26.000Z,4.9719,1.1978,124.6154,9.82,4.573,2,normal
2026-03-30T01:15:27.000Z,4.967,1.1978,124.6154,10.55,4.571,2,normal
2026-03-30T01:15:28.000Z,4.9695,1.2088,124.4872,8.23,4.466,2,normal
2026-03-30T01:15:29.000Z,4.9817,1.2051,124.4444,10.23,4.428,2,normal
2026-03-30T01:15:30.000Z,4.9792,1.2015,124.6154,9.85,4.552,2,normal
2026-03-30T01:15:31.000Z,4.9744,1.2051,124.5299,9.34,4.43,2,normal
2026-03-30T01:15:32.000Z,4.9719,1.1978,124.4872,9.4,4.497,2,normal
2026-03-30T01:15:33.000Z,4.9817,1.1978,124.4872,8.41,4.466,2,normal
2026-03-30T01:15:34.000Z,4.9744,1.2051,124.4872,11.75,4.524,2,normal
2026-03-30T01:15:35.000Z,4.9768,1.1905,124.8718,9.7,4.434,2,normal
2026-03-30T01:15:36.000Z,4.9792,1.1905,124.5299,9.41,4.465,2,normal
2026-03-30T01:15:37.000Z,4.9841,1.1978,124.5726,8.02,4.515,2,normal
2026-03-30T01:15:38.000Z,4.9744,1.1941,124.6154,9.82,4.465,2,normal
2026-03-30T01:15:39.000Z,4.9817,1.2015,124.2735,11.84,4.428,2,normal
2026-03-30T01:15:40.000Z,4.9695,1.1978,124.6154,9.53,4.576,2,normal
2026-03-30T01:15:41.000Z,4.9841,1.1978,124.6154,10.75,4.442,2,normal
2026-03-30T01:15:42.000Z,4.9939,1.2015,124.2735,10.21,4.562,2,normal
2026-03-30T01:15:43.000Z,4.9792,1.1941,124.4872,9.17,4.523,2,normal
2026-03-30T01:15:44.000Z,4.9817,1.1978,124.359,10.9,4.443,2,normal
2026-03-30T01:15:45.000Z,4.9915,1.1941,124.359,9.86,4.427,2,normal
2026-03-30T01:15:46.000Z,4.9841,1.1905,124.5726,10.07,4.567,2,normal
2026-03-30T01:15:47.000Z,4.9792,1.1978,124.2735,8.93,4.499,2,normal
2026-03-30T01:15:48.000Z,4.9695,1.1941,124.6154,9.07,4.576,2,normal
2026-03-30T01:15:49.000Z,4.9597,1.2015,124.1026,9.88,4.573,2,normal
2026-03-30T01:15:50.000Z,4.967,1.1868,124.4444,10.68,4.564,2,normal
2026-03-30T01:15:51.000Z,4.9841,1.1905,124.4872,9.8,4.553,2,normal
2026-03-30T01:15:52.000Z,4.989,1.2015,124.5726,10.24,4.482,2,normal
2026-03-30T01:15:53.000Z,4.967,1.1978,124.4872,10.53,4.557,2,normal
2026-03-30T01:15:54.000Z,4.9792,1.2088,124.2308,10.94,4.52,2,normal
2026-03-30T01:15:55.000Z,4.9939,1.2088,124.4017,9.92,4.497,2,normal
2026-03-30T01:15:56.000Z,4.9744,1.2015,124.6154,10.2,4.53,2,normal
2026-03-30T01:15:57.000Z,4.9817,1.1978,124.2308,9.74,4.517,2,normal
2026-03-30T01:15:58.000Z,4.967,1.1941,124.5299,8.88,4.576,2,normal
2026-03-30T01:15:59.000Z,4.9719,1.2015,124.4872,10.35,4.493,2,normal
2026-03-30T01:16:00.000Z,4.9866,1.2015,124.5726,10.58,4.544,2,normal
2026-03-30T01:16:01.000Z,4.9817,1.1978,124.5299,9.65,4.506,2,normal
2026-03-30T01:16:02.000Z,4.989,1.1905,124.4444,10.28,4.5,2,normal
2026-03-30T01:16:03.000Z,4.9866,1.1978,124.359,9.67,4.459,2,normal
2026-03-30T01:16:04.000Z,4.9792,1.1978,124.7009,11.48,4.437,2,normal
2026-03-30T01:16:05.000Z,4.989,1.1978,124.2735,7.23,4.47,2,normal
2026-03-30T01:16:06.000Z,4.9792,1.2015,124.7436,9.19,4.574,2,normal
2026-03-30T01:16:07.000Z,4.967,1.2015,124.7863,11.37,4.515,2,normal
2026-03-30T01:16:08.000Z,4.9744,1.2015,124.4872,9.46,4.52,2,normal
2026-03-30T01:16:09.000Z,4.9719,1.1868,124.6154,10.12,4.514,2,normal
2026-03-30T01:16:10.000Z,4.9768,1.2051,124.359,10.87,4.552,2,normal
2026-03-30T01:16:11.000Z,4.9768,1.1905,124.5726,8.14,4.532,2,normal
2026-03-30T01:16:12.000Z,4.9841,1.1905,124.4017,8.33,4.436,2,normal
2026-03-30T01:16:13.000Z,4.9597,1.2051,124.4872,10.82,4.464,2,normal
2026-03-30T01:16:14.000Z,4.9695,1.1978,124.2308,12.13,4.436,2,normal
2026-03-30T01:16:15.000Z,4.9768,1.1941,124.5299,9.79,4.515,2,normal
2026-03-30T01:16:16.000Z,4.9768,1.1905,124.5726,12.58,4.507,2,normal
2026-03-30T01:16:17.000Z,4.9744,1.2051,124.4444,9.82,4.51,2,normal
2026-03-30T01:16:18.000Z,4.9792,1.2015,124.5299,11.55,4.533,2,normal
2026-03-30T01:16:19.000Z,4.9695,1.2015,124.4444,9.44,4.532,2,normal
2026-03-30T01:16:20.000Z,4.9744,1.2015,124.4444,8.52,4.57,2,normal
2026-03-30T01:16:21.000Z,4.967,1.1941,124.7009,9.39,4.542,2,normal
2026-03-30T01:16:22.000Z,4.9744,1.1905,124.359,8.98,4.55,2,normal
2026-03-30T01:16:23.000Z,4.9695,1.1941,124.359,8.5,4.474,2,normal
2026-03-30T01:16:24.000Z,4.9866,1.1978,124.5726,9.84,4.428,2,normal
2026-03-30T01:16:25.000Z,4.9792,1.1941,124.6154,10.11,4.539,2,normal
2026-03-30T01:16:26.000Z,4.9915,1.2015,124.2308,10.31,4.485,2,normal
2026-03-30T01:16:27.000Z,4.9792,1.1978,124.5726,9.52,4.512,2,normal
2026-03-30T01:16:28.000Z,4.9744,1.1978,124.4017,10.08,4.461,2,normal
2026-03-30T01:16:29.000Z,4.9768,1.1941,124.3162,8.75,4.552,2,normal
2026-03-30T01:16:30.000Z,4.9841,1.2015,124.4444,8.52,4.562,2,normal
2026-03-30T01:16:31.000Z,4.9939,1.2051,124.3162,9.88,4.444,2,normal
2026-03-30T01:16:32.000Z,4.9548,1.2015,124.4444,10.73,4.419,2,normal
2026-03-30T01:16:33.000Z,4.9768,1.1978,124.5299,8.93,4.533,2,normal
2026-03-30T01:16:34.000Z,4.9963,1.1978,124.2735,10.15,4.5,2,normal
2026-03-30T01:16:35.000Z,4.9841,1.2088,124.4017,9.14,4.477,2,normal
2026-03-30T01:16:36.000Z,4.9646,1.1978,124.5726,10.36,4.445,2,normal
2026-03-30T01:16:37.000Z,4.9792,1.1978,124.359,9.03,4.439,2,normal
2026-03-30T01:16:38.000Z,4.9621,1.1978,124.5299,10.59,4.454,2,normal
2026-03-30T01:16:39.000Z,4.9841,1.2015,124.6581,9.62,4.48,2,normal
2026-03-30T01:16:40.000Z,4.9768,1.2015,124.4872,8.49,4.48,2,normal
2026-03-30T01:16:41.000Z,4.967,1.1941,124.6581,9.18,4.435,2,normal
2026-03-30T01:16:42.000Z,4.9817,1.2015,124.4444,10.33,4.465,2,normal
2026-03-30T01:16:43.000Z,4.9817,1.2015,124.3162,7.35,4.473,2,normal
2026-03-30T01:16:44.000Z,4.9817,1.1941,124.4872,10.74,4.493,2,normal
2026-03-30T01:16:45.000Z,4.9768,1.2015,124.4872,10.46,4.474,2,normal
2026-03-30T01:16:46.000Z,4.9768,1.2015,124.5726,8.6,4.498,2,normal
2026-03-30T01:16:47.000Z,4.9915,1.1978,124.4017,9.72,4.44,2,normal
2026-03-30T01:16:48.000Z,4.9841,1.2051,124.2735,10.27,4.518,2,normal
2026-03-30T01:16:49.000Z,4.989,1.1941,124.5299,9.97,4.513,2,normal
2026-03-30T01:16:50.000Z,4.9768,1.2015,124.7009,11.31,4.473,2,normal
2026-03-30T01:16:51.000Z,4.9792,1.2015,124.5299,8.94,4.532,2,normal
2026-03-30T01:16:52.000Z,4.9866,1.1941,124.4444,9.76,4.571,2,normal
2026-03-30T01:16:53.000Z,4.9915,1.1941,124.359,9.07,4.559,2,normal
2026-03-30T01:16:54.000Z,4.9841,1.2015,124.4872,8.05,4.573,2,normal
2026-03-30T01:16:55.000Z,4.9817,1.2051,124.5299,9.49,4.492,2,normal
2026-03-30T01:16:56.000Z,4.9695,1.2051,124.6154,10.37,4.465,2,normal
2026-03-30T01:16:57.000Z,4.9573,1.1905,124.4444,10.55,4.437,2,normal
2026-03-30T01:16:58.000Z,4.9915,1.2015,124.4017,11.35,4.562,2,normal
2026-03-30T01:16:59.000Z,4.9695,1.2051,124.6581,9.72,4.486,2,normal
2026-03-30T01:17:00.000Z,4.9768,1.2015,124.4017,11.01,4.56,2,normal
2026-03-30T01:17:01.000Z,4.9792,1.2015,124.4017,9.19,4.43,2,normal
2026-03-30T01:17:02.000Z,4.967,1.1941,124.4444,9.52,4.429,2,normal
2026-03-30T01:17:03.000Z,4.9719,1.2015,124.4444,10.18,4.435,2,normal
2026-03-30T01:17:04.000Z,4.9768,1.2015,124.2735,9.71,4.516,2,normal
2026-03-30T01:17:05.000Z,4.9768,1.1978,124.3162,10.36,4.447,2,normal
2026-03-30T01:17:06.000Z,4.9768,1.1978,124.2735,9.59,4.437,2,normal
2026-03-30T01:17:07.000Z,4.9646,1.1978,124.5299,11.23,4.484,2,normal
2026-03-30T01:17:08.000Z,4.9744,1.1978,124.5299,10.53,4.467,2,normal
2026-03-30T01:17:09.000Z,4.9768,1.1978,124.4872,8.61,4.471,2,normal
2026-03-30T01:17:10.000Z,4.9695,1.1905,124.6154,9.31,4.442,2,normal
2026-03-30T01:17:11.000Z,4.9915,1.2015,124.4872,10.73,4.471,2,normal
2026-03-30T01:17:12.000Z,4.967,1.1941,124.359,10.92,4.437,2,normal
2026-03-30T01:17:13.000Z,4.9792,1.1978,124.1026,9.25,4.519,2,normal
2026-03-30T01:17:14.000Z,4.9915,1.1941,124.5299,10.66,4.558,2,normal
2026-03-30T01:17:15.000Z,4.9817,1.1978,124.4017,9.8,4.432,2,normal
2026-03-30T01:17:16.000Z,4.9963,1.2015,124.4017,7.94,4.442,2,normal
2026-03-30T01:17:17.000Z,4.9792,1.1905,124.359,10.81,4.556,2,normal
2026-03-30T01:17:18.000Z,4.9695,1.2015,124.5726,8.64,4.577,2,normal
2026-03-30T01:17:19.000Z,4.9841,1.2088,124.4017,9.26,4.494,2,normal
2026-03-30T01:17:20.000Z,4.9621,1.1978,124.5726,11.66,4.517,2,normal
2026-03-30T01:17:21.000Z,4.9744,1.1941,124.5726,10.24,4.486,2,normal
2026-03-30T01:17:22.000Z,4.9915,1.1941,124.6154,9.06,4.55,2,normal
2026-03-30T01:17:23.000Z,4.9768,1.2015,124.6154,10.0,4.484,2,normal
2026-03-30T01:17:24.000Z,4.9866,1.1978,124.6154,11.16,4.471,2,normal
2026-03-30T01:17:25.000Z,4.9866,1.2051,124.7009,10.33,4.438,2,normal
2026-03-30T01:17:26.000Z,4.9792,1.1941,124.3162,9.9,4.453,2,normal
2026-03-30T01:17:27.000Z,4.9768,1.1905,124.4444,10.58,4.458,2,normal
2026-03-30T01:17:28.000Z,4.9621,1.2051,124.7009,10.59,4.468,2,normal
2026-03-30T01:17:29.000Z,4.9646,1.2015,124.6154,9.47,4.545,2,normal
2026-03-30T01:17:30.000Z,4.9866,1.1905,124.4017,9.15,4.565,2,normal
2026-03-30T01:17:31.000Z,4.9597,1.2088,124.4017,9.95,4.573,2,normal
2026-03-30T01:17:32.000Z,4.9646,1.2015,124.4444,9.09,4.556,2,normal
2026-03-30T01:17:33.000Z,4.989,1.1978,124.4017,10.05,4.52,2,normal
2026-03-30T01:17:34.000Z,4.9744,1.1905,124.4017,10.36,4.568,2,normal
2026-03-30T01:17:35.000Z,4.9744,1.1978,124.5299,11.13,4.535,2,normal
2026-03-30T01:17:36.000Z,4.9792,1.1905,124.4872,9.13,4.468,2,normal
2026-03-30T01:17:37.000Z,4.967,1.1941,124.4444,10.95,4.419,2,normal
2026-03-30T01:17:38.000Z,4.989,1.1941,124.5299,7.92,4.542,2,normal
2026-03-30T01:17:39.000Z,4.967,1.2015,124.5299,9.89,4.44,2,normal
2026-03-30T01:17:40.000Z,4.9695,1.2051,124.4872,7.89,4.56,2,normal
2026-03-30T01:17:41.000Z,4.9646,1.1941,124.4444,9.84,4.479,2,normal
2026-03-30T01:17:42.000Z,5.0012,1.1978,124.4444,9.65,4.536,2,normal
2026-03-30T01:17:43.000Z,4.9817,1.1978,124.3162,9.71,4.542,2,normal
2026-03-30T01:17:44.000Z,4.9988,1.1941,124.6581,9.62,4.533,2,normal
2026-03-30T01:17:45.000Z,4.9646,1.1905,124.3162,11.35,4.519,2,normal
2026-03-30T01:17:46.000Z,4.9988,1.2088,124.4444,8.37,4.512,2,normal
2026-03-30T01:17:47.000Z,4.9792,1.2015,124.9145,9.52,4.535,2,normal
2026-03-30T01:17:48.000Z,4.9817,1.2051,124.7436,11.21,4.541,2,normal
2026-03-30T01:17:49.000Z,4.9841,1.2015,124.6154,10.26,4.522,2,normal
2026-03-30T01:17:50.000Z,4.9768,1.2015,124.4872,10.52,4.48,2,normal
2026-03-30T01:17:51.000Z,4.9792,1.1905,124.188,9.46,4.528,2,normal
2026-03-30T01:17:52.000Z,4.9841,1.2015,124.7436,11.31,4.5,2,normal
2026-03-30T01:17:53.000Z,4.9646,1.2015,124.3162,10.03,4.427,2,normal
2026-03-30T01:17:54.000Z,4.9841,1.2051,124.4444,10.32,4.559,2,normal
2026-03-30T01:17:55.000Z,4.989,1.2015,124.359,9.19,4.517,2,normal
2026-03-30T01:17:56.000Z,4.9841,1.2015,124.6154,10.87,4.469,2,normal
2026-03-30T01:17:57.000Z,4.9768,1.1978,124.359,9.71,4.564,2,normal
2026-03-30T01:17:58.000Z,4.9744,1.1978,124.3162,10.37,4.55,2,normal
2026-03-30T01:17:59.000Z,4.9792,1.2088,124.359,11.27,4.422,2,normal
2026-03-30T01:18:00.000Z,4.9646,1.1978,124.6581,8.94,4.516,2,normal
2026-03-30T01:18:01.000Z,4.9621,1.2015,124.4017,11.57,4.487,2,normal
2026-03-30T01:18:02.000Z,4.9841,1.1868,124.6154,11.98,4.5,2,normal
2026-03-30T01:18:03.000Z,4.9768,1.1905,124.4017,8.92,4.478,2,normal
2026-03-30T01:18:04.000Z,4.989,1.1905,124.3162,9.6,4.441,2,normal
2026-03-30T01:18:05.000Z,4.9841,1.1978,124.7436,7.68,4.472,2,normal
2026-03-30T01:18:06.000Z,4.9744,1.2015,124.5726,10.9,4.504,2,normal
2026-03-30T01:18:07.000Z,4.9695,1.1978,124.3162,10.07,4.475,2,normal
2026-03-30T01:18:08.000Z,4.9817,1.1978,124.4017,11.53,4.539,2,normal
2026-03-30T01:18:09.000Z,4.9744,1.1941,124.359,10.93,4.431,2,normal
2026-03-30T01:18:10.000Z,4.967,1.1978,124.6581,10.21,4.528,2,normal
2026-03-30T01:18:11.000Z,4.9744,1.1941,124.359,10.49,4.513,2,normal
2026-03-30T01:18:12.000Z,4.9939,1.1978,124.5299,9.75,4.543,2,normal
2026-03-30T01:18:13.000Z,4.9817,1.2015,124.4017,9.21,4.537,2,normal
2026-03-30T01:18:14.000Z,4.9817,1.1978,124.2735,9.11,4.426,2,normal
2026-03-30T01:18:15.000Z,4.989,1.2051,124.3162,10.21,4.555,2,normal
2026-03-30T01:18:16.000Z,4.9817,1.2015,124.359,10.37,4.544,2,normal
2026-03-30T01:18:17.000Z,4.9768,1.2051,124.359,9.12,4.506,2,normal
2026-03-30T01:18:18.000Z,4.9792,1.2015,124.1453,8.41,4.537,2,normal
2026-03-30T01:18:19.000Z,4.9963,1.2051,124.5299,7.55,4.543,2,normal
2026-03-30T01:18:20.000Z,4.9792,1.2015,124.1453,9.61,4.555,2,normal
2026-03-30T01:18:21.000Z,4.9768,1.2051,124.4017,11.2,4.521,2,normal
2026-03-30T01:18:22.000Z,4.9719,1.2015,124.5726,9.49,4.489,2,normal
2026-03-30T01:18:23.000Z,4.9768,1.2015,124.5299,8.27,4.462,2,normal
2026-03-30T01:18:24.000Z,4.989,1.1905,124.5299,10.05,4.571,2,normal
2026-03-30T01:18:25.000Z,4.989,1.2051,124.359,8.4,4.487,2,normal
2026-03-30T01:18:26.000Z,4.9792,1.2051,124.2308,8.07,4.559,2,normal
2026-03-30T01:18:27.000Z,4.9695,1.1941,124.6581,9.27,4.479,2,normal
2026-03-30T01:18:28.000Z,4.9646,1.2015,124.4444,8.7,4.49,2,normal
2026-03-30T01:18:29.000Z,4.989,1.1978,124.4017,8.75,4.553,2,normal
2026-03-30T01:18:30.000Z,4.9915,1.2051,124.5726,10.05,4.476,2,normal
2026-03-30T01:18:31.000Z,4.9915,1.1978,124.6154,10.52,4.525,2,normal
2026-03-30T01:18:32.000Z,4.967,1.2015,124.4017,8.27,4.57,2,normal
2026-03-30T01:18:33.000Z,4.9939,1.1905,124.5726,8.96,4.456,2,normal
2026-03-30T01:18:34.000Z,4.9744,1.2051,124.4444,10.1,4.493,2,normal
2026-03-30T01:18:35.000Z,4.9792,1.2051,124.4872,10.75,4.519,2,normal
2026-03-30T01:18:36.000Z,4.9915,1.1941,124.7009,11.6,4.433,2,normal
2026-03-30T01:18:37.000Z,4.9817,1.2051,124.7009,9.28,4.423,2,normal
2026-03-30T01:18:38.000Z,4.9792,1.1905,124.6154,9.22,4.525,2,normal
2026-03-30T01:18:39.000Z,4.9573,1.1905,124.6581,8.59,4.566,2,normal
2026-03-30T01:18:40.000Z,4.9841,1.1905,124.4872,9.78,4.474,2,normal
2026-03-30T01:18:41.000Z,4.967,1.2051,124.6154,10.84,4.494,2,normal
2026-03-30T01:18:42.000Z,4.9792,1.2015,124.5726,12.34,4.498,2,normal
2026-03-30T01:18:43.000Z,4.9841,1.2051,124.2735,8.44,4.453,2,normal
2026-03-30T01:18:44.000Z,4.9939,1.2125,124.6581,11.95,4.497,2,normal
2026-03-30T01:18:45.000Z,4.9866,1.1978,124.6154,10.2,4.501,2,normal
2026-03-30T01:18:46.000Z,4.9866,1.1978,124.4017,12.25,4.56,2,normal
2026-03-30T01:18:47.000Z,4.9744,1.1978,124.6581,9.97,4.548,2,normal
2026-03-30T01:18:48.000Z,4.9597,1.1978,124.359,9.64,4.479,2,normal
2026-03-30T01:18:49.000Z,4.9792,1.1978,124.5726,7.86,4.469,2,normal
2026-03-30T01:18:50.000Z,4.9695,1.1978,124.3162,10.5,4.439,2,normal
2026-03-30T01:18:51.000Z,4.9695,1.1941,124.5726,8.38,4.559,2,normal
2026-03-30T01:18:52.000Z,4.9695,1.2015,124.4444,12.31,4.552,2,normal
2026-03-30T01:18:53.000Z,4.9719,1.1978,124.5726,7.78,4.45,2,normal
2026-03-30T01:18:54.000Z,4.9768,1.2015,124.7863,10.06,4.428,2,normal
2026-03-30T01:18:55.000Z,4.9646,1.2051,124.5726,10.39,4.437,2,normal
2026-03-30T01:18:56.000Z,4.9768,1.2015,124.8291,8.83,4.427,2,normal
2026-03-30T01:18:57.000Z,4.9719,1.2015,124.0598,11.53,4.458,2,normal
2026-03-30T01:18:58.000Z,4.9939,1.1978,124.3162,9.4,4.524,2,normal
2026-03-30T01:18:59.000Z,4.9719,1.2051,124.4017,9.02,4.518,2,normal
2026-03-30T01:19:00.000Z,4.9792,1.2015,124.4017,8.71,4.502,2,normal
2026-03-30T01:19:01.000Z,4.967,1.2015,124.359,9.25,4.438,2,normal
2026-03-30T01:19:02.000Z,4.967,1.1905,124.359,12.53,4.538,2,normal
2026-03-30T01:19:03.000Z,4.9866,1.1978,124.4017,9.01,4.489,2,normal
2026-03-30T01:19:04.000Z,4.9768,1.1978,124.6154,9.46,4.551,2,normal
2026-03-30T01:19:05.000Z,4.9768,1.1941,124.4872,11.05,4.451,2,normal
2026-03-30T01:19:06.000Z,4.9695,1.2015,124.4872,8.94,4.566,2,normal
2026-03-30T01:19:07.000Z,4.967,1.1978,124.3162,10.44,4.505,2,normal
2026-03-30T01:19:08.000Z,4.9744,1.2015,124.7009,10.85,4.456,2,normal
2026-03-30T01:19:09.000Z,4.9768,1.1978,124.7009,10.14,4.535,2,normal
2026-03-30T01:19:10.000Z,4.9817,1.1905,124.3162,10.13,4.497,2,normal
2026-03-30T01:19:11.000Z,4.9792,1.2051,124.1453,10.79,4.544,2,normal
2026-03-30T01:19:12.000Z,4.9988,1.1941,124.5299,10.46,4.523,2,normal
2026-03-30T01:19:13.000Z,4.9792,1.1941,124.4444,7.91,4.542,2,normal
2026-03-30T01:19:14.000Z,4.9963,1.2015,124.6581,10.51,4.485,2,normal
2026-03-30T01:19:15.000Z,4.9817,1.1978,124.3162,9.67,4.527,2,normal
2026-03-30T01:19:16.000Z,4.989,1.2051,124.5299,10.47,4.548,2,normal
2026-03-30T01:19:17.000Z,4.9866,1.1941,124.5726,8.56,4.532,2,normal
2026-03-30T01:19:18.000Z,4.9768,1.1978,124.4872,11.34,4.546,2,normal
2026-03-30T01:19:19.000Z,4.9744,1.1978,124.4017,11.29,4.493,2,normal
2026-03-30T01:19:20.000Z,4.9841,1.1941,124.5299,9.07,4.464,2,normal
2026-03-30T01:19:21.000Z,4.9744,1.1868,124.359,8.82,4.501,2,normal
2026-03-30T01:19:22.000Z,4.9963,1.2088,124.3162,8.49,4.461,2,normal
2026-03-30T01:19:23.000Z,4.9719,1.2051,124.4872,9.5,4.495,2,normal
2026-03-30T01:19:24.000Z,4.9695,1.2015,124.3162,9.65,4.569,2,normal
2026-03-30T01:19:25.000Z,4.9597,1.1978,124.6581,10.32,4.505,2,normal
2026-03-30T01:19:26.000Z,4.9792,1.2051,124.5299,9.68,4.424,2,normal
2026-03-30T01:19:27.000Z,4.9695,1.2088,124.5726,10.39,4.447,2,normal
2026-03-30T01:19:28.000Z,4.9915,1.2051,124.4444,12.4,4.506,2,normal
2026-03-30T01:19:29.000Z,4.9695,1.1978,124.5726,9.98,4.455,2,normal
2026-03-30T01:19:30.000Z,4.9768,1.2015,124.5299,10.44,4.534,2,normal
2026-03-30T01:19:31.000Z,4.9866,1.2051,124.5726,10.43,4.551,2,normal
2026-03-30T01:19:32.000Z,4.9768,1.1868,124.5726,8.57,4.482,2,normal
2026-03-30T01:19:33.000Z,4.9695,1.2015,124.4017,9.83,4.553,2,normal
2026-03-30T01:19:34.000Z,4.9792,1.2051,124.359,10.84,4.477,2,normal
2026-03-30T01:19:35.000Z,4.9744,1.2051,124.4872,9.39,4.42,2,normal
2026-03-30T01:19:36.000Z,4.9817,1.2015,124.5299,10.88,4.531,2,normal
2026-03-30T01:19:37.000Z,4.989,1.1941,124.6154,9.41,4.493,2,normal
2026-03-30T01:19:38.000Z,4.9621,1.2088,124.5299,9.82,4.47,2,normal
2026-03-30T01:19:39.000Z,4.967,1.2015,124.6581,8.09,4.468,2,normal
2026-03-30T01:19:40.000Z,4.967,1.1941,124.8291,10.83,4.545,2,normal
2026-03-30T01:19:41.000Z,4.9768,1.1905,124.4017,11.55,4.543,2,normal
2026-03-30T01:19:42.000Z,4.9817,1.2015,124.4017,9.55,4.469,2,normal
2026-03-30T01:19:43.000Z,4.9792,1.1941,124.6154,10.53,4.504,2,normal
2026-03-30T01:19:44.000Z,4.967,1.2015,124.5299,9.34,4.537,2,normal
2026-03-30T01:19:45.000Z,4.9817,1.1978,124.4444,11.67,4.453,2,normal
2026-03-30T01:19:46.000Z,4.9719,1.1941,124.6154,9.55,4.444,2,normal
2026-03-30T01:19:47.000Z,4.9817,1.1941,124.3162,10.29,4.463,2,normal
2026-03-30T01:19:48.000Z,4.9817,1.2051,124.4444,8.25,4.492,2,normal
2026-03-30T01:19:49.000Z,4.9768,1.1941,124.4444,9.78,4.456,2,normal
2026-03-30T01:19:50.000Z,4.9621,1.2015,124.4872,8.31,4.453,2,normal
2026-03-30T01:19:51.000Z,4.9695,1.2015,124.5299,13.01,4.487,2,normal
2026-03-30T01:19:52.000Z,4.9719,1.1941,124.359,9.6,4.538,2,normal
2026-03-30T01:19:53.000Z,4.967,1.2161,124.4872,11.23,4.423,2,normal
2026-03-30T01:19:54.000Z,4.9841,1.1905,124.5299,10.31,4.418,2,normal
2026-03-30T01:19:55.000Z,4.9792,1.2051,124.359,8.88,4.537,2,normal
2026-03-30T01:19:56.000Z,4.9695,1.1905,124.2735,10.65,4.494,2,normal
2026-03-30T01:19:57.000Z,4.9963,1.1978,124.7009,11.42,4.565,2,normal
2026-03-30T01:19:58.000Z,4.9524,1.2051,124.2735,9.86,4.421,2,normal
2026-03-30T01:19:59.000Z,4.9792,1.2015,124.359,9.81,4.422,2,normal
2026-03-30T01:20:00.000Z,4.9866,1.2161,124.6154,10.01,4.421,2,normal
2026-03-30T01:20:01.000Z,4.989,1.1978,124.5299,10.86,4.558,2,normal
2026-03-30T01:20:02.000Z,4.9841,1.1978,124.5726,11.63,4.525,2,normal
2026-03-30T01:20:03.000Z,4.9841,1.1905,124.4872,9.99,4.538,2,normal
2026-03-30T01:20:04.000Z,4.9915,1.1978,124.5726,9.37,4.44,2,normal
2026-03-30T01:20:05.000Z,4.9646,1.1978,124.359,12.13,4.481,2,normal
2026-03-30T01:20:06.000Z,4.9866,1.1978,124.5299,11.33,4.551,2,normal
2026-03-30T01:20:07.000Z,4.9792,1.1978,124.4017,9.36,4.424,2,normal
2026-03-30T01:20:08.000Z,4.9817,1.2015,124.4017,11.55,4.472,2,normal
2026-03-30T01:20:09.000Z,4.9988,1.1978,124.359,11.77,4.571,2,normal
2026-03-30T01:20:10.000Z,4.9573,1.1941,124.5299,8.8,4.47,2,normal
2026-03-30T01:20:11.000Z,4.9841,1.2051,124.6581,9.42,4.475,2,normal
2026-03-30T01:20:12.000Z,4.9695,1.1978,124.4872,9.95,4.54,2,normal
2026-03-30T01:20:13.000Z,4.9817,1.2015,124.5299,8.9,4.449,2,normal
2026-03-30T01:20:14.000Z,4.9792,1.2015,124.3162,9.82,4.429,2,normal
2026-03-30T01:20:15.000Z,4.9866,1.2088,124.4017,9.43,4.538,2,normal
2026-03-30T01:20:16.000Z,4.9597,1.1978,124.4444,10.39,4.538,2,normal
2026-03-30T01:20:17.000Z,4.9768,1.2088,124.5726,12.02,4.523,2,normal
2026-03-30T01:20:18.000Z,4.9768,1.1978,124.4444,9.58,4.508,2,normal
2026-03-30T01:20:19.000Z,4.9866,1.2015,124.7009,11.95,4.456,2,normal
2026-03-30T01:20:20.000Z,4.9695,1.2051,124.359,10.69,4.567,2,normal
2026-03-30T01:20:21.000Z,4.9792,1.1978,124.4444,11.25,4.511,2,normal
2026-03-30T01:20:22.000Z,4.9915,1.2051,124.6581,8.99,4.485,2,normal
2026-03-30T01:20:23.000Z,4.9939,1.2125,124.4872,8.95,4.451,2,normal
2026-03-30T01:20:24.000Z,4.9573,1.1941,124.5299,9.6,4.572,2,normal
2026-03-30T01:20:25.000Z,4.9841,1.2051,124.4017,9.19,4.52,2,normal
2026-03-30T01:20:26.000Z,4.9792,1.2015,124.6154,8.84,4.477,2,normal
2026-03-30T01:20:27.000Z,4.9719,1.2015,124.5299,11.53,4.435,2,normal
2026-03-30T01:20:28.000Z,4.9866,1.2015,124.4444,8.63,4.491,2,normal
2026-03-30T01:20:29.000Z,4.9744,1.1978,124.4444,8.92,4.421,2,normal
2026-03-30T01:20:30.000Z,4.9841,1.2051,124.4444,9.01,4.53,2,normal
2026-03-30T01:20:31.000Z,4.9695,1.2015,124.4017,9.1,4.563,2,normal
2026-03-30T01:20:32.000Z,4.9768,1.1978,124.4872,9.32,4.574,2,normal
2026-03-30T01:20:33.000Z,4.9768,1.1978,124.4017,9.06,4.482,2,normal
2026-03-30T01:20:34.000Z,4.9719,1.1978,124.4444,8.72,4.437,2,normal
2026-03-30T01:20:35.000Z,4.9621,1.2015,124.7863,7.59,4.454,2,normal
2026-03-30T01:20:36.000Z,4.9792,1.1941,124.4872,10.64,4.43,2,normal
2026-03-30T01:20:37.000Z,4.9792,1.2015,124.6154,11.49,4.443,2,normal
2026-03-30T01:20:38.000Z,4.9719,1.1978,124.359,9.65,4.468,2,normal
2026-03-30T01:20:39.000Z,4.9866,1.2015,124.4872,9.31,4.421,2,normal
2026-03-30T01:20:40.000Z,4.9841,1.1978,124.5726,9.91,4.52,2,normal
2026-03-30T01:20:41.000Z,4.9866,1.1941,124.359,8.58,4.475,2,normal
2026-03-30T01:20:42.000Z,4.9841,1.1978,124.4872,10.02,4.575,2,normal
2026-03-30T01:20:43.000Z,4.9768,1.1941,124.7436,11.39,4.458,2,normal
2026-03-30T01:20:44.000Z,4.9768,1.2051,124.2735,8.58,4.465,2,normal
2026-03-30T01:20:45.000Z,4.9792,1.1941,124.4444,9.1,4.489,2,normal
2026-03-30T01:20:46.000Z,4.9817,1.2015,124.359,8.94,4.513,2,normal
2026-03-30T01:20:47.000Z,4.9695,1.1941,124.4444,10.82,4.526,2,normal
2026-03-30T01:20:48.000Z,4.9792,1.1978,124.4444,9.23,4.543,2,normal
2026-03-30T01:20:49.000Z,4.9744,1.2015,124.4017,10.24,4.504,2,normal
2026-03-30T01:20:50.000Z,4.9817,1.2088,124.5299,10.46,4.433,2,normal
2026-03-30T01:20:51.000Z,4.9866,1.2015,124.4872,10.46,4.44,2,normal
2026-03-30T01:20:52.000Z,4.9841,1.1941,124.6154,9.59,4.455,2,normal
2026-03-30T01:20:53.000Z,4.9792,1.2015,124.6581,11.68,4.559,2,normal
2026-03-30T01:20:54.000Z,4.9646,1.1978,124.4017,8.23,4.453,2,normal
2026-03-30T01:20:55.000Z,4.9695,1.1941,124.5299,9.2,4.432,2,normal
2026-03-30T01:20:56.000Z,4.9719,1.1978,124.6154,11.03,4.42,2,normal
2026-03-30T01:20:57.000Z,4.9621,1.1978,124.4444,11.11,4.495,2,normal
2026-03-30T01:20:58.000Z,4.9768,1.2015,124.4872,10.52,4.532,2,normal
2026-03-30T01:20:59.000Z,4.9499,1.2051,124.5299,9.22,4.488,2,normal
2026-03-30T01:21:00.000Z,4.9866,1.2015,124.4444,7.89,4.524,2,normal
2026-03-30T01:21:01.000Z,4.9695,1.2015,124.5299,11.04,4.502,2,normal
2026-03-30T01:21:02.000Z,4.9792,1.2015,124.5299,7.99,4.517,2,normal
2026-03-30T01:21:03.000Z,4.967,1.1978,124.4872,10.96,4.514,2,normal
2026-03-30T01:21:04.000Z,4.9841,1.1941,124.5726,11.71,4.513,2,normal
2026-03-30T01:21:05.000Z,4.9792,1.2015,124.3162,11.07,4.525,2,normal
2026-03-30T01:21:06.000Z,4.9866,1.1941,124.6581,9.91,4.441,2,normal
2026-03-30T01:21:07.000Z,4.9817,1.1978,124.2735,10.18,4.479,2,normal
2026-03-30T01:21:08.000Z,4.9573,1.1978,124.6154,10.2,4.423,2,normal
2026-03-30T01:21:09.000Z,4.9817,1.2051,124.4017,10.69,4.552,2,normal
2026-03-30T01:21:10.000Z,4.9768,1.2015,124.359,9.81,4.438,2,normal
2026-03-30T01:21:11.000Z,4.9548,1.1978,124.3162,8.88,4.478,2,normal
2026-03-30T01:21:12.000Z,4.9792,1.1941,124.5726,10.61,4.497,2,normal
2026-03-30T01:21:13.000Z,4.9817,1.1978,124.4872,11.53,4.428,2,normal
2026-03-30T01:21:14.000Z,4.9817,1.1978,124.2308,9.16,4.522,2,normal
2026-03-30T01:21:15.000Z,4.9817,1.2015,124.359,11.38,4.574,2,normal
2026-03-30T01:21:16.000Z,4.9695,1.2015,124.4444,9.44,4.421,2,normal
2026-03-30T01:21:17.000Z,4.9841,1.1941,124.4872,9.51,4.512,2,normal
2026-03-30T01:21:18.000Z,4.9621,1.2015,124.7436,11.36,4.545,2,normal
2026-03-30T01:21:19.000Z,4.9792,1.1941,124.4872,9.53,4.513,2,normal
2026-03-30T01:21:20.000Z,4.967,1.2015,124.359,12.03,4.539,2,normal
2026-03-30T01:21:21.000Z,4.9719,1.2088,124.4017,9.26,4.53,2,normal
2026-03-30T01:21:22.000Z,4.9744,1.1941,124.5299,8.84,4.427,2,normal
2026-03-30T01:21:23.000Z,4.9817,1.2088,124.4017,10.84,4.424,2,normal
2026-03-30T01:21:24.000Z,4.9597,1.1978,124.4444,9.63,4.49,2,normal
2026-03-30T01:21:25.000Z,4.9792,1.1941,124.5299,10.06,4.421,2,normal
2026-03-30T01:21:26.000Z,4.9744,1.1868,124.3162,8.1,4.48,2,normal
2026-03-30T01:21:27.000Z,4.9817,1.1978,124.7436,11.02,4.517,2,normal
2026-03-30T01:21:28.000Z,4.9597,1.1941,124.5299,8.07,4.495,2,normal
2026-03-30T01:21:29.000Z,4.989,1.1978,124.4017,9.57,4.442,2,normal
2026-03-30T01:21:30.000Z,4.9719,1.2015,124.5299,10.54,4.554,2,normal
2026-03-30T01:21:31.000Z,4.9475,1.1941,124.5726,11.37,4.508,2,normal
2026-03-30T01:21:32.000Z,4.9744,1.2125,124.4017,8.75,4.486,2,normal
2026-03-30T01:21:33.000Z,4.9768,1.1941,124.2735,7.17,4.528,2,normal
2026-03-30T01:21:34.000Z,4.9792,1.2015,124.359,9.81,4.431,2,normal
2026-03-30T01:21:35.000Z,4.9597,1.1978,124.1026,10.57,4.546,2,normal
2026-03-30T01:21:36.000Z,4.9597,1.2051,124.4444,10.8,4.515,2,normal
2026-03-30T01:21:37.000Z,4.9988,1.1978,124.5299,9.86,4.551,2,normal
2026-03-30T01:21:38.000Z,4.9939,1.1978,124.5299,8.27,4.558,2,normal
2026-03-30T01:21:39.000Z,4.9792,1.2051,124.6581,9.34,4.437,2,normal
2026-03-30T01:21:40.000Z,4.9939,1.1941,124.5299,9.89,4.496,2,normal
2026-03-30T01:21:41.000Z,4.989,1.2015,124.5726,10.9,4.546,2,normal
2026-03-30T01:21:42.000Z,4.967,1.2051,124.4017,11.36,4.429,2,normal
2026-03-30T01:21:43.000Z,4.967,1.1978,124.3162,10.14,4.552,2,normal
2026-03-30T01:21:44.000Z,4.989,1.2051,124.4017,10.3,4.442,2,normal
2026-03-30T01:21:45.000Z,4.9817,1.1941,124.4017,9.75,4.452,2,normal
2026-03-30T01:21:46.000Z,4.9548,1.2015,124.359,9.08,4.513,2,normal
2026-03-30T01:21:47.000Z,4.967,1.2051,124.2308,10.73,4.46,2,normal
2026-03-30T01:21:48.000Z,4.9621,1.2051,124.4444,11.94,4.542,2,normal
2026-03-30T01:21:49.000Z,4.9719,1.2015,124.5299,9.47,4.514,2,normal
2026-03-30T01:21:50.000Z,4.967,1.2015,124.4444,9.57,4.535,2,normal
2026-03-30T01:21:51.000Z,4.9744,1.1978,124.8291,11.3,4.487,2,normal
2026-03-30T01:21:52.000Z,4.9963,1.2051,124.6154,6.68,4.53,2,normal
2026-03-30T01:21:53.000Z,4.9768,1.1978,124.4444,8.77,4.508,2,normal
2026-03-30T01:21:54.000Z,4.9841,1.2015,124.4444,8.22,4.505,2,normal
2026-03-30T01:21:55.000Z,4.9792,1.1941,124.4444,11.13,4.513,2,normal
2026-03-30T01:21:56.000Z,4.9768,1.1941,124.7436,10.15,4.525,2,normal
2026-03-30T01:21:57.000Z,4.9963,1.2051,124.2735,10.26,4.526,2,normal
2026-03-30T01:21:58.000Z,4.9963,1.1941,124.359,9.22,4.516,2,normal
2026-03-30T01:21:59.000Z,4.9744,1.2051,124.4872,9.73,4.556,2,normal
2026-03-30T01:22:00.000Z,4.9646,1.1941,124.4017,8.02,4.47,2,normal
2026-03-30T01:22:01.000Z,4.9695,1.1941,124.7863,10.62,4.43,2,normal
2026-03-30T01:22:02.000Z,5.0012,1.1868,124.5726,10.39,4.489,2,normal
2026-03-30T01:22:03.000Z,4.9768,1.1941,124.4017,9.96,4.463,2,normal
2026-03-30T01:22:04.000Z,4.9768,1.1978,124.7863,11.51,4.523,2,normal
2026-03-30T01:22:05.000Z,4.9524,1.2051,124.4444,10.75,4.559,2,normal
2026-03-30T01:22:06.000Z,4.9695,1.2015,124.5299,8.78,4.564,2,normal
2026-03-30T01:22:07.000Z,4.9817,1.1941,124.5299,12.17,4.432,2,normal
2026-03-30T01:22:08.000Z,4.9719,1.1978,124.2735,10.66,4.463,2,normal
2026-03-30T01:22:09.000Z,4.9719,1.1978,124.7863,11.64,4.527,2,normal
2026-03-30T01:22:10.000Z,4.9817,1.2015,124.5299,8.08,4.418,2,normal
2026-03-30T01:22:11.000Z,4.9695,1.1941,124.3162,11.79,4.431,2,normal
2026-03-30T01:22:12.000Z,4.9646,1.1905,124.359,7.15,4.483,2,normal
2026-03-30T01:22:13.000Z,4.989,1.1978,124.4444,9.61,4.495,2,normal
2026-03-30T01:22:14.000Z,4.9866,1.1978,124.5299,7.52,4.492,2,normal
2026-03-30T01:22:15.000Z,4.9939,1.2051,124.359,11.48,4.574,2,normal
2026-03-30T01:22:16.000Z,4.9621,1.1905,124.4017,9.73,4.479,2,normal
2026-03-30T01:22:17.000Z,4.9866,1.1978,124.7436,9.67,4.451,2,normal
2026-03-30T01:22:18.000Z,4.9841,1.2015,124.3162,11.2,4.574,2,normal
2026-03-30T01:22:19.000Z,4.9817,1.1978,124.8291,11.08,4.481,2,normal
2026-03-30T01:22:20.000Z,4.9646,1.1978,124.1453,10.11,4.442,2,normal
2026-03-30T01:22:21.000Z,4.9817,1.1941,124.4017,10.85,4.431,2,normal
2026-03-30T01:22:22.000Z,4.9841,1.2015,124.7436,9.2,4.527,2,normal
2026-03-30T01:22:23.000Z,4.9597,1.2015,124.6154,8.94,4.464,2,normal
2026-03-30T01:22:24.000Z,4.9719,1.2051,124.4017,9.87,4.445,2,normal
2026-03-30T01:22:25.000Z,4.967,1.2015,124.4444,11.8,4.525,2,normal
2026-03-30T01:22:26.000Z,4.9744,1.1978,124.359,10.62,4.476,2,normal
2026-03-30T01:22:27.000Z,4.9695,1.1905,124.7009,11.61,4.46,2,normal
2026-03-30T01:22:28.000Z,4.9792,1.2015,124.6154,7.94,4.446,2,normal
2026-03-30T01:22:29.000Z,4.989,1.1941,124.4872,10.94,4.438,2,normal
2026-03-30T01:22:30.000Z,4.9768,1.1978,124.4444,10.9,4.55,2,normal
2026-03-30T01:22:31.000Z,4.9719,1.2088,124.359,9.47,4.518,2,normal
2026-03-30T01:22:32.000Z,4.9695,1.2051,124.7009,9.81,4.56,2,normal
2026-03-30T01:22:33.000Z,4.967,1.2015,124.7009,9.27,4.488,2,normal
2026-03-30T01:22:34.000Z,4.9646,1.1941,124.7009,10.41,4.471,2,normal
2026-03-30T01:22:35.000Z,4.9866,1.1978,124.7009,10.12,4.492,2,normal
2026-03-30T01:22:36.000Z,4.9646,1.2088,124.5299,9.94,4.546,2,normal
2026-03-30T01:22:37.000Z,4.9817,1.1941,124.4444,9.79,4.566,2,normal
2026-03-30T01:22:38.000Z,4.9744,1.1941,124.7009,9.18,4.479,2,normal
2026-03-30T01:22:39.000Z,4.9744,1.1941,124.6154,9.06,4.46,2,normal
2026-03-30T01:22:40.000Z,4.9768,1.1905,124.7009,10.52,4.522,2,normal
2026-03-30T01:22:41.000Z,4.9621,1.1978,124.6581,10.07,4.555,2,normal
2026-03-30T01:22:42.000Z,4.9621,1.2088,124.2308,11.25,4.45,2,normal
2026-03-30T01:22:43.000Z,4.9744,1.2088,124.188,8.99,4.486,2,normal
2026-03-30T01:22:44.000Z,4.9866,1.1978,124.359,10.79,4.468,2,normal
2026-03-30T01:22:45.000Z,4.9719,1.1978,124.4444,8.67,4.42,2,normal
2026-03-30T01:22:46.000Z,4.9817,1.1978,124.6154,11.33,4.534,2,normal
2026-03-30T01:22:47.000Z,4.9841,1.2015,124.5299,12.76,4.515,2,normal
2026-03-30T01:22:48.000Z,4.967,1.1978,124.359,9.82,4.573,2,normal
2026-03-30T01:22:49.000Z,4.9719,1.2051,124.5726,9.0,4.543,2,normal
2026-03-30T01:22:50.000Z,4.9841,1.2015,124.2735,9.02,4.47,2,normal
2026-03-30T01:22:51.000Z,4.9817,1.1978,124.7436,9.03,4.447,2,normal
2026-03-30T01:22:52.000Z,4.9744,1.2015,124.4017,8.61,4.443,2,normal
2026-03-30T01:22:53.000Z,4.9866,1.1978,124.4017,10.13,4.437,2,normal
2026-03-30T01:22:54.000Z,4.9817,1.2015,124.7436,8.83,4.558,2,normal
2026-03-30T01:22:55.000Z,4.9768,1.2015,124.6154,10.89,4.551,2,normal
2026-03-30T01:22:56.000Z,4.9744,1.1941,124.188,8.39,4.455,2,normal
2026-03-30T01:22:57.000Z,4.9646,1.1978,124.359,8.67,4.506,2,normal
2026-03-30T01:22:58.000Z,4.9792,1.1978,124.6154,10.86,4.421,2,normal
2026-03-30T01:22:59.000Z,4.9744,1.2051,124.4872,10.81,4.487,2,normal
2026-03-30T01:23:00.000Z,4.9695,1.2088,124.2735,10.87,4.519,2,normal
2026-03-30T01:23:01.000Z,4.9768,1.2088,124.5726,8.8,4.441,2,normal
2026-03-30T01:23:02.000Z,4.9646,1.1941,124.6154,10.25,4.54,2,normal
2026-03-30T01:23:03.000Z,4.9792,1.1978,124.5726,10.46,4.569,2,normal
2026-03-30T01:23:04.000Z,4.9695,1.1978,124.4444,10.74,4.518,2,normal
2026-03-30T01:23:05.000Z,4.989,1.1941,124.4444,8.76,4.531,2,normal
2026-03-30T01:23:06.000Z,4.989,1.1978,124.4872,9.29,4.452,2,normal
2026-03-30T01:23:07.000Z,4.9792,1.1905,124.3162,10.15,4.56,2,normal
2026-03-30T01:23:08.000Z,4.9792,1.2015,124.359,10.72,4.461,2,normal
2026-03-30T01:23:09.000Z,4.9841,1.1941,124.359,10.59,4.558,2,normal
2026-03-30T01:23:10.000Z,4.9915,1.1941,124.188,10.14,4.421,2,normal
2026-03-30T01:23:11.000Z,4.9621,1.2051,124.2308,9.01,4.546,2,normal
2026-03-30T01:23:12.000Z,4.9866,1.2015,124.4444,8.76,4.46,2,normal
2026-03-30T01:23:13.000Z,4.9841,1.1978,124.4444,11.19,4.47,2,normal
2026-03-30T01:23:14.000Z,4.967,1.1941,124.2308,10.23,4.456,2,normal
2026-03-30T01:23:15.000Z,4.9744,1.1978,124.4872,9.02,4.479,2,normal
2026-03-30T01:23:16.000Z,4.9817,1.2088,124.3162,10.19,4.419,2,normal
2026-03-30T01:23:17.000Z,4.967,1.1978,124.5726,10.67,4.489,2,normal
2026-03-30T01:23:18.000Z,4.9792,1.1978,124.4872,11.06,4.45,2,normal
2026-03-30T01:23:19.000Z,4.9719,1.1905,124.4872,8.8,4.52,2,normal
2026-03-30T01:23:20.000Z,4.9817,1.1978,124.7436,7.89,4.478,2,normal
2026-03-30T01:23:21.000Z,4.9841,1.1978,124.359,10.79,4.458,2,normal
2026-03-30T01:23:22.000Z,5.0037,1.2015,124.4872,8.28,4.483,2,normal
2026-03-30T01:23:23.000Z,5.0012,1.2088,124.4872,8.68,4.437,2,normal
2026-03-30T01:23:24.000Z,4.9915,1.1905,124.1026,7.9,4.521,2,normal
2026-03-30T01:23:25.000Z,4.9792,1.1978,124.8291,10.23,4.58,2,normal
2026-03-30T01:23:26.000Z,4.9719,1.1978,124.4444,7.76,4.511,2,normal
2026-03-30T01:23:27.000Z,4.967,1.1978,124.4872,10.09,4.528,2,normal
2026-03-30T01:23:28.000Z,4.9695,1.1978,124.3162,7.66,4.575,2,normal
2026-03-30T01:23:29.000Z,4.9792,1.2051,124.5299,8.99,4.537,2,normal
2026-03-30T01:23:30.000Z,4.9841,1.1978,124.1453,10.05,4.531,2,normal
2026-03-30T01:23:31.000Z,4.9768,1.2051,124.3162,10.74,4.519,2,normal
2026-03-30T01:23:32.000Z,4.9744,1.1978,124.2308,11.06,4.508,2,normal
2026-03-30T01:23:33.000Z,4.9841,1.2015,124.2735,8.71,4.557,2,normal
2026-03-30T01:23:34.000Z,4.9744,1.1978,124.4444,10.3,4.481,2,normal
2026-03-30T01:23:35.000Z,4.9744,1.2051,124.6581,10.09,4.429,2,normal
2026-03-30T01:23:36.000Z,4.9597,1.1978,124.4017,9.76,4.446,2,normal
2026-03-30T01:23:37.000Z,4.9646,1.2088,124.4017,8.62,4.467,2,normal
2026-03-30T01:23:38.000Z,4.9621,1.1941,124.5726,9.05,4.565,2,normal
2026-03-30T01:23:39.000Z,4.9768,1.2088,124.5299,10.84,4.503,2,normal
2026-03-30T01:23:40.000Z,4.9817,1.1941,124.359,12.0,4.45,2,normal
2026-03-30T01:23:41.000Z,4.9744,1.1905,124.4017,10.39,4.471,2,normal
2026-03-30T01:23:42.000Z,4.9841,1.1978,124.4444,10.43,4.446,2,normal
2026-03-30T01:23:43.000Z,4.9719,1.2088,124.359,10.1,4.556,2,normal
2026-03-30T01:23:44.000Z,4.989,1.2015,124.5726,8.6,4.453,2,normal
2026-03-30T01:23:45.000Z,4.9792,1.2051,124.4444,8.98,4.537,2,normal
2026-03-30T01:23:46.000Z,4.9817,1.2015,124.359,8.84,4.464,2,normal
2026-03-30T01:23:47.000Z,5.0012,1.2015,124.5726,9.67,4.524,2,normal
2026-03-30T01:23:48.000Z,4.9768,1.1978,124.6154,10.55,4.569,2,normal
2026-03-30T01:23:49.000Z,4.9792,1.2015,124.359,8.86,4.568,2,normal
2026-03-30T01:23:50.000Z,4.9695,1.1978,124.7009,10.45,4.438,2,normal
2026-03-30T01:23:51.000Z,4.9744,1.2051,124.359,8.38,4.425,2,normal
2026-03-30T01:23:52.000Z,4.9719,1.2051,124.359,8.5,4.428,2,normal
2026-03-30T01:23:53.000Z,5.0061,1.2051,124.7009,9.79,4.547,2,normal
2026-03-30T01:23:54.000Z,4.9524,1.2051,124.7009,10.74,4.541,2,normal
2026-03-30T01:23:55.000Z,4.9866,1.2015,124.5299,9.7,4.452,2,normal
2026-03-30T01:23:56.000Z,4.9719,1.2088,124.1026,11.1,4.537,2,normal
2026-03-30T01:23:57.000Z,4.9451,1.2015,124.4017,9.75,4.459,2,normal
2026-03-30T01:23:58.000Z,4.9817,1.1941,124.359,6.72,4.443,2,normal
2026-03-30T01:23:59.000Z,4.9744,1.1941,124.5299,9.19,4.492,2,normal
2026-03-30T01:24:00.000Z,4.9524,1.2051,124.7009,8.12,4.538,2,normal
2026-03-30T01:24:01.000Z,4.9792,1.1978,124.5299,11.08,4.448,2,normal
2026-03-30T01:24:02.000Z,4.9792,1.1978,124.5299,9.39,4.457,2,normal
2026-03-30T01:24:03.000Z,4.989,1.1941,124.359,11.54,4.568,2,normal
2026-03-30T01:24:04.000Z,4.9792,1.2051,124.4444,10.22,4.418,2,normal
2026-03-30T01:24:05.000Z,4.9768,1.1978,124.4017,7.48,4.515,2,normal
2026-03-30T01:24:06.000Z,4.9695,1.1978,124.5726,9.25,4.541,2,normal
2026-03-30T01:24:07.000Z,4.9841,1.2015,124.4017,8.81,4.536,2,normal
2026-03-30T01:24:08.000Z,5.0037,1.1978,124.3162,11.73,4.533,2,normal
2026-03-30T01:24:09.000Z,4.989,1.2051,124.5299,11.99,4.554,2,normal
2026-03-30T01:24:10.000Z,4.9719,1.2051,124.359,10.17,4.429,2,normal
2026-03-30T01:24:11.000Z,4.9646,1.2051,124.2735,10.54,4.433,2,normal
2026-03-30T01:24:12.000Z,4.967,1.1941,124.4017,8.49,4.432,2,normal
2026-03-30T01:24:13.000Z,4.9817,1.2051,124.7009,8.41,4.503,2,normal
2026-03-30T01:24:14.000Z,4.9866,1.2051,124.6154,11.31,4.482,2,normal
2026-03-30T01:24:15.000Z,4.9915,1.2015,124.6581,9.61,4.431,2,normal
2026-03-30T01:24:16.000Z,4.967,1.1978,124.5299,9.35,4.543,2,normal
2026-03-30T01:24:17.000Z,4.9646,1.1978,124.5726,10.33,4.503,2,normal
2026-03-30T01:24:18.000Z,4.967,1.2015,124.359,8.12,4.536,2,normal
2026-03-30T01:24:19.000Z,4.9768,1.2051,124.6581,11.5,4.52,2,normal
2026-03-30T01:24:20.000Z,4.9695,1.1905,124.6581,10.01,4.507,2,normal
2026-03-30T01:24:21.000Z,4.9792,1.2015,124.2308,10.05,4.569,2,normal
2026-03-30T01:24:22.000Z,4.9573,1.1978,124.2735,10.86,4.495,2,normal
2026-03-30T01:24:23.000Z,4.989,1.1868,124.6581,8.97,4.441,2,normal
2026-03-30T01:24:24.000Z,4.9817,1.2015,124.4017,11.53,4.423,2,normal
2026-03-30T01:24:25.000Z,4.9646,1.2051,124.4017,9.11,4.53,2,normal
2026-03-30T01:24:26.000Z,4.9866,1.1978,124.6154,9.88,4.478,2,normal
2026-03-30T01:24:27.000Z,4.9792,1.2015,124.4444,7.76,4.459,2,normal
2026-03-30T01:24:28.000Z,4.9817,1.1978,124.359,11.08,4.488,2,normal
2026-03-30T01:24:29.000Z,4.9621,1.1941,124.5299,9.23,4.533,2,normal
2026-03-30T01:24:30.000Z,4.9792,1.1905,124.7863,7.64,4.513,2,normal
2026-03-30T01:24:31.000Z,4.9841,1.1978,124.4017,9.13,4.431,2,normal
2026-03-30T01:24:32.000Z,4.9841,1.1941,124.3162,11.48,4.451,2,normal
2026-03-30T01:24:33.000Z,4.9719,1.2051,124.2735,9.27,4.556,2,normal
2026-03-30T01:24:34.000Z,4.989,1.2051,124.3162,8.99,4.548,2,normal
2026-03-30T01:24:35.000Z,4.9817,1.2051,124.6154,9.6,4.438,2,normal
2026-03-30T01:24:36.000Z,4.967,1.2015,124.7436,10.01,4.435,2,normal
2026-03-30T01:24:37.000Z,4.9695,1.1905,124.4444,11.61,4.494,2,normal
2026-03-30T01:24:38.000Z,4.967,1.1905,124.2735,10.59,4.536,2,normal
2026-03-30T01:24:39.000Z,4.9719,1.2051,124.4017,9.96,4.538,2,normal
2026-03-30T01:24:40.000Z,4.9573,1.1905,124.4444,9.59,4.54,2,normal
2026-03-30T01:24:41.000Z,4.9621,1.2051,124.4444,9.41,4.467,2,normal
2026-03-30T01:24:42.000Z,4.967,1.1978,124.2735,11.91,4.533,2,normal
2026-03-30T01:24:43.000Z,4.9744,1.1941,124.5726,10.43,4.512,2,normal
2026-03-30T01:24:44.000Z,4.9597,1.1978,124.7436,10.37,4.429,2,normal
2026-03-30T01:24:45.000Z,4.9695,1.2051,124.2308,11.13,4.494,2,normal
2026-03-30T01:24:46.000Z,4.9695,1.1941,124.4872,9.78,4.548,2,normal
2026-03-30T01:24:47.000Z,4.9719,1.2015,124.2308,8.92,4.525,2,normal
2026-03-30T01:24:48.000Z,4.9939,1.1941,124.6581,11.17,4.524,2,normal
2026-03-30T01:24:49.000Z,4.9597,1.2051,124.3162,11.93,4.531,2,normal
2026-03-30T01:24:50.000Z,4.967,1.2015,124.6581,10.43,4.458,2,normal
2026-03-30T01:24:51.000Z,4.9866,1.1941,124.4872,9.81,4.502,2,normal
2026-03-30T01:24:52.000Z,4.9988,1.1905,124.359,11.01,4.517,2,normal
2026-03-30T01:24:53.000Z,4.9768,1.1941,124.2735,10.42,4.504,2,normal
2026-03-30T01:24:54.000Z,4.9768,1.1978,124.359,10.84,4.508,2,normal
2026-03-30T01:24:55.000Z,4.9792,1.1978,124.4444,10.46,4.567,2,normal
2026-03-30T01:24:56.000Z,4.9841,1.2015,124.4017,8.85,4.517,2,normal
2026-03-30T01:24:57.000Z,4.9695,1.1941,124.6581,10.02,4.492,2,normal
2026-03-30T01:24:58.000Z,5.0012,1.2051,124.4017,10.49,4.57,2,normal
2026-03-30T01:24:59.000Z,4.989,1.2051,124.2308,9.28,4.466,2,normal
2026-03-30T01:25:00.000Z,4.9866,1.2051,124.6581,10.99,4.497,2,normal
2026-03-30T01:25:01.000Z,4.9841,1.1941,124.4444,9.16,4.467,2,normal
2026-03-30T01:25:02.000Z,4.9597,1.1905,124.4872,10.81,4.516,2,normal
2026-03-30T01:25:03.000Z,4.9817,1.2015,124.2735,11.65,4.561,2,normal
2026-03-30T01:25:04.000Z,4.9841,1.1941,124.8291,11.05,4.449,2,normal
2026-03-30T01:25:05.000Z,4.967,1.2015,124.5299,10.18,4.539,2,normal
2026-03-30T01:25:06.000Z,4.9866,1.1978,124.4017,9.31,4.461,2,normal
2026-03-30T01:25:07.000Z,4.9817,1.1905,124.5726,9.4,4.466,2,normal
2026-03-30T01:25:08.000Z,4.9719,1.1941,124.4017,10.84,4.507,2,normal
2026-03-30T01:25:09.000Z,4.9744,1.1978,124.359,9.54,4.429,2,normal
2026-03-30T01:25:10.000Z,4.967,1.2015,124.359,9.87,4.449,2,normal
2026-03-30T01:25:11.000Z,4.9695,1.2088,124.6154,10.89,4.558,2,normal
2026-03-30T01:25:12.000Z,4.9792,1.2015,124.359,8.49,4.48,2,normal
2026-03-30T01:25:13.000Z,4.9719,1.1978,124.4444,10.6,4.484,2,normal
2026-03-30T01:25:14.000Z,4.9768,1.2015,124.5726,10.84,4.516,2,normal
2026-03-30T01:25:15.000Z,4.9841,1.2088,124.188,8.9,4.479,2,normal
2026-03-30T01:25:16.000Z,4.9646,1.2051,124.4017,10.16,4.45,2,normal
2026-03-30T01:25:17.000Z,4.967,1.1978,124.7436,11.37,4.437,2,normal
2026-03-30T01:25:18.000Z,4.9621,1.2015,124.4017,8.89,4.488,2,normal
2026-03-30T01:25:19.000Z,4.9646,1.2015,124.3162,8.79,4.423,2,normal
2026-03-30T01:25:20.000Z,4.9744,1.2125,124.7863,8.99,4.535,2,normal
2026-03-30T01:25:21.000Z,4.9646,1.1941,124.6154,8.68,4.556,2,normal
2026-03-30T01:25:22.000Z,4.967,1.2051,124.4017,8.82,4.431,2,normal
2026-03-30T01:25:23.000Z,4.9817,1.1978,124.5299,12.62,4.476,2,normal
2026-03-30T01:25:24.000Z,4.9768,1.1978,124.2735,10.94,4.487,2,normal
2026-03-30T01:25:25.000Z,4.9646,1.2051,124.2308,7.92,4.429,2,normal
2026-03-30T01:25:26.000Z,4.9646,1.1978,124.4872,9.65,4.498,2,normal
2026-03-30T01:25:27.000Z,4.9792,1.2051,124.3162,10.45,4.526,2,normal
2026-03-30T01:25:28.000Z,4.9939,1.1978,124.4017,9.43,4.448,2,normal
2026-03-30T01:25:29.000Z,4.989,1.1978,124.7436,9.44,4.54,2,normal
2026-03-30T01:25:30.000Z,4.9646,1.1941,124.4872,8.54,4.494,2,normal
2026-03-30T01:25:31.000Z,4.9792,1.1978,124.3162,10.52,4.559,2,normal
2026-03-30T01:25:32.000Z,4.9768,1.1978,124.3162,11.33,4.519,2,normal
2026-03-30T01:25:33.000Z,4.9621,1.1941,124.4017,12.95,4.486,2,normal
2026-03-30T01:25:34.000Z,4.9792,1.1978,124.3162,10.84,4.506,2,normal
2026-03-30T01:25:35.000Z,4.9719,1.2015,124.7009,9.13,4.517,2,normal
2026-03-30T01:25:36.000Z,4.9695,1.2051,124.6154,9.32,4.466,2,normal
2026-03-30T01:25:37.000Z,4.9817,1.1941,124.5299,9.17,4.576,2,normal
2026-03-30T01:25:38.000Z,4.9719,1.2051,124.4444,9.35,4.491,2,normal
2026-03-30T01:25:39.000Z,4.9621,1.1978,124.6154,9.31,4.525,2,normal
2026-03-30T01:25:40.000Z,4.9621,1.1978,124.5726,8.65,4.446,2,normal
2026-03-30T01:25:41.000Z,4.9719,1.1941,124.6154,9.9,4.435,2,normal
2026-03-30T01:25:42.000Z,4.989,1.1978,124.359,8.52,4.431,2,normal
2026-03-30T01:25:43.000Z,4.9719,1.1978,124.188,10.36,4.521,2,normal
2026-03-30T01:25:44.000Z,4.9915,1.1868,124.6581,9.23,4.474,2,normal
2026-03-30T01:25:45.000Z,4.9768,1.1978,124.7436,7.92,4.553,2,normal
2026-03-30T01:25:46.000Z,4.9768,1.2015,124.2735,8.87,4.496,2,normal
2026-03-30T01:25:47.000Z,4.967,1.2051,124.359,11.87,4.501,2,normal
2026-03-30T01:25:48.000Z,4.9695,1.2015,124.6581,10.42,4.446,2,normal
2026-03-30T01:25:49.000Z,4.9915,1.2015,124.5299,8.29,4.488,2,normal
2026-03-30T01:25:50.000Z,4.9866,1.1978,124.4017,11.94,4.575,2,normal
2026-03-30T01:25:51.000Z,4.9817,1.1978,124.2308,13.0,4.522,2,normal
2026-03-30T01:25:52.000Z,4.9768,1.2015,124.188,9.02,4.461,2,normal
2026-03-30T01:25:53.000Z,4.9695,1.1832,124.2308,8.18,4.498,2,normal
2026-03-30T01:25:54.000Z,4.9988,1.1941,124.5299,11.29,4.422,2,normal
2026-03-30T01:25:55.000Z,4.9768,1.2015,124.359,9.37,4.428,2,normal
2026-03-30T01:25:56.000Z,4.989,1.1978,124.3162,9.55,4.432,2,normal
2026-03-30T01:25:57.000Z,4.9524,1.1905,124.4872,10.38,4.461,2,normal
2026-03-30T01:25:58.000Z,4.9792,1.1978,124.6581,9.23,4.503,2,normal
2026-03-30T01:25:59.000Z,4.9792,1.2015,124.4444,9.48,4.536,2,normal
2026-03-30T01:26:00.000Z,4.989,1.2015,124.2735,11.27,4.541,2,normal
2026-03-30T01:26:01.000Z,4.9695,1.1978,124.3162,8.87,4.448,2,normal
2026-03-30T01:26:02.000Z,4.9939,1.1941,123.8889,10.99,4.468,2,normal
2026-03-30T01:26:03.000Z,4.9744,1.1941,124.3162,9.92,4.437,2,normal
2026-03-30T01:26:04.000Z,4.9744,1.2015,124.359,10.25,4.544,2,normal
2026-03-30T01:26:05.000Z,4.9597,1.1978,124.5726,9.6,4.449,2,normal
2026-03-30T01:26:06.000Z,4.9621,1.1978,124.188,11.04,4.465,2,normal
2026-03-30T01:26:07.000Z,4.9695,1.2051,124.359,7.74,4.467,2,normal
2026-03-30T01:26:08.000Z,4.9597,1.1905,124.4017,10.86,4.559,2,normal
2026-03-30T01:26:09.000Z,4.9744,1.2015,124.5726,9.72,4.541,2,normal
2026-03-30T01:26:10.000Z,4.9744,1.1941,124.7009,7.74,4.527,2,normal
2026-03-30T01:26:11.000Z,4.9866,1.1941,124.4872,8.27,4.506,2,normal
2026-03-30T01:26:12.000Z,4.9915,1.1868,124.6154,9.64,4.472,2,normal
2026-03-30T01:26:13.000Z,4.9719,1.2015,124.6581,11.77,4.548,2,normal
2026-03-30T01:26:14.000Z,4.9719,1.2015,124.7009,9.32,4.5,2,normal
2026-03-30T01:26:15.000Z,4.967,1.2015,124.4872,9.67,4.547,2,normal
2026-03-30T01:26:16.000Z,4.9548,1.2015,124.2735,9.15,4.459,2,normal
2026-03-30T01:26:17.000Z,4.9695,1.2015,124.4017,10.79,4.564,2,normal
2026-03-30T01:26:18.000Z,4.967,1.1905,124.2308,9.21,4.439,2,normal
2026-03-30T01:26:19.000Z,4.989,1.1941,124.359,12.8,4.537,2,normal
2026-03-30T01:26:20.000Z,4.9792,1.1978,124.359,9.03,4.475,2,normal
2026-03-30T01:26:21.000Z,4.9866,1.2015,124.4872,9.03,4.564,2,normal
2026-03-30T01:26:22.000Z,4.9792,1.2015,124.5299,8.48,4.553,2,normal
2026-03-30T01:26:23.000Z,4.9719,1.2015,124.5726,12.42,4.448,2,normal
2026-03-30T01:26:24.000Z,4.9719,1.2015,124.7009,10.54,4.551,2,normal
2026-03-30T01:26:25.000Z,4.9719,1.1941,124.4444,9.17,4.569,2,normal
2026-03-30T01:26:26.000Z,4.9792,1.2051,124.359,11.01,4.461,2,normal
2026-03-30T01:26:27.000Z,4.9768,1.1978,124.4017,10.27,4.421,2,normal
2026-03-30T01:26:28.000Z,4.9817,1.1978,124.6581,10.77,4.461,2,normal
2026-03-30T01:26:29.000Z,4.9768,1.2015,124.5299,10.52,4.451,2,normal
2026-03-30T01:26:30.000Z,4.9792,1.1905,124.4017,9.73,4.479,2,normal
2026-03-30T01:26:31.000Z,4.9963,1.2051,124.4017,10.28,4.574,2,normal
2026-03-30T01:26:32.000Z,4.967,1.2051,124.359,10.75,4.541,2,normal
2026-03-30T01:26:33.000Z,4.9866,1.1941,124.2735,10.76,4.52,2,normal
2026-03-30T01:26:34.000Z,4.9719,1.1868,124.4444,11.32,4.497,2,normal
2026-03-30T01:26:35.000Z,4.9792,1.2015,124.6581,8.96,4.426,2,normal
2026-03-30T01:26:36.000Z,4.9866,1.2015,124.4017,9.1,4.452,2,normal
2026-03-30T01:26:37.000Z,4.9719,1.2051,124.4872,8.48,4.545,2,normal
2026-03-30T01:26:38.000Z,4.9866,1.1978,124.4444,11.32,4.43,2,normal
2026-03-30T01:26:39.000Z,4.9792,1.1978,124.7009,9.16,4.528,2,normal
2026-03-30T01:26:40.000Z,4.9915,1.2015,124.2308,8.38,4.569,2,normal
2026-03-30T01:26:41.000Z,4.9597,1.1978,124.4017,9.19,4.438,2,normal
2026-03-30T01:26:42.000Z,4.9426,1.1978,124.6581,8.43,4.529,2,normal
2026-03-30T01:26:43.000Z,4.9792,1.2051,124.4872,8.76,4.433,2,normal
2026-03-30T01:26:44.000Z,4.9841,1.1941,124.3162,9.21,4.417,2,normal
2026-03-30T01:26:45.000Z,4.9817,1.1978,124.4444,10.61,4.512,2,normal
2026-03-30T01:26:46.000Z,4.9695,1.2051,124.359,11.63,4.569,2,normal
2026-03-30T01:26:47.000Z,4.9768,1.2015,124.4444,10.93,4.534,2,normal
2026-03-30T01:26:48.000Z,4.9646,1.1941,124.4872,9.8,4.462,2,normal
2026-03-30T01:26:49.000Z,4.9768,1.2015,124.7863,9.58,4.543,2,normal
2026-03-30T01:26:50.000Z,4.9817,1.1941,124.4017,9.83,4.525,2,normal
2026-03-30T01:26:51.000Z,4.9744,1.1941,124.4017,10.53,4.558,2,normal
2026-03-30T01:26:52.000Z,4.9792,1.1941,124.4444,12.24,4.477,2,normal
2026-03-30T01:26:53.000Z,4.9915,1.1978,124.5299,10.1,4.443,2,normal
2026-03-30T01:26:54.000Z,4.9768,1.2015,124.4872,9.41,4.563,2,normal
2026-03-30T01:26:55.000Z,4.9792,1.1978,124.4872,11.08,4.519,2,normal
2026-03-30T01:26:56.000Z,4.9646,1.2015,124.4017,9.91,4.546,2,normal
2026-03-30T01:26:57.000Z,4.967,1.1941,124.5726,9.95,4.555,2,normal
2026-03-30T01:26:58.000Z,4.9695,1.1978,124.4444,10.98,4.562,2,normal
2026-03-30T01:26:59.000Z,4.9719,1.2051,124.5726,11.73,4.53,2,normal
2026-03-30T01:27:00.000Z,4.9768,1.1941,124.5299,10.78,4.454,2,normal
2026-03-30T01:27:01.000Z,4.967,1.1978,124.359,10.61,4.478,2,normal
2026-03-30T01:27:02.000Z,4.9939,1.1905,124.4444,10.49,4.489,2,normal
2026-03-30T01:27:03.000Z,4.967,1.2051,124.5726,10.32,4.454,2,normal
2026-03-30T01:27:04.000Z,4.9988,1.2051,124.3162,7.61,4.542,2,normal
2026-03-30T01:27:05.000Z,4.9792,1.2051,124.2735,7.97,4.517,2,normal
2026-03-30T01:27:06.000Z,4.9768,1.2015,124.359,10.55,4.509,2,normal
2026-03-30T01:27:07.000Z,4.9841,1.1978,124.2308,8.78,4.535,2,normal
2026-03-30T01:27:08.000Z,4.9768,1.2051,124.0598,9.73,4.538,2,normal
2026-03-30T01:27:09.000Z,4.9841,1.1978,124.4444,9.79,4.465,2,normal
2026-03-30T01:27:10.000Z,4.9695,1.2015,124.5726,7.79,4.505,2,normal
2026-03-30T01:27:11.000Z,4.9744,1.2051,124.6154,8.16,4.444,2,normal
2026-03-30T01:27:12.000Z,4.9792,1.2051,124.6581,7.94,4.476,2,normal
2026-03-30T01:27:13.000Z,4.967,1.2015,124.188,8.67,4.434,2,normal
2026-03-30T01:27:14.000Z,4.9841,1.2051,124.6154,9.85,4.467,2,normal
2026-03-30T01:27:15.000Z,4.9792,1.1978,124.359,8.64,4.49,2,normal
2026-03-30T01:27:16.000Z,4.9744,1.2015,124.188,10.72,4.507,2,normal
2026-03-30T01:27:17.000Z,4.9841,1.2051,124.4444,9.25,4.538,2,normal
2026-03-30T01:27:18.000Z,4.9695,1.1978,124.2735,11.56,4.5,2,normal
2026-03-30T01:27:19.000Z,4.9841,1.2015,124.359,8.9,4.51,2,normal
2026-03-30T01:27:20.000Z,4.9621,1.2051,124.188,9.27,4.481,2,normal
2026-03-30T01:27:21.000Z,4.9817,1.1941,124.4872,10.65,4.422,2,normal
2026-03-30T01:27:22.000Z,4.9646,1.1941,124.4872,10.33,4.513,2,normal
2026-03-30T01:27:23.000Z,4.9792,1.2015,124.2308,11.23,4.547,2,normal
2026-03-30T01:27:24.000Z,4.9817,1.1978,124.5299,10.03,4.536,2,normal
2026-03-30T01:27:25.000Z,4.9646,1.1978,124.4872,9.45,4.569,2,normal
2026-03-30T01:27:26.000Z,4.9451,1.2051,124.4872,10.89,4.486,2,normal
2026-03-30T01:27:27.000Z,4.9915,1.1868,124.5726,11.55,4.522,2,normal
2026-03-30T01:27:28.000Z,4.9817,1.2015,124.5299,11.62,4.541,2,normal
2026-03-30T01:27:29.000Z,4.9768,1.1905,124.5299,8.11,4.458,2,normal
2026-03-30T01:27:30.000Z,4.989,1.2051,124.2735,7.6,4.548,2,normal
2026-03-30T01:27:31.000Z,4.9719,1.2015,124.6154,9.82,4.455,2,normal
2026-03-30T01:27:32.000Z,4.9719,1.1978,124.6154,10.41,4.473,2,normal
2026-03-30T01:27:33.000Z,4.9744,1.2015,124.3162,8.3,4.43,2,normal
2026-03-30T01:27:34.000Z,4.9768,1.1978,124.359,9.48,4.542,2,normal
2026-03-30T01:27:35.000Z,4.9695,1.1905,124.5299,9.46,4.472,2,normal
2026-03-30T01:27:36.000Z,4.9719,1.1978,124.2308,10.27,4.569,2,normal
2026-03-30T01:27:37.000Z,4.9646,1.1978,124.2735,9.8,4.443,2,normal
2026-03-30T01:27:38.000Z,4.9841,1.2051,124.4017,11.47,4.468,2,normal
2026-03-30T01:27:39.000Z,4.9744,1.2125,124.6154,9.78,4.477,2,normal
2026-03-30T01:27:40.000Z,4.9646,1.2088,124.5299,7.7,4.506,2,normal
2026-03-30T01:27:41.000Z,4.967,1.1941,124.359,10.89,4.423,2,normal
2026-03-30T01:27:42.000Z,4.9524,1.2015,124.4017,10.61,4.43,2,normal
2026-03-30T01:27:43.000Z,4.9792,1.2088,124.1453,11.46,4.559,2,normal
2026-03-30T01:27:44.000Z,4.967,1.2088,124.1026,8.45,4.539,2,normal
2026-03-30T01:27:45.000Z,4.9646,1.1941,124.359,10.08,4.494,2,normal
2026-03-30T01:27:46.000Z,4.9695,1.2015,124.6154,11.87,4.431,2,normal
2026-03-30T01:27:47.000Z,4.9597,1.1905,124.5726,9.05,4.446,2,normal
2026-03-30T01:27:48.000Z,4.9646,1.1978,124.5299,8.89,4.466,2,normal
2026-03-30T01:27:49.000Z,4.9792,1.2015,124.359,8.41,4.497,2,normal
2026-03-30T01:27:50.000Z,4.9768,1.2015,124.4444,10.02,4.501,2,normal
2026-03-30T01:27:51.000Z,4.989,1.2015,124.359,10.03,4.524,2,normal
2026-03-30T01:27:52.000Z,4.9621,1.2088,124.4444,9.9,4.496,2,normal
2026-03-30T01:27:53.000Z,4.9988,1.2015,124.359,10.22,4.495,2,normal
2026-03-30T01:27:54.000Z,4.9915,1.2088,124.6581,10.88,4.461,2,normal
2026-03-30T01:27:55.000Z,4.9866,1.1941,124.188,11.51,4.539,2,normal
2026-03-30T01:27:56.000Z,4.9841,1.1978,124.359,8.7,4.46,2,normal
2026-03-30T01:27:57.000Z,4.9695,1.1978,124.5299,9.5,4.503,2,normal
2026-03-30T01:27:58.000Z,4.967,1.1868,124.4872,9.15,4.448,2,normal
2026-03-30T01:27:59.000Z,4.9792,1.1941,124.8718,9.9,4.564,2,normal
2026-03-30T01:28:00.000Z,4.9695,1.1941,124.4444,9.5,4.485,2,normal
2026-03-30T01:28:01.000Z,4.9573,1.1905,124.5726,12.62,4.443,2,normal
2026-03-30T01:28:02.000Z,4.9841,1.1978,124.5726,11.58,4.472,2,normal
2026-03-30T01:28:03.000Z,4.9621,1.1978,124.4017,9.98,4.424,2,normal
2026-03-30T01:28:04.000Z,4.9817,1.1905,124.5726,8.48,4.495,2,normal
2026-03-30T01:28:05.000Z,4.9866,1.1941,124.6154,11.11,4.425,2,normal
2026-03-30T01:28:06.000Z,4.9719,1.1978,124.5299,8.82,4.456,2,normal
2026-03-30T01:28:07.000Z,4.9499,1.1978,124.359,9.87,4.46,2,normal
2026-03-30T01:28:08.000Z,4.9719,1.1941,124.4017,10.0,4.442,2,normal
2026-03-30T01:28:09.000Z,4.9719,1.2051,124.5726,9.53,4.477,2,normal
2026-03-30T01:28:10.000Z,4.9817,1.1978,124.4444,10.2,4.513,2,normal
2026-03-30T01:28:11.000Z,4.9792,1.2015,124.359,10.04,4.542,2,normal
2026-03-30T01:28:12.000Z,4.9963,1.1978,124.2735,11.97,4.574,2,normal
2026-03-30T01:28:13.000Z,4.9719,1.1978,124.7863,11.95,4.552,2,normal
2026-03-30T01:28:14.000Z,4.9719,1.2051,124.4017,10.99,4.499,2,normal
2026-03-30T01:28:15.000Z,4.9719,1.2015,124.2308,11.31,4.568,2,normal
2026-03-30T01:28:16.000Z,4.9719,1.1978,124.7863,9.11,4.568,2,normal
2026-03-30T01:28:17.000Z,4.9841,1.1905,124.2308,10.11,4.456,2,normal
2026-03-30T01:28:18.000Z,4.9841,1.1978,124.5299,9.12,4.466,2,normal
2026-03-30T01:28:19.000Z,4.9695,1.2051,124.6154,12.58,4.479,2,normal
2026-03-30T01:28:20.000Z,4.9768,1.1941,124.3162,10.84,4.465,2,normal
2026-03-30T01:28:21.000Z,4.9646,1.1941,124.7009,8.18,4.518,2,normal
2026-03-30T01:28:22.000Z,4.9695,1.2015,124.2308,12.42,4.519,2,normal
2026-03-30T01:28:23.000Z,4.9719,1.1905,124.4017,10.27,4.57,2,normal
2026-03-30T01:28:24.000Z,4.9646,1.1978,124.3162,9.76,4.427,2,normal
2026-03-30T01:28:25.000Z,4.9646,1.1978,124.4017,9.93,4.558,2,normal
2026-03-30T01:28:26.000Z,4.9841,1.2088,124.2735,9.4,4.435,2,normal
2026-03-30T01:28:27.000Z,4.9817,1.2051,124.4444,10.11,4.512,2,normal
2026-03-30T01:28:28.000Z,4.9817,1.1978,124.7009,9.03,4.551,2,normal
2026-03-30T01:28:29.000Z,4.9719,1.1978,124.7863,9.36,4.458,2,normal
2026-03-30T01:28:30.000Z,4.9744,1.1905,124.5299,10.41,4.481,2,normal
2026-03-30T01:28:31.000Z,4.9719,1.2051,124.5726,9.64,4.509,2,normal
2026-03-30T01:28:32.000Z,4.9573,1.1941,124.5299,8.84,4.439,2,normal
2026-03-30T01:28:33.000Z,4.9719,1.2051,124.4017,9.64,4.574,2,normal
2026-03-30T01:28:34.000Z,4.9939,1.2015,124.4444,11.15,4.518,2,normal
2026-03-30T01:28:35.000Z,4.9548,1.1978,124.6581,9.1,4.486,2,normal
2026-03-30T01:28:36.000Z,4.9841,1.2015,124.2735,7.82,4.428,2,normal
2026-03-30T01:28:37.000Z,4.9915,1.2015,124.2735,9.91,4.484,2,normal
2026-03-30T01:28:38.000Z,4.967,1.1905,124.6581,10.35,4.483,2,normal
2026-03-30T01:28:39.000Z,4.9768,1.2051,124.7009,11.08,4.511,2,normal
2026-03-30T01:28:40.000Z,4.9621,1.1905,124.4017,10.76,4.482,2,normal
2026-03-30T01:28:41.000Z,4.9646,1.1978,124.6154,11.1,4.497,2,normal
2026-03-30T01:28:42.000Z,4.9621,1.1978,124.6154,11.44,4.427,2,normal
2026-03-30T01:28:43.000Z,4.9719,1.1978,124.5299,11.05,4.496,2,normal
2026-03-30T01:28:44.000Z,4.989,1.2051,124.6154,10.36,4.57,2,normal
2026-03-30T01:28:45.000Z,4.9695,1.1941,124.5299,9.19,4.467,2,normal
2026-03-30T01:28:46.000Z,4.989,1.1941,124.4872,9.39,4.553,2,normal
2026-03-30T01:28:47.000Z,4.9621,1.2051,124.4444,8.33,4.528,2,normal
2026-03-30T01:28:48.000Z,4.9866,1.1978,124.5299,8.91,4.449,2,normal
2026-03-30T01:28:49.000Z,4.9597,1.2015,124.6154,10.38,4.422,2,normal
2026-03-30T01:28:50.000Z,4.9768,1.1978,124.359,12.3,4.525,2,normal
2026-03-30T01:28:51.000Z,4.9841,1.1978,124.8718,10.21,4.448,2,normal
2026-03-30T01:28:52.000Z,4.9866,1.1978,124.4017,11.48,4.502,2,normal
2026-03-30T01:28:53.000Z,4.9939,1.2015,124.5726,10.61,4.472,2,normal
2026-03-30T01:28:54.000Z,4.9792,1.2015,124.4444,10.12,4.438,2,normal
2026-03-30T01:28:55.000Z,4.9768,1.1978,124.4872,8.81,4.474,2,normal
2026-03-30T01:28:56.000Z,4.9744,1.2051,124.2735,7.11,4.458,2,normal
2026-03-30T01:28:57.000Z,4.9768,1.2051,124.5299,11.88,4.548,2,normal
2026-03-30T01:28:58.000Z,4.9548,1.1978,124.3162,10.1,4.512,2,normal
2026-03-30T01:28:59.000Z,4.9915,1.2015,124.6154,9.42,4.455,2,normal
2026-03-30T01:29:00.000Z,4.9744,1.1941,124.4872,9.99,4.511,2,normal
2026-03-30T01:29:01.000Z,4.9597,1.1978,124.6154,7.52,4.563,2,normal
2026-03-30T01:29:02.000Z,4.989,1.1978,124.3162,8.85,4.569,2,normal
2026-03-30T01:29:03.000Z,4.9646,1.1905,124.8291,8.39,4.438,2,normal
2026-03-30T01:29:04.000Z,4.9573,1.1978,124.359,11.08,4.436,2,normal
2026-03-30T01:29:05.000Z,4.9719,1.2015,124.6154,12.79,4.519,2,normal
2026-03-30T01:29:06.000Z,4.9817,1.1978,124.5299,12.08,4.486,2,normal
2026-03-30T01:29:07.000Z,4.9695,1.2051,124.4444,8.49,4.557,2,normal
2026-03-30T01:29:08.000Z,4.9573,1.1978,124.2735,8.99,4.437,2,normal
2026-03-30T01:29:09.000Z,4.9768,1.1978,124.4872,10.05,4.424,2,normal
2026-03-30T01:29:10.000Z,4.9841,1.1941,124.5299,9.45,4.546,2,normal
2026-03-30T01:29:11.000Z,4.967,1.1905,124.4017,10.64,4.466,2,normal
2026-03-30T01:29:12.000Z,4.9621,1.1905,124.359,11.03,4.498,2,normal
2026-03-30T01:29:13.000Z,4.9621,1.2015,124.4444,10.16,4.463,2,normal
2026-03-30T01:29:14.000Z,4.9597,1.2051,124.4872,8.36,4.514,2,normal
2026-03-30T01:29:15.000Z,4.9768,1.1978,124.2735,9.82,4.51,2,normal
2026-03-30T01:29:16.000Z,4.9792,1.2051,124.7436,8.91,4.481,2,normal
2026-03-30T01:29:17.000Z,4.989,1.1941,124.4872,10.62,4.53,2,normal
2026-03-30T01:29:18.000Z,4.9719,1.2015,124.4444,8.88,4.484,2,normal
2026-03-30T01:29:19.000Z,4.9573,1.1941,124.0598,8.55,4.476,2,normal
2026-03-30T01:29:20.000Z,4.9744,1.1978,124.7009,9.77,4.495,2,normal
2026-03-30T01:29:21.000Z,4.9768,1.2051,124.4444,9.29,4.442,2,normal
2026-03-30T01:29:22.000Z,4.9768,1.1905,124.7009,9.35,4.57,2,normal
2026-03-30T01:29:23.000Z,4.9817,1.2015,124.4444,10.6,4.484,2,normal
2026-03-30T01:29:24.000Z,4.9768,1.1978,124.6581,8.12,4.423,2,normal
2026-03-30T01:29:25.000Z,4.9744,1.1941,124.4017,10.58,4.558,2,normal
2026-03-30T01:29:26.000Z,4.9621,1.2051,124.4872,9.79,4.52,2,normal
2026-03-30T01:29:27.000Z,4.9817,1.1941,124.4017,9.49,4.559,2,normal
2026-03-30T01:29:28.000Z,4.9866,1.1868,124.4444,8.78,4.477,2,normal
2026-03-30T01:29:29.000Z,4.9744,1.1941,124.3162,11.49,4.47,2,normal
2026-03-30T01:29:30.000Z,4.9768,1.1941,124.4017,10.34,4.424,2,normal
2026-03-30T01:29:31.000Z,4.9597,1.2015,124.3162,9.12,4.465,2,normal
2026-03-30T01:29:32.000Z,4.9744,1.2051,124.5299,10.37,4.488,2,normal
2026-03-30T01:29:33.000Z,4.9719,1.1978,124.4017,9.24,4.501,2,normal
2026-03-30T01:29:34.000Z,4.9744,1.1978,124.6154,9.11,4.541,2,normal
2026-03-30T01:29:35.000Z,4.9646,1.2015,124.4017,11.58,4.433,2,normal
2026-03-30T01:29:36.000Z,4.9768,1.2051,124.2735,11.08,4.55,2,normal
2026-03-30T01:29:37.000Z,4.9817,1.1978,124.5726,9.97,4.554,2,normal
2026-03-30T01:29:38.000Z,4.9866,1.2015,124.6154,10.76,4.548,2,normal
2026-03-30T01:29:39.000Z,4.9768,1.2051,124.4444,10.23,4.511,2,normal
2026-03-30T01:29:40.000Z,4.9817,1.1978,124.9145,8.31,4.514,2,normal
2026-03-30T01:29:41.000Z,4.9744,1.2015,124.359,8.88,4.489,2,normal
2026-03-30T01:29:42.000Z,4.9744,1.1978,124.3162,10.31,4.45,2,normal
2026-03-30T01:29:43.000Z,4.9939,1.1978,124.5299,11.26,4.54,2,normal
2026-03-30T01:29:44.000Z,4.9768,1.2015,124.4872,10.26,4.442,2,normal
2026-03-30T01:29:45.000Z,4.9988,1.2051,124.359,9.72,4.571,2,normal
2026-03-30T01:29:46.000Z,4.9866,1.1868,124.4444,8.64,4.482,2,normal
2026-03-30T01:29:47.000Z,4.9744,1.1941,124.6154,10.8,4.498,2,normal
2026-03-30T01:29:48.000Z,4.9792,1.1941,124.4872,9.18,4.44,2,normal
2026-03-30T01:29:49.000Z,4.9915,1.1978,124.6154,9.62,4.444,2,normal
2026-03-30T01:29:50.000Z,4.9817,1.2015,124.4872,9.3,4.476,2,normal
2026-03-30T01:29:51.000Z,4.9646,1.2051,124.4444,7.54,4.447,2,normal
2026-03-30T01:29:52.000Z,4.9817,1.1978,124.5726,9.76,4.459,2,normal
2026-03-30T01:29:53.000Z,4.967,1.2051,124.7436,11.91,4.561,2,normal
2026-03-30T01:29:54.000Z,4.9768,1.1978,124.5299,10.08,4.504,2,normal
2026-03-30T01:29:55.000Z,4.9792,1.1941,124.5299,9.25,4.506,2,normal
2026-03-30T01:29:56.000Z,4.9646,1.1941,124.4872,8.87,4.479,2,normal
2026-03-30T01:29:57.000Z,4.9792,1.2015,124.4872,10.76,4.469,2,normal
2026-03-30T01:29:58.000Z,4.9695,1.2015,124.188,9.04,4.44,2,normal
2026-03-30T01:29:59.000Z,4.989,1.1978,124.6154,11.36,4.458,2,normal
2026-03-30T01:30:00.000Z,4.9744,1.1978,124.3162,8.98,4.49,2,normal
2026-03-30T01:30:01.000Z,4.9768,1.2125,124.359,10.55,4.55,2,normal
2026-03-30T01:30:02.000Z,4.9597,1.2015,124.7009,10.06,4.528,2,normal
2026-03-30T01:30:03.000Z,4.9621,1.2088,124.2735,8.84,4.513,2,normal
2026-03-30T01:30:04.000Z,4.989,1.2015,124.4872,9.89,4.459,2,normal
2026-03-30T01:30:05.000Z,4.9695,1.2051,124.7009,8.86,4.538,2,normal
2026-03-30T01:30:06.000Z,4.9597,1.2015,124.6154,8.4,4.536,2,normal
2026-03-30T01:30:07.000Z,4.967,1.1941,124.5299,8.58,4.56,2,normal
2026-03-30T01:30:08.000Z,4.967,1.1905,124.4444,9.22,4.464,2,normal
2026-03-30T01:30:09.000Z,4.9744,1.2015,124.5726,10.13,4.539,2,normal
2026-03-30T01:30:10.000Z,4.9744,1.2051,124.4017,8.09,4.518,2,normal
2026-03-30T01:30:11.000Z,4.9988,1.1978,124.3162,10.24,4.527,2,normal
2026-03-30T01:30:12.000Z,4.989,1.1941,124.5726,10.41,4.417,2,normal
2026-03-30T01:30:13.000Z,4.9792,1.1978,124.4444,9.91,4.536,2,normal
2026-03-30T01:30:14.000Z,4.9597,1.2051,124.5299,9.16,4.466,2,normal
2026-03-30T01:30:15.000Z,4.967,1.1978,124.5299,10.12,4.435,2,normal
2026-03-30T01:30:16.000Z,4.967,1.2015,124.5299,9.39,4.494,2,normal
2026-03-30T01:30:17.000Z,4.9744,1.1941,124.5299,12.66,4.513,2,normal
2026-03-30T01:30:18.000Z,4.9646,1.1978,124.4872,10.68,4.555,2,normal
2026-03-30T01:30:19.000Z,4.9719,1.1941,124.5726,8.87,4.565,2,normal
2026-03-30T01:30:20.000Z,4.9768,1.2015,124.4444,9.55,4.434,2,normal
2026-03-30T01:30:21.000Z,4.9915,1.2051,124.4872,9.86,4.446,2,normal
2026-03-30T01:30:22.000Z,4.9573,1.2088,124.188,10.73,4.418,2,normal
2026-03-30T01:30:23.000Z,4.9915,1.1941,124.5726,10.15,4.427,2,normal
2026-03-30T01:30:24.000Z,4.9744,1.1868,124.4444,10.06,4.455,2,normal
2026-03-30T01:30:25.000Z,4.9744,1.2051,124.4444,10.1,4.482,2,normal
2026-03-30T01:30:26.000Z,4.9841,1.2015,124.4017,10.42,4.479,2,normal
2026-03-30T01:30:27.000Z,4.9817,1.2051,124.359,10.31,4.568,2,normal
2026-03-30T01:30:28.000Z,4.9841,1.2015,124.3162,9.04,4.517,2,normal
2026-03-30T01:30:29.000Z,4.9695,1.1978,124.3162,10.7,4.427,2,normal
2026-03-30T01:30:30.000Z,4.9768,1.1978,124.7009,10.23,4.577,2,normal
2026-03-30T01:30:31.000Z,4.9719,1.1905,124.6154,10.28,4.489,2,normal
2026-03-30T01:30:32.000Z,4.9719,1.2015,124.7009,11.22,4.511,2,normal
2026-03-30T01:30:33.000Z,4.9817,1.2051,124.4444,13.2,4.422,2,normal
2026-03-30T01:30:34.000Z,4.9744,1.2051,124.4017,9.03,4.508,2,normal
2026-03-30T01:30:35.000Z,4.9573,1.2051,124.4872,9.83,4.422,2,normal
2026-03-30T01:30:36.000Z,4.9719,1.1978,124.5726,12.56,4.548,2,normal
2026-03-30T01:30:37.000Z,4.9866,1.1941,124.359,10.11,4.453,2,normal
2026-03-30T01:30:38.000Z,4.9695,1.1941,124.4017,9.39,4.529,2,normal
2026-03-30T01:30:39.000Z,4.9963,1.2015,124.2735,13.14,4.491,2,normal
2026-03-30T01:30:40.000Z,4.9597,1.1978,124.359,8.76,4.562,2,normal
2026-03-30T01:30:41.000Z,4.9646,1.1978,124.6581,11.56,4.513,2,normal
2026-03-30T01:30:42.000Z,4.989,1.2015,124.5726,9.79,4.479,2,normal
2026-03-30T01:30:43.000Z,4.9866,1.1905,124.6581,10.22,4.456,2,normal
2026-03-30T01:30:44.000Z,4.9768,1.1941,124.5726,9.49,4.486,2,normal
2026-03-30T01:30:45.000Z,4.9719,1.1905,124.5726,9.95,4.567,2,normal
2026-03-30T01:30:46.000Z,4.9915,1.1941,124.5299,9.49,4.501,2,normal
2026-03-30T01:30:47.000Z,4.9548,1.1978,124.7009,11.53,4.558,2,normal
2026-03-30T01:30:48.000Z,4.967,1.1978,124.4017,10.0,4.529,2,normal
2026-03-30T01:30:49.000Z,4.9744,1.1978,124.8291,10.72,4.44,2,normal
2026-03-30T01:30:50.000Z,4.9548,1.1905,124.4872,11.59,4.487,2,normal
2026-03-30T01:30:51.000Z,4.9866,1.2088,124.359,11.23,4.548,2,normal
2026-03-30T01:30:52.000Z,4.9768,1.2015,124.4017,9.45,4.438,2,normal
2026-03-30T01:30:53.000Z,4.9792,1.1941,124.7009,9.1,4.568,2,normal
2026-03-30T01:30:54.000Z,4.9817,1.1978,124.4017,10.59,4.511,2,normal
2026-03-30T01:30:55.000Z,4.9646,1.2015,124.4017,10.42,4.573,2,normal
2026-03-30T01:30:56.000Z,4.9695,1.2088,124.4017,9.92,4.513,2,normal
2026-03-30T01:30:57.000Z,4.9915,1.1905,124.4872,10.21,4.432,2,normal
2026-03-30T01:30:58.000Z,4.9744,1.2051,124.3162,9.39,4.44,2,normal
2026-03-30T01:30:59.000Z,4.989,1.2015,124.359,9.53,4.419,2,normal
2026-03-30T01:31:00.000Z,4.9719,1.2015,124.6154,10.02,4.431,2,normal
2026-03-30T01:31:01.000Z,4.9719,1.1941,124.7436,8.27,4.433,2,normal
2026-03-30T01:31:02.000Z,4.9792,1.2051,124.4444,10.51,4.447,2,normal
2026-03-30T01:31:03.000Z,4.9841,1.2015,124.4444,8.27,4.499,2,normal
2026-03-30T01:31:04.000Z,4.9792,1.1978,124.4872,10.23,4.535,2,normal
2026-03-30T01:31:05.000Z,4.9744,1.2015,124.2308,11.92,4.522,2,normal
2026-03-30T01:31:06.000Z,4.9841,1.2051,124.3162,10.38,4.567,2,normal
2026-03-30T01:31:07.000Z,4.967,1.2015,124.7009,8.88,4.451,2,normal
2026-03-30T01:31:08.000Z,4.9744,1.1978,124.5299,10.78,4.437,2,normal
2026-03-30T01:31:09.000Z,4.9548,1.1941,124.3162,10.17,4.517,2,normal
2026-03-30T01:31:10.000Z,4.9866,1.1978,124.188,10.56,4.481,2,normal
2026-03-30T01:31:11.000Z,4.9719,1.2125,124.4017,11.4,4.504,2,normal
2026-03-30T01:31:12.000Z,4.9744,1.2015,124.4872,10.33,4.534,2,normal
2026-03-30T01:31:13.000Z,4.9817,1.1978,124.359,9.89,4.517,2,normal
2026-03-30T01:31:14.000Z,4.9744,1.2015,124.5726,10.03,4.46,2,normal
2026-03-30T01:31:15.000Z,4.9866,1.1941,124.6154,9.15,4.448,2,normal
2026-03-30T01:31:16.000Z,4.9695,1.2088,124.6581,10.81,4.488,2,normal
2026-03-30T01:31:17.000Z,4.9768,1.2015,124.5726,11.38,4.429,2,normal
2026-03-30T01:31:18.000Z,4.9719,1.2015,124.359,10.79,4.542,2,normal
2026-03-30T01:31:19.000Z,4.9719,1.1978,124.1453,8.91,4.487,2,normal
2026-03-30T01:31:20.000Z,4.9817,1.1941,124.5726,9.12,4.459,2,normal
2026-03-30T01:31:21.000Z,4.9646,1.2015,124.5726,9.32,4.448,2,normal
2026-03-30T01:31:22.000Z,4.989,1.1978,124.5299,9.0,4.526,2,normal
2026-03-30T01:31:23.000Z,5.0012,1.2015,124.4017,8.04,4.484,2,normal
2026-03-30T01:31:24.000Z,4.9646,1.1905,124.4017,9.74,4.558,2,normal
2026-03-30T01:31:25.000Z,4.9841,1.1978,124.7009,10.27,4.46,2,normal
2026-03-30T01:31:26.000Z,4.9695,1.1978,124.3162,11.05,4.43,2,normal
2026-03-30T01:31:27.000Z,4.989,1.1941,124.359,8.9,4.527,2,normal
2026-03-30T01:31:28.000Z,4.9548,1.1978,124.5299,9.22,4.496,2,normal
2026-03-30T01:31:29.000Z,4.9768,1.2015,124.2735,10.77,4.431,2,normal
2026-03-30T01:31:30.000Z,4.989,1.1978,124.6154,11.04,4.455,2,normal
2026-03-30T01:31:31.000Z,4.9841,1.2088,124.5299,7.92,4.48,2,normal
2026-03-30T01:31:32.000Z,4.9768,1.1978,124.5299,10.74,4.503,2,normal
2026-03-30T01:31:33.000Z,4.9768,1.1941,124.6581,11.24,4.509,2,normal
2026-03-30T01:31:34.000Z,4.9768,1.1978,124.2308,6.81,4.542,2,normal
2026-03-30T01:31:35.000Z,4.9939,1.2088,124.5726,9.56,4.467,2,normal
2026-03-30T01:31:36.000Z,4.9866,1.1978,124.359,9.33,4.531,2,normal
2026-03-30T01:31:37.000Z,4.9792,1.2051,124.4444,10.54,4.575,2,normal
2026-03-30T01:31:38.000Z,4.9744,1.2015,124.6154,11.28,4.442,2,normal
2026-03-30T01:31:39.000Z,4.9963,1.1941,124.2308,10.09,4.431,2,normal
2026-03-30T01:31:40.000Z,4.9866,1.1978,124.359,9.16,4.449,2,normal
2026-03-30T01:31:41.000Z,4.9646,1.1905,124.5299,12.08,4.423,2,normal
2026-03-30T01:31:42.000Z,4.9719,1.1978,124.7009,9.6,4.459,2,normal
2026-03-30T01:31:43.000Z,4.9719,1.1868,124.4017,10.47,4.551,2,normal
2026-03-30T01:31:44.000Z,4.9792,1.2051,124.4872,8.74,4.5,2,normal
2026-03-30T01:31:45.000Z,4.9817,1.1905,124.4872,10.53,4.574,2,normal
2026-03-30T01:31:46.000Z,4.967,1.1978,124.4872,10.47,4.493,2,normal
2026-03-30T01:31:47.000Z,4.9768,1.2015,124.6581,8.71,4.44,2,normal
2026-03-30T01:31:48.000Z,4.9792,1.2051,124.188,10.53,4.44,2,normal
2026-03-30T01:31:49.000Z,4.9695,1.2051,124.359,8.79,4.469,2,normal
2026-03-30T01:31:50.000Z,4.989,1.1978,124.6154,10.82,4.527,2,normal
2026-03-30T01:31:51.000Z,4.9792,1.2015,124.8291,9.76,4.438,2,normal
2026-03-30T01:31:52.000Z,4.9866,1.1978,124.4017,10.45,4.485,2,normal
2026-03-30T01:31:53.000Z,4.989,1.2051,124.5726,9.99,4.576,2,normal
2026-03-30T01:31:54.000Z,4.9817,1.2088,124.5299,10.34,4.502,2,normal
2026-03-30T01:31:55.000Z,4.9768,1.1941,124.7863,8.42,4.56,2,normal
2026-03-30T01:31:56.000Z,4.9719,1.1905,124.4017,10.41,4.509,2,normal
2026-03-30T01:31:57.000Z,4.9744,1.2088,124.7009,12.16,4.424,2,normal
2026-03-30T01:31:58.000Z,4.9646,1.1978,124.2308,9.02,4.483,2,normal
2026-03-30T01:31:59.000Z,4.9695,1.1941,124.6154,10.87,4.535,2,normal
2026-03-30T01:32:00.000Z,4.9841,1.2015,124.4444,9.18,4.461,2,normal
2026-03-30T01:32:01.000Z,4.9988,1.1941,124.4444,10.65,4.458,2,normal
2026-03-30T01:32:02.000Z,4.9768,1.1941,124.4444,9.59,4.534,2,normal
2026-03-30T01:32:03.000Z,4.9744,1.1978,124.4017,9.34,4.482,2,normal
2026-03-30T01:32:04.000Z,4.9939,1.2015,124.7009,9.31,4.418,2,normal
2026-03-30T01:32:05.000Z,4.9792,1.1978,124.5299,10.66,4.42,2,normal
2026-03-30T01:32:06.000Z,4.9646,1.1905,124.2735,7.71,4.482,2,normal
2026-03-30T01:32:07.000Z,4.9597,1.2051,124.4444,11.38,4.531,2,normal
2026-03-30T01:32:08.000Z,4.9866,1.1978,124.3162,9.25,4.542,2,normal
2026-03-30T01:32:09.000Z,4.9744,1.1941,124.4017,9.82,4.574,2,normal
2026-03-30T01:32:10.000Z,4.9646,1.2015,124.359,12.42,4.535,2,normal
2026-03-30T01:32:11.000Z,4.9695,1.1941,124.7436,13.45,4.447,2,normal
2026-03-30T01:32:12.000Z,4.9939,1.2015,124.3162,10.87,4.538,2,normal
2026-03-30T01:32:13.000Z,4.9866,1.2015,124.7436,7.84,4.47,2,normal
2026-03-30T01:32:14.000Z,4.9597,1.1905,124.359,10.25,4.505,2,normal
2026-03-30T01:32:15.000Z,4.9792,1.2051,124.4872,10.49,4.502,2,normal
2026-03-30T01:32:16.000Z,4.9768,1.1978,124.5726,12.85,4.546,2,normal
2026-03-30T01:32:17.000Z,4.9719,1.2088,124.188,9.88,4.49,2,normal
2026-03-30T01:32:18.000Z,4.967,1.2015,124.5299,7.75,4.467,2,normal
2026-03-30T01:32:19.000Z,4.9719,1.2015,124.5299,9.84,4.571,2,normal
2026-03-30T01:32:20.000Z,4.989,1.1978,124.359,11.63,4.511,2,normal
2026-03-30T01:32:21.000Z,4.9841,1.2015,124.5299,8.46,4.488,2,normal
2026-03-30T01:32:22.000Z,4.9817,1.2015,124.2735,9.76,4.524,2,normal
2026-03-30T01:32:23.000Z,4.9475,1.2015,124.5726,9.11,4.533,2,normal
2026-03-30T01:32:24.000Z,4.9646,1.2051,124.4872,9.65,4.458,2,normal
2026-03-30T01:32:25.000Z,4.9621,1.2051,124.4872,10.47,4.506,2,normal
2026-03-30T01:32:26.000Z,4.9744,1.2051,124.7436,9.64,4.565,2,normal
2026-03-30T01:32:27.000Z,4.9792,1.2051,124.7009,8.76,4.573,2,normal
2026-03-30T01:32:28.000Z,4.9915,1.2015,124.5726,11.62,4.512,2,normal
2026-03-30T01:32:29.000Z,4.9768,1.1941,124.4444,9.78,4.486,2,normal
2026-03-30T01:32:30.000Z,4.9719,1.1941,124.4872,9.8,4.5,2,normal
2026-03-30T01:32:31.000Z,4.9719,1.1941,124.4017,7.46,4.462,2,normal
2026-03-30T01:32:32.000Z,4.967,1.1978,124.6581,8.05,4.51,2,normal
2026-03-30T01:32:33.000Z,4.9646,1.2051,124.4872,8.39,4.438,2,normal
2026-03-30T01:32:34.000Z,4.989,1.1978,124.7436,10.95,4.426,2,normal
2026-03-30T01:32:35.000Z,4.9573,1.2015,124.5299,11.56,4.538,2,normal
2026-03-30T01:32:36.000Z,4.967,1.2015,124.6154,9.47,4.477,2,normal
2026-03-30T01:32:37.000Z,4.9573,1.2015,124.2308,8.75,4.498,2,normal
2026-03-30T01:32:38.000Z,4.9866,1.1978,124.6581,10.75,4.51,2,normal
2026-03-30T01:32:39.000Z,4.9817,1.1978,124.359,7.46,4.417,2,normal
2026-03-30T01:32:40.000Z,4.9768,1.1941,124.5726,9.06,4.575,2,normal
2026-03-30T01:32:41.000Z,4.9573,1.1978,124.6581,9.12,4.464,2,normal
2026-03-30T01:32:42.000Z,4.9817,1.1941,124.1453,7.83,4.464,2,normal
2026-03-30T01:32:43.000Z,4.9915,1.1941,124.7436,10.39,4.551,2,normal
2026-03-30T01:32:44.000Z,4.9695,1.1905,124.4444,7.83,4.463,2,normal
2026-03-30T01:32:45.000Z,4.9939,1.2088,124.4872,6.68,4.434,2,normal
2026-03-30T01:32:46.000Z,4.9915,1.1978,124.188,8.93,4.507,2,normal
2026-03-30T01:32:47.000Z,4.9719,1.1941,124.5726,9.23,4.518,2,normal
2026-03-30T01:32:48.000Z,4.9646,1.2088,124.4017,10.55,4.53,2,normal
2026-03-30T01:32:49.000Z,4.9719,1.1941,124.3162,9.79,4.497,2,normal
2026-03-30T01:32:50.000Z,4.9915,1.1941,124.4872,11.36,4.544,2,normal
2026-03-30T01:32:51.000Z,4.9817,1.1941,124.6154,11.9,4.576,2,normal
2026-03-30T01:32:52.000Z,4.9646,1.2015,124.4017,9.63,4.576,2,normal
2026-03-30T01:32:53.000Z,4.9719,1.1978,124.4444,8.67,4.57,2,normal
2026-03-30T01:32:54.000Z,4.989,1.1978,124.7436,9.36,4.524,2,normal
2026-03-30T01:32:55.000Z,4.9744,1.1941,124.4444,9.82,4.51,2,normal
2026-03-30T01:32:56.000Z,4.9817,1.1978,124.5299,8.9,4.419,2,normal
2026-03-30T01:32:57.000Z,4.9695,1.1941,124.5726,9.34,4.571,2,normal
2026-03-30T01:32:58.000Z,4.9915,1.1978,124.359,9.03,4.538,2,normal
2026-03-30T01:32:59.000Z,4.9695,1.1978,124.7863,8.9,4.451,2,normal
2026-03-30T01:33:00.000Z,4.9792,1.1978,124.359,8.93,4.435,2,normal
2026-03-30T01:33:01.000Z,4.9719,1.1978,124.4017,9.64,4.439,2,normal
2026-03-30T01:33:02.000Z,4.9817,1.1941,124.5299,9.96,4.544,2,normal
2026-03-30T01:33:03.000Z,4.9792,1.1978,124.4444,10.94,4.475,2,normal
2026-03-30T01:33:04.000Z,4.9475,1.2125,124.3162,10.68,4.423,2,normal
2026-03-30T01:33:05.000Z,4.9817,1.2051,124.3162,10.36,4.465,2,normal
2026-03-30T01:33:06.000Z,4.9695,1.1905,124.7009,9.12,4.547,2,normal
2026-03-30T01:33:07.000Z,4.9792,1.1941,124.5299,9.61,4.523,2,normal
2026-03-30T01:33:08.000Z,4.9841,1.1905,124.6581,10.18,4.544,2,normal
2026-03-30T01:33:09.000Z,4.9695,1.1941,124.5299,10.33,4.563,2,normal
2026-03-30T01:33:10.000Z,4.9817,1.2051,124.4872,9.65,4.522,2,normal
2026-03-30T01:33:11.000Z,4.9695,1.1978,124.359,10.99,4.528,2,normal
2026-03-30T01:33:12.000Z,4.9768,1.1978,124.4872,10.98,4.547,2,normal
2026-03-30T01:33:13.000Z,4.9841,1.2015,124.4017,10.69,4.529,2,normal
2026-03-30T01:33:14.000Z,4.9817,1.1941,124.3162,9.94,4.544,2,normal
2026-03-30T01:33:15.000Z,4.9915,1.2015,124.359,10.46,4.481,2,normal
2026-03-30T01:33:16.000Z,4.9744,1.1978,124.6581,9.38,4.55,2,normal
2026-03-30T01:33:17.000Z,4.9792,1.1978,124.6581,7.9,4.482,2,normal
2026-03-30T01:33:18.000Z,4.9866,1.2015,124.3162,9.25,4.569,2,normal
2026-03-30T01:33:19.000Z,4.967,1.2015,124.6154,11.5,4.443,2,normal
2026-03-30T01:33:20.000Z,4.9719,1.1978,124.3162,10.04,4.433,2,normal
2026-03-30T01:33:21.000Z,4.9744,1.1941,124.4872,7.87,4.421,2,normal
2026-03-30T01:33:22.000Z,4.9524,1.1978,124.4017,9.21,4.427,2,normal
2026-03-30T01:33:23.000Z,4.9719,1.1978,124.359,10.12,4.486,2,normal
2026-03-30T01:33:24.000Z,4.9768,1.2015,124.359,10.32,4.428,2,normal
2026-03-30T01:33:25.000Z,4.9646,1.1978,124.3162,7.71,4.51,2,normal
2026-03-30T01:33:26.000Z,4.9621,1.1978,124.2735,9.15,4.563,2,normal
2026-03-30T01:33:27.000Z,4.9621,1.2051,124.5299,11.34,4.454,2,normal
2026-03-30T01:33:28.000Z,4.9768,1.2015,124.359,9.68,4.425,2,normal
2026-03-30T01:33:29.000Z,4.9695,1.1905,124.188,9.68,4.486,2,normal
2026-03-30T01:33:30.000Z,4.9866,1.2015,124.4444,10.18,4.506,2,normal
2026-03-30T01:33:31.000Z,4.9768,1.2051,124.2735,8.52,4.558,2,normal
2026-03-30T01:33:32.000Z,4.9744,1.2015,124.5299,10.52,4.523,2,normal
2026-03-30T01:33:33.000Z,4.9621,1.2015,124.5726,9.97,4.578,2,normal
2026-03-30T01:33:34.000Z,4.9817,1.2015,124.2735,10.13,4.482,2,normal
2026-03-30T01:33:35.000Z,4.9817,1.1941,124.3162,11.52,4.459,2,normal
2026-03-30T01:33:36.000Z,4.9866,1.1941,124.2308,10.69,4.418,2,normal
2026-03-30T01:33:37.000Z,4.9841,1.1978,124.2308,10.47,4.515,2,normal
2026-03-30T01:33:38.000Z,4.9573,1.2015,124.9573,11.14,4.494,2,normal
2026-03-30T01:33:39.000Z,4.9768,1.1868,124.359,9.92,4.458,2,normal
2026-03-30T01:33:40.000Z,4.9817,1.1978,124.2308,8.94,4.466,2,normal
2026-03-30T01:33:41.000Z,4.9792,1.2051,124.2308,10.21,4.438,2,normal
2026-03-30T01:33:42.000Z,4.967,1.1868,124.3162,10.57,4.504,2,normal
2026-03-30T01:33:43.000Z,4.9866,1.2015,124.5726,9.3,4.545,2,normal
2026-03-30T01:33:44.000Z,4.9841,1.1978,124.5726,8.12,4.538,2,normal
2026-03-30T01:33:45.000Z,4.9866,1.2015,124.4444,9.87,4.495,2,normal
2026-03-30T01:33:46.000Z,4.9573,1.2051,124.2308,10.04,4.531,2,normal
2026-03-30T01:33:47.000Z,4.9768,1.2015,124.4444,11.54,4.571,2,normal
2026-03-30T01:33:48.000Z,4.9817,1.1905,124.359,10.25,4.55,2,normal
2026-03-30T01:33:49.000Z,4.9719,1.1978,124.4017,9.48,4.436,2,normal
2026-03-30T01:33:50.000Z,4.9915,1.1978,124.5726,11.35,4.475,2,normal
2026-03-30T01:33:51.000Z,4.9744,1.1978,124.7009,12.1,4.546,2,normal
2026-03-30T01:33:52.000Z,4.9841,1.2051,124.6581,9.7,4.46,2,normal
2026-03-30T01:33:53.000Z,4.9768,1.2015,124.6154,9.66,4.418,2,normal
2026-03-30T01:33:54.000Z,4.9744,1.1905,124.2308,11.17,4.432,2,normal
2026-03-30T01:33:55.000Z,4.9866,1.1941,124.5299,8.4,4.426,2,normal
2026-03-30T01:33:56.000Z,4.9719,1.2015,124.4872,11.07,4.505,2,normal
2026-03-30T01:33:57.000Z,4.9841,1.1941,124.359,11.07,4.519,2,normal
2026-03-30T01:33:58.000Z,4.9792,1.2125,124.4444,10.89,4.431,2,normal
2026-03-30T01:33:59.000Z,4.9695,1.2051,124.6581,9.92,4.427,2,normal
2026-03-30T01:34:00.000Z,4.9841,1.1941,124.6154,11.31,4.42,2,normal
2026-03-30T01:34:01.000Z,4.9792,1.1978,124.6154,11.17,4.528,2,normal
2026-03-30T01:34:02.000Z,4.9719,1.1978,124.5726,9.24,4.431,2,normal
2026-03-30T01:34:03.000Z,4.9768,1.2051,124.5726,9.14,4.562,2,normal
2026-03-30T01:34:04.000Z,4.9646,1.1941,124.5299,8.5,4.523,2,normal
2026-03-30T01:34:05.000Z,4.9695,1.2015,124.5726,11.44,4.47,2,normal
2026-03-30T01:34:06.000Z,4.9548,1.1978,124.7863,9.07,4.542,2,normal
2026-03-30T01:34:07.000Z,4.9841,1.1978,124.4017,8.42,4.535,2,normal
2026-03-30T01:34:08.000Z,4.9719,1.1978,124.4017,11.0,4.435,2,normal
2026-03-30T01:34:09.000Z,4.9695,1.1978,124.4872,12.52,4.543,2,normal
2026-03-30T01:34:10.000Z,4.9719,1.2015,124.4872,9.43,4.491,2,normal
2026-03-30T01:34:11.000Z,4.9621,1.2015,124.4872,11.11,4.486,2,normal
2026-03-30T01:34:12.000Z,4.9597,1.2015,124.4872,8.14,4.489,2,normal
2026-03-30T01:34:13.000Z,4.9719,1.2051,124.2308,8.66,4.416,2,normal
2026-03-30T01:34:14.000Z,4.9744,1.2015,124.3162,7.75,4.489,2,normal
2026-03-30T01:34:15.000Z,4.9744,1.1978,124.4444,10.59,4.533,2,normal
2026-03-30T01:34:16.000Z,4.9768,1.1978,124.4017,11.42,4.499,2,normal
2026-03-30T01:34:17.000Z,4.9939,1.1978,124.5299,10.87,4.462,2,normal
2026-03-30T01:34:18.000Z,4.9792,1.1978,124.6154,10.93,4.508,2,normal
2026-03-30T01:34:19.000Z,4.9719,1.2015,124.3162,10.84,4.455,2,normal
2026-03-30T01:34:20.000Z,4.9841,1.1978,124.5726,9.61,4.436,2,normal
2026-03-30T01:34:21.000Z,4.9719,1.1978,124.4444,8.8,4.528,2,normal
2026-03-30T01:34:22.000Z,4.9817,1.1941,124.6154,10.55,4.5,2,normal
2026-03-30T01:34:23.000Z,4.9646,1.1978,124.0171,10.49,4.44,2,normal
2026-03-30T01:34:24.000Z,4.9939,1.1941,124.4872,10.58,4.45,2,normal
2026-03-30T01:34:25.000Z,4.967,1.1978,124.5299,8.31,4.529,2,normal
2026-03-30T01:34:26.000Z,4.9744,1.2015,124.4872,7.48,4.441,2,normal
2026-03-30T01:34:27.000Z,4.9695,1.1905,124.5299,12.36,4.497,2,normal
2026-03-30T01:34:28.000Z,4.9744,1.2015,124.4872,9.1,4.549,2,normal
2026-03-30T01:34:29.000Z,4.9646,1.2051,124.5299,9.0,4.545,2,normal
2026-03-30T01:34:30.000Z,4.9646,1.2015,124.6154,10.23,4.54,2,normal
2026-03-30T01:34:31.000Z,5.0012,1.1978,124.4017,11.71,4.46,2,normal
2026-03-30T01:34:32.000Z,4.9768,1.2015,124.4444,10.63,4.49,2,normal
2026-03-30T01:34:33.000Z,4.9866,1.2051,124.6581,9.06,4.576,2,normal
2026-03-30T01:34:34.000Z,4.9744,1.1941,124.5299,10.43,4.497,2,normal
2026-03-30T01:34:35.000Z,4.9719,1.1978,124.188,10.33,4.548,2,normal
2026-03-30T01:34:36.000Z,4.9866,1.2051,124.5299,9.45,4.564,2,normal
2026-03-30T01:34:37.000Z,4.9744,1.1941,124.2735,9.05,4.489,2,normal
2026-03-30T01:34:38.000Z,4.9768,1.1978,124.359,10.62,4.488,2,normal
2026-03-30T01:34:39.000Z,4.9792,1.1978,124.4444,10.42,4.514,2,normal
2026-03-30T01:34:40.000Z,4.9744,1.1941,124.7009,9.06,4.453,2,normal
2026-03-30T01:34:41.000Z,4.9744,1.1941,124.7863,7.2,4.489,2,normal
2026-03-30T01:34:42.000Z,4.967,1.2125,124.4017,9.66,4.51,2,normal
2026-03-30T01:34:43.000Z,4.9963,1.1978,124.4444,9.83,4.44,2,normal
2026-03-30T01:34:44.000Z,5.0037,1.1978,124.4017,10.79,4.512,2,normal
2026-03-30T01:34:45.000Z,4.9841,1.1978,124.2308,10.28,4.557,2,normal
2026-03-30T01:34:46.000Z,4.9744,1.2015,124.6154,9.32,4.439,2,normal
2026-03-30T01:34:47.000Z,4.967,1.2088,124.7436,10.98,4.494,2,normal
2026-03-30T01:34:48.000Z,4.9695,1.1978,124.4017,10.13,4.467,2,normal
2026-03-30T01:34:49.000Z,4.9866,1.2015,124.4872,10.32,4.518,2,normal
2026-03-30T01:34:50.000Z,4.9841,1.2015,124.4444,11.07,4.524,2,normal
2026-03-30T01:34:51.000Z,4.9548,1.1978,124.5726,7.44,4.43,2,normal
2026-03-30T01:34:52.000Z,4.9841,1.1978,124.2735,11.06,4.555,2,normal
2026-03-30T01:34:53.000Z,4.9866,1.2015,124.188,9.28,4.514,2,normal
2026-03-30T01:34:54.000Z,4.9915,1.1905,124.5299,10.0,4.506,2,normal
2026-03-30T01:34:55.000Z,4.9768,1.2051,124.2308,10.15,4.427,2,normal
2026-03-30T01:34:56.000Z,4.967,1.1941,124.4444,8.9,4.499,2,normal
2026-03-30T01:34:57.000Z,4.9817,1.1941,124.359,11.77,4.429,2,normal
2026-03-30T01:34:58.000Z,4.9744,1.2051,124.5299,8.51,4.446,2,normal
2026-03-30T01:34:59.000Z,4.9939,1.2051,124.7009,9.21,4.504,2,normal
2026-03-30T01:35:00.000Z,4.9768,1.2088,124.4444,8.87,4.515,2,normal
2026-03-30T01:35:01.000Z,4.9915,1.1941,124.188,8.6,4.442,2,normal
2026-03-30T01:35:02.000Z,4.9768,1.1978,124.359,8.51,4.462,2,normal
2026-03-30T01:35:03.000Z,4.9695,1.2015,124.5726,10.02,4.453,2,normal
2026-03-30T01:35:04.000Z,4.9597,1.1905,124.359,9.26,4.491,2,normal
2026-03-30T01:35:05.000Z,4.9597,1.2051,124.5299,11.54,4.565,2,normal
2026-03-30T01:35:06.000Z,4.9866,1.1941,124.4872,10.71,4.463,2,normal
2026-03-30T01:35:07.000Z,4.9548,1.1978,124.5299,8.44,4.44,2,normal
2026-03-30T01:35:08.000Z,4.9719,1.2015,124.7009,9.2,4.442,2,normal
2026-03-30T01:35:09.000Z,4.9792,1.2015,124.3162,9.98,4.417,2,normal
2026-03-30T01:35:10.000Z,4.9744,1.1905,124.6581,9.1,4.489,2,normal
2026-03-30T01:35:11.000Z,4.9841,1.1941,124.7009,10.87,4.455,2,normal
2026-03-30T01:35:12.000Z,4.989,1.1941,124.4872,11.78,4.538,2,normal
2026-03-30T01:35:13.000Z,4.9719,1.1941,124.7009,10.05,4.487,2,normal
2026-03-30T01:35:14.000Z,4.989,1.2051,124.5299,8.14,4.489,2,normal
2026-03-30T01:35:15.000Z,4.9621,1.2051,124.3162,10.18,4.471,2,normal
2026-03-30T01:35:16.000Z,4.9866,1.2015,124.359,12.53,4.54,2,normal
2026-03-30T01:35:17.000Z,4.989,1.2015,124.4872,9.25,4.472,2,normal
2026-03-30T01:35:18.000Z,4.9719,1.2015,124.6154,9.38,4.444,2,normal
2026-03-30T01:35:19.000Z,4.9939,1.2051,124.4444,9.67,4.47,2,normal
2026-03-30T01:35:20.000Z,4.9695,1.1978,124.6154,8.14,4.454,2,normal
2026-03-30T01:35:21.000Z,4.9719,1.2051,124.3162,9.18,4.422,2,normal
2026-03-30T01:35:22.000Z,4.9817,1.2051,124.5726,9.63,4.57,2,normal
2026-03-30T01:35:23.000Z,4.9866,1.1941,124.359,8.09,4.479,2,normal
2026-03-30T01:35:24.000Z,4.9695,1.1941,124.4017,11.13,4.557,2,normal
2026-03-30T01:35:25.000Z,4.9768,1.2015,124.4444,9.65,4.524,2,normal
2026-03-30T01:35:26.000Z,4.967,1.1905,124.6581,10.71,4.452,2,normal
2026-03-30T01:35:27.000Z,4.9621,1.2051,124.4017,10.6,4.462,2,normal
2026-03-30T01:35:28.000Z,4.9695,1.1905,124.359,10.22,4.421,2,normal
2026-03-30T01:35:29.000Z,4.967,1.2015,124.4017,11.32,4.459,2,normal
2026-03-30T01:35:30.000Z,4.9939,1.1978,124.359,9.0,4.441,2,normal
2026-03-30T01:35:31.000Z,4.9866,1.2051,124.4444,10.08,4.468,2,normal
2026-03-30T01:35:32.000Z,4.9768,1.1978,124.5299,9.08,4.57,2,normal
2026-03-30T01:35:33.000Z,4.9744,1.2051,124.4444,11.1,4.498,2,normal
2026-03-30T01:35:34.000Z,4.9841,1.2015,124.7009,10.57,4.475,2,normal
2026-03-30T01:35:35.000Z,4.9744,1.2051,124.4017,8.93,4.576,2,normal
2026-03-30T01:35:36.000Z,4.9792,1.2051,124.7009,9.56,4.454,2,normal
2026-03-30T01:35:37.000Z,4.9817,1.2015,124.188,10.9,4.418,2,normal
2026-03-30T01:35:38.000Z,4.967,1.2051,124.359,11.53,4.428,2,normal
2026-03-30T01:35:39.000Z,4.9841,1.1941,124.4017,8.79,4.475,2,normal
2026-03-30T01:35:40.000Z,4.9646,1.2015,124.4017,9.21,4.496,2,normal
2026-03-30T01:35:41.000Z,4.9695,1.1978,124.2735,10.62,4.558,2,normal
2026-03-30T01:35:42.000Z,4.989,1.1978,124.359,8.79,4.506,2,normal
2026-03-30T01:35:43.000Z,4.967,1.1978,124.359,10.88,4.559,2,normal
2026-03-30T01:35:44.000Z,4.9573,1.1941,124.6581,9.33,4.57,2,normal
2026-03-30T01:35:45.000Z,4.9719,1.2051,124.4444,7.91,4.44,2,normal
2026-03-30T01:35:46.000Z,4.967,1.2051,124.7863,8.72,4.523,2,normal
2026-03-30T01:35:47.000Z,4.9768,1.2051,124.188,10.55,4.43,2,normal
2026-03-30T01:35:48.000Z,4.9817,1.2015,124.6581,10.8,4.563,2,normal
2026-03-30T01:35:49.000Z,4.9768,1.1978,124.2308,10.17,4.448,2,normal
2026-03-30T01:35:50.000Z,4.9621,1.1941,124.5299,10.07,4.518,2,normal
2026-03-30T01:35:51.000Z,4.9817,1.1905,124.4444,9.7,4.439,2,normal
2026-03-30T01:35:52.000Z,4.9744,1.1978,124.5726,8.16,4.457,2,normal
2026-03-30T01:35:53.000Z,4.9719,1.2051,124.4444,12.98,4.557,2,normal
2026-03-30T01:35:54.000Z,4.9915,1.2015,124.4017,10.53,4.539,2,normal
2026-03-30T01:35:55.000Z,4.9915,1.1978,124.4872,9.64,4.456,2,normal
2026-03-30T01:35:56.000Z,4.989,1.2051,124.5726,7.67,4.475,2,normal
2026-03-30T01:35:57.000Z,4.9719,1.1941,124.5299,10.02,4.509,2,normal
2026-03-30T01:35:58.000Z,4.967,1.2015,124.4444,8.43,4.458,2,normal
2026-03-30T01:35:59.000Z,4.9915,1.1978,124.7009,10.59,4.466,2,normal
2026-03-30T01:36:00.000Z,4.9768,1.1905,124.6581,8.32,4.544,2,normal
2026-03-30T01:36:01.000Z,4.9841,1.2125,124.4872,9.15,4.459,2,normal
2026-03-30T01:36:02.000Z,4.9768,1.2015,124.3162,10.16,4.538,2,normal
2026-03-30T01:36:03.000Z,4.9646,1.2051,124.3162,9.07,4.483,2,normal
2026-03-30T01:36:04.000Z,4.9817,1.2015,124.5299,9.36,4.436,2,normal
2026-03-30T01:36:05.000Z,4.9768,1.2051,124.5726,10.81,4.45,2,normal
2026-03-30T01:36:06.000Z,4.9792,1.2051,124.5726,10.74,4.466,2,normal
2026-03-30T01:36:07.000Z,4.9792,1.2015,124.6581,9.8,4.506,2,normal
2026-03-30T01:36:08.000Z,4.9744,1.1941,124.4017,10.66,4.546,2,normal
2026-03-30T01:36:09.000Z,4.9792,1.1941,124.4872,9.11,4.556,2,normal
2026-03-30T01:36:10.000Z,4.9768,1.1978,124.5726,9.23,4.481,2,normal
2026-03-30T01:36:11.000Z,4.9695,1.2015,124.2308,11.0,4.44,2,normal
2026-03-30T01:36:12.000Z,4.9548,1.1941,124.4872,8.92,4.577,2,normal
2026-03-30T01:36:13.000Z,4.9744,1.1978,124.7009,9.51,4.496,2,normal
2026-03-30T01:36:14.000Z,4.9768,1.1941,124.7009,7.62,4.434,2,normal
2026-03-30T01:36:15.000Z,4.9841,1.2015,124.6154,8.95,4.469,2,normal
2026-03-30T01:36:16.000Z,4.9719,1.1978,124.5299,7.91,4.421,2,normal
2026-03-30T01:36:17.000Z,4.9719,1.2015,124.5726,9.63,4.477,2,normal
2026-03-30T01:36:18.000Z,4.9792,1.1978,124.6581,11.3,4.541,2,normal
2026-03-30T01:36:19.000Z,4.9915,1.1941,124.3162,9.86,4.527,2,normal
2026-03-30T01:36:20.000Z,4.9915,1.1941,124.2735,10.03,4.547,2,normal
2026-03-30T01:36:21.000Z,4.9695,1.1905,124.4872,11.22,4.523,2,normal
2026-03-30T01:36:22.000Z,4.9719,1.2051,124.6581,10.69,4.555,2,normal
2026-03-30T01:36:23.000Z,4.9597,1.1941,124.4444,12.07,4.538,2,normal
2026-03-30T01:36:24.000Z,4.9719,1.2088,124.8718,9.42,4.512,2,normal
2026-03-30T01:36:25.000Z,4.989,1.2051,124.2735,10.25,4.489,2,normal
2026-03-30T01:36:26.000Z,4.9768,1.1978,124.6581,12.41,4.556,2,normal
2026-03-30T01:36:27.000Z,4.9744,1.1905,124.6154,8.51,4.44,2,normal
2026-03-30T01:36:28.000Z,4.9695,1.1978,124.4872,9.94,4.435,2,normal
2026-03-30T01:36:29.000Z,4.9646,1.2015,124.4017,9.86,4.496,2,normal
2026-03-30T01:36:30.000Z,4.9719,1.2051,124.5726,10.25,4.458,2,normal
2026-03-30T01:36:31.000Z,4.9817,1.2088,124.4872,10.24,4.471,2,normal
2026-03-30T01:36:32.000Z,4.9744,1.1978,124.3162,11.56,4.527,2,normal
2026-03-30T01:36:33.000Z,4.9719,1.1978,124.2735,9.12,4.469,2,normal
2026-03-30T01:36:34.000Z,4.9573,1.1978,124.4444,9.89,4.554,2,normal
2026-03-30T01:36:35.000Z,4.9866,1.1978,124.4017,8.21,4.504,2,normal
2026-03-30T01:36:36.000Z,4.9817,1.1941,124.4017,11.97,4.45,2,normal
2026-03-30T01:36:37.000Z,4.9548,1.2088,124.4872,9.31,4.572,2,normal
2026-03-30T01:36:38.000Z,4.9695,1.2051,124.6154,11.55,4.487,2,normal
2026-03-30T01:36:39.000Z,4.9695,1.1941,124.1453,9.39,4.478,2,normal
2026-03-30T01:36:40.000Z,4.9695,1.2015,124.2735,10.49,4.418,2,normal
2026-03-30T01:36:41.000Z,4.9841,1.1978,124.4444,10.95,4.466,2,normal
2026-03-30T01:36:42.000Z,4.9841,1.1905,124.2308,9.6,4.566,2,normal
2026-03-30T01:36:43.000Z,4.9866,1.1978,124.4444,9.89,4.422,2,normal
2026-03-30T01:36:44.000Z,4.9866,1.1978,124.4872,10.45,4.487,2,normal
2026-03-30T01:36:45.000Z,4.9792,1.1978,124.4017,10.61,4.498,2,normal
2026-03-30T01:36:46.000Z,4.9866,1.1978,124.6581,10.38,4.488,2,normal
2026-03-30T01:36:47.000Z,4.9719,1.1978,124.2308,8.07,4.558,2,normal
2026-03-30T01:36:48.000Z,4.9817,1.2015,124.6154,10.57,4.565,2,normal
2026-03-30T01:36:49.000Z,4.9597,1.2051,124.6581,10.55,4.446,2,normal
2026-03-30T01:36:50.000Z,4.9744,1.1978,124.4872,10.78,4.518,2,normal
2026-03-30T01:36:51.000Z,4.9817,1.1978,124.359,11.73,4.496,2,normal
2026-03-30T01:36:52.000Z,4.989,1.1978,124.4872,12.11,4.541,2,normal
2026-03-30T01:36:53.000Z,4.9695,1.1868,124.5299,10.9,4.547,2,normal
2026-03-30T01:36:54.000Z,4.9963,1.1978,124.5726,8.44,4.467,2,normal
2026-03-30T01:36:55.000Z,4.9744,1.1978,124.7436,10.87,4.487,2,normal
2026-03-30T01:36:56.000Z,4.9768,1.2015,124.9145,9.57,4.573,2,normal
2026-03-30T01:36:57.000Z,4.9719,1.1978,124.4017,9.86,4.452,2,normal
2026-03-30T01:36:58.000Z,4.9744,1.1941,124.188,9.96,4.435,2,normal
2026-03-30T01:36:59.000Z,4.9866,1.2051,124.7009,9.66,4.558,2,normal
2026-03-30T01:37:00.000Z,4.9939,1.2015,124.5299,10.98,4.542,2,normal
2026-03-30T01:37:01.000Z,4.9817,1.2015,124.6581,8.53,4.422,2,normal
2026-03-30T01:37:02.000Z,4.9695,1.2088,124.4872,10.21,4.509,2,normal
2026-03-30T01:37:03.000Z,4.989,1.1941,124.188,10.9,4.425,2,normal
2026-03-30T01:37:04.000Z,4.9841,1.1978,124.2735,12.24,4.539,2,normal
2026-03-30T01:37:05.000Z,4.9768,1.1941,124.5726,9.74,4.461,2,normal
2026-03-30T01:37:06.000Z,4.9573,1.2015,124.7436,9.66,4.531,2,normal
2026-03-30T01:37:07.000Z,4.9866,1.1905,124.5299,9.1,4.509,2,normal
2026-03-30T01:37:08.000Z,4.9719,1.2015,124.5299,8.45,4.475,2,normal
2026-03-30T01:37:09.000Z,4.9915,1.1941,124.4017,10.3,4.438,2,normal
2026-03-30T01:37:10.000Z,4.9841,1.1978,124.7009,7.84,4.53,2,normal
2026-03-30T01:37:11.000Z,4.9841,1.1978,124.359,9.95,4.417,2,normal
2026-03-30T01:37:12.000Z,4.9768,1.2088,124.6154,8.88,4.56,2,normal
2026-03-30T01:37:13.000Z,4.9719,1.2015,124.4444,9.83,4.466,2,normal
2026-03-30T01:37:14.000Z,4.967,1.1978,124.2308,8.85,4.445,2,normal
2026-03-30T01:37:15.000Z,4.9817,1.1978,124.4444,10.29,4.453,2,normal
2026-03-30T01:37:16.000Z,4.9817,1.1978,124.5299,8.32,4.532,2,normal
2026-03-30T01:37:17.000Z,4.9621,1.2015,124.359,9.98,4.419,2,normal
2026-03-30T01:37:18.000Z,4.967,1.2051,124.1453,11.07,4.46,2,normal
2026-03-30T01:37:19.000Z,4.967,1.2088,124.359,9.28,4.455,2,normal
2026-03-30T01:37:20.000Z,4.9597,1.2015,124.6581,7.23,4.468,2,normal
2026-03-30T01:37:21.000Z,4.9915,1.2015,124.4017,9.28,4.529,2,normal
2026-03-30T01:37:22.000Z,4.9597,1.1978,124.2735,11.64,4.54,2,normal
2026-03-30T01:37:23.000Z,4.9548,1.2015,124.5299,9.4,4.453,2,normal
2026-03-30T01:37:24.000Z,4.9866,1.1941,124.5726,10.08,4.482,2,normal
2026-03-30T01:37:25.000Z,4.9768,1.2015,123.9744,10.3,4.56,2,normal
2026-03-30T01:37:26.000Z,4.9817,1.1978,124.359,11.09,4.53,2,normal
2026-03-30T01:37:27.000Z,4.9792,1.1978,124.5299,9.81,4.534,2,normal
2026-03-30T01:37:28.000Z,4.9744,1.2088,124.7436,7.75,4.573,2,normal
2026-03-30T01:37:29.000Z,4.9646,1.1978,124.4017,9.6,4.532,2,normal
2026-03-30T01:37:30.000Z,4.9768,1.2088,124.7009,12.3,4.438,2,normal
2026-03-30T01:37:31.000Z,4.9866,1.1978,124.4017,11.67,4.429,2,normal
2026-03-30T01:37:32.000Z,4.9841,1.1978,124.6154,9.89,4.51,2,normal
2026-03-30T01:37:33.000Z,4.9817,1.1978,124.4017,8.88,4.563,2,normal
2026-03-30T01:37:34.000Z,4.9915,1.2015,124.5299,8.51,4.504,2,normal
2026-03-30T01:37:35.000Z,4.9695,1.1978,124.4017,9.02,4.577,2,normal
2026-03-30T01:37:36.000Z,4.9524,1.1905,124.2735,9.01,4.533,2,normal
2026-03-30T01:37:37.000Z,4.9768,1.1905,124.4017,8.96,4.518,2,normal
2026-03-30T01:37:38.000Z,4.9817,1.2015,124.4017,9.57,4.536,2,normal
2026-03-30T01:37:39.000Z,4.9646,1.2125,124.4444,10.44,4.538,2,normal
2026-03-30T01:37:40.000Z,4.9841,1.1941,124.3162,9.02,4.522,2,normal
2026-03-30T01:37:41.000Z,4.9768,1.1941,124.4444,9.58,4.532,2,normal
2026-03-30T01:37:42.000Z,5.0061,1.2015,124.6154,8.44,4.474,2,normal
2026-03-30T01:37:43.000Z,4.9792,1.2015,124.5726,8.19,4.439,2,normal
2026-03-30T01:37:44.000Z,4.9866,1.2015,124.6581,9.26,4.577,2,normal
2026-03-30T01:37:45.000Z,4.9792,1.1978,124.188,7.58,4.418,2,normal
2026-03-30T01:37:46.000Z,4.9792,1.1978,124.5726,9.84,4.519,2,normal
2026-03-30T01:37:47.000Z,4.9646,1.1978,124.4872,7.97,4.538,2,normal
2026-03-30T01:37:48.000Z,4.9744,1.2088,124.5726,10.36,4.545,2,normal
2026-03-30T01:37:49.000Z,4.9646,1.2051,124.4017,8.96,4.461,2,normal
2026-03-30T01:37:50.000Z,4.9817,1.1978,124.4444,8.7,4.532,2,normal
2026-03-30T01:37:51.000Z,4.9719,1.2015,124.188,9.51,4.48,2,normal
2026-03-30T01:37:52.000Z,4.9792,1.1978,124.6154,12.14,4.548,2,normal
2026-03-30T01:37:53.000Z,4.9817,1.1941,124.359,10.35,4.524,2,normal
2026-03-30T01:37:54.000Z,4.9841,1.2015,124.6581,10.37,4.578,2,normal
2026-03-30T01:37:55.000Z,4.9866,1.1941,124.4444,11.7,4.545,2,normal
2026-03-30T01:37:56.000Z,4.9841,1.2015,124.5299,10.37,4.447,2,normal
2026-03-30T01:37:57.000Z,4.9744,1.2015,124.6154,9.86,4.453,2,normal
2026-03-30T01:37:58.000Z,4.967,1.2015,124.5299,9.62,4.445,2,normal
2026-03-30T01:37:59.000Z,4.9646,1.1978,124.7863,10.11,4.566,2,normal
2026-03-30T01:38:00.000Z,4.9377,1.1905,124.4872,10.35,4.46,2,normal
2026-03-30T01:38:01.000Z,4.9597,1.2015,124.4872,10.36,4.5,2,normal
2026-03-30T01:38:02.000Z,4.9817,1.1905,124.5299,10.3,4.476,2,normal
2026-03-30T01:38:03.000Z,4.9866,1.2015,124.6154,11.75,4.51,2,normal
2026-03-30T01:38:04.000Z,4.9768,1.2015,124.5299,7.78,4.558,2,normal
2026-03-30T01:38:05.000Z,4.989,1.1905,124.188,11.25,4.445,2,normal
2026-03-30T01:38:06.000Z,4.9768,1.2015,124.359,9.81,4.501,2,normal
2026-03-30T01:38:07.000Z,4.9841,1.2015,124.359,7.89,4.453,2,normal
2026-03-30T01:38:08.000Z,4.989,1.2015,124.6154,9.26,4.525,2,normal
2026-03-30T01:38:09.000Z,4.9915,1.2015,124.5726,10.19,4.547,2,normal
2026-03-30T01:38:10.000Z,4.9573,1.1978,124.4017,8.04,4.426,2,normal
2026-03-30T01:38:11.000Z,4.9719,1.2015,124.2735,10.43,4.565,2,normal
2026-03-30T01:38:12.000Z,4.9792,1.2015,124.7009,9.98,4.456,2,normal
2026-03-30T01:38:13.000Z,4.9597,1.1941,124.4872,8.82,4.548,2,normal
2026-03-30T01:38:14.000Z,4.9841,1.1941,124.4872,11.04,4.43,2,normal
2026-03-30T01:38:15.000Z,4.9841,1.1868,124.359,9.08,4.459,2,normal
2026-03-30T01:38:16.000Z,4.9817,1.1905,124.4872,9.6,4.517,2,normal
2026-03-30T01:38:17.000Z,4.9597,1.2088,124.4872,11.71,4.509,2,normal
2026-03-30T01:38:18.000Z,4.9768,1.2051,124.4444,9.63,4.464,2,normal
2026-03-30T01:38:19.000Z,4.967,1.1978,124.5299,11.94,4.441,2,normal
2026-03-30T01:38:20.000Z,4.9866,1.1941,124.3162,9.63,4.515,2,normal
2026-03-30T01:38:21.000Z,4.9841,1.1941,124.5299,11.51,4.518,2,normal
2026-03-30T01:38:22.000Z,4.9792,1.2051,124.2735,9.73,4.499,2,normal
2026-03-30T01:38:23.000Z,4.9817,1.1978,124.4017,9.24,4.575,2,normal
2026-03-30T01:38:24.000Z,4.9939,1.2051,124.5299,10.25,4.515,2,normal
2026-03-30T01:38:25.000Z,4.9621,1.1978,124.188,8.55,4.45,2,normal
2026-03-30T01:38:26.000Z,4.9915,1.2015,124.5299,9.98,4.512,2,normal
2026-03-30T01:38:27.000Z,4.9866,1.1941,124.3162,7.19,4.543,2,normal
2026-03-30T01:38:28.000Z,4.9621,1.1978,124.4872,9.28,4.42,2,normal
2026-03-30T01:38:29.000Z,4.9841,1.1978,124.188,8.4,4.516,2,normal
2026-03-30T01:38:30.000Z,4.967,1.1832,124.4872,10.79,4.497,2,normal
2026-03-30T01:38:31.000Z,4.9792,1.2015,124.188,8.47,4.5,2,normal
2026-03-30T01:38:32.000Z,4.989,1.1941,124.4872,11.11,4.559,2,normal
2026-03-30T01:38:33.000Z,4.9768,1.2015,124.6581,10.51,4.494,2,normal
2026-03-30T01:38:34.000Z,4.9792,1.1941,124.4872,11.42,4.456,2,normal
2026-03-30T01:38:35.000Z,4.9695,1.1868,124.4017,8.37,4.453,2,normal
2026-03-30T01:38:36.000Z,4.967,1.2015,124.3162,9.36,4.448,2,normal
2026-03-30T01:38:37.000Z,4.9719,1.1978,124.359,8.65,4.486,2,normal
2026-03-30T01:38:38.000Z,4.967,1.2015,124.4017,10.03,4.495,2,normal
2026-03-30T01:38:39.000Z,4.9768,1.2015,124.5299,9.72,4.441,2,normal
2026-03-30T01:38:40.000Z,4.9646,1.2015,124.5299,11.53,4.453,2,normal
2026-03-30T01:38:41.000Z,4.9695,1.1978,124.4444,8.19,4.491,2,normal
2026-03-30T01:38:42.000Z,4.9573,1.2015,124.4017,11.48,4.463,2,normal
2026-03-30T01:38:43.000Z,4.9768,1.2015,124.359,12.97,4.484,2,normal
2026-03-30T01:38:44.000Z,4.9866,1.1978,124.2735,9.67,4.417,2,normal
2026-03-30T01:38:45.000Z,4.9719,1.1978,124.3162,8.01,4.536,2,normal
2026-03-30T01:38:46.000Z,4.9939,1.2015,124.5299,10.7,4.564,2,normal
2026-03-30T01:38:47.000Z,4.9817,1.2051,124.2308,8.75,4.446,2,normal
2026-03-30T01:38:48.000Z,4.9768,1.1905,124.3162,11.89,4.43,2,normal
2026-03-30T01:38:49.000Z,4.9744,1.2015,124.7436,8.39,4.423,2,normal
2026-03-30T01:38:50.000Z,4.9792,1.1905,124.4872,11.17,4.54,2,normal
2026-03-30T01:38:51.000Z,4.967,1.2015,124.4017,9.68,4.463,2,normal
2026-03-30T01:38:52.000Z,4.9573,1.1978,124.4872,8.7,4.572,2,normal
2026-03-30T01:38:53.000Z,4.9695,1.1941,124.5299,9.91,4.571,2,normal
2026-03-30T01:38:54.000Z,4.9866,1.1978,124.4872,9.75,4.54,2,normal
2026-03-30T01:38:55.000Z,4.967,1.2088,124.6581,11.93,4.424,2,normal
2026-03-30T01:38:56.000Z,4.9841,1.2015,124.4017,9.61,4.447,2,normal
2026-03-30T01:38:57.000Z,4.9695,1.1978,124.1453,8.55,4.51,2,normal
2026-03-30T01:38:58.000Z,4.9695,1.2015,124.6154,11.15,4.458,2,normal
2026-03-30T01:38:59.000Z,4.9792,1.2015,124.4444,8.62,4.516,2,normal
2026-03-30T01:39:00.000Z,4.9768,1.1978,124.3162,9.43,4.454,2,normal
2026-03-30T01:39:01.000Z,4.9744,1.1941,124.2735,8.88,4.46,2,normal
2026-03-30T01:39:02.000Z,4.9524,1.2051,124.5726,12.18,4.467,2,normal
2026-03-30T01:39:03.000Z,4.9695,1.1941,124.5726,9.62,4.446,2,normal
2026-03-30T01:39:04.000Z,4.989,1.1978,124.6581,8.86,4.549,2,normal
2026-03-30T01:39:05.000Z,4.9768,1.1978,124.4017,9.8,4.469,2,normal
2026-03-30T01:39:06.000Z,4.989,1.1978,124.4017,9.88,4.464,2,normal
2026-03-30T01:39:07.000Z,4.9695,1.1941,124.4872,10.59,4.491,2,normal
2026-03-30T01:39:08.000Z,4.9621,1.1941,124.4444,7.88,4.486,2,normal
2026-03-30T01:39:09.000Z,4.9817,1.1905,124.4872,12.71,4.455,2,normal
2026-03-30T01:39:10.000Z,4.9695,1.1941,124.2735,6.79,4.504,2,normal
2026-03-30T01:39:11.000Z,4.9817,1.2015,124.3162,9.63,4.506,2,normal
2026-03-30T01:39:12.000Z,4.9744,1.2015,124.4444,9.34,4.5,2,normal
2026-03-30T01:39:13.000Z,4.9817,1.2051,124.4872,10.93,4.531,2,normal
2026-03-30T01:39:14.000Z,4.9768,1.2015,124.4444,8.59,4.467,2,normal
2026-03-30T01:39:15.000Z,4.9768,1.2015,124.7863,10.85,4.556,2,normal
2026-03-30T01:39:16.000Z,4.9866,1.2088,124.5299,11.33,4.422,2,normal
2026-03-30T01:39:17.000Z,4.9841,1.1941,124.5299,10.91,4.571,2,normal
2026-03-30T01:39:18.000Z,4.9817,1.2088,124.5726,10.54,4.522,2,normal
2026-03-30T01:39:19.000Z,4.9817,1.1941,124.5726,9.26,4.448,2,normal
2026-03-30T01:39:20.000Z,4.9866,1.1905,124.2735,11.5,4.469,2,normal
2026-03-30T01:39:21.000Z,4.9695,1.1978,124.2735,8.28,4.549,2,normal
2026-03-30T01:39:22.000Z,4.9695,1.2051,124.3162,10.43,4.522,2,normal
2026-03-30T01:39:23.000Z,4.9768,1.2051,124.4872,9.94,4.569,2,normal
2026-03-30T01:39:24.000Z,4.9719,1.2051,124.4017,11.72,4.57,2,normal
2026-03-30T01:39:25.000Z,4.9695,1.2015,124.2308,7.17,4.474,2,normal
2026-03-30T01:39:26.000Z,4.9768,1.2051,124.1453,10.5,4.439,2,normal
2026-03-30T01:39:27.000Z,4.9719,1.2051,124.4017,11.36,4.461,2,normal
2026-03-30T01:39:28.000Z,4.9963,1.2088,124.2308,10.42,4.552,2,normal
2026-03-30T01:39:29.000Z,4.9744,1.2125,124.4872,11.02,4.451,2,normal
2026-03-30T01:39:30.000Z,4.9744,1.2051,124.4872,9.29,4.501,2,normal
2026-03-30T01:39:31.000Z,4.9817,1.1941,124.4017,10.3,4.478,2,normal
2026-03-30T01:39:32.000Z,4.9866,1.2088,124.6581,7.94,4.563,2,normal
2026-03-30T01:39:33.000Z,4.9597,1.1978,124.5299,8.24,4.565,2,normal
2026-03-30T01:39:34.000Z,4.9744,1.2051,124.6581,7.5,4.487,2,normal
2026-03-30T01:39:35.000Z,4.9768,1.2051,124.4017,10.78,4.424,2,normal
2026-03-30T01:39:36.000Z,4.967,1.2051,124.359,8.83,4.438,2,normal
2026-03-30T01:39:37.000Z,4.9646,1.2015,124.359,11.56,4.552,2,normal
2026-03-30T01:39:38.000Z,4.9719,1.2015,124.5726,10.88,4.558,2,normal
2026-03-30T01:39:39.000Z,4.9744,1.1978,124.2735,9.21,4.484,2,normal
2026-03-30T01:39:40.000Z,4.9792,1.1978,124.5299,11.54,4.513,2,normal
2026-03-30T01:39:41.000Z,4.9719,1.1941,124.2308,6.13,4.546,2,normal
2026-03-30T01:39:42.000Z,4.9597,1.1978,124.6581,8.35,4.511,2,normal
2026-03-30T01:39:43.000Z,4.9841,1.2051,124.3162,9.6,4.47,2,normal
2026-03-30T01:39:44.000Z,4.9792,1.2015,124.5299,10.13,4.485,2,normal
2026-03-30T01:39:45.000Z,4.9744,1.1978,124.3162,10.36,4.526,2,normal
2026-03-30T01:39:46.000Z,4.9744,1.1978,124.4444,11.91,4.482,2,normal
2026-03-30T01:39:47.000Z,4.9792,1.2051,124.6581,10.63,4.563,2,normal
2026-03-30T01:39:48.000Z,4.9939,1.1941,124.4444,9.59,4.484,2,normal
2026-03-30T01:39:49.000Z,4.9841,1.2015,124.4017,9.65,4.481,2,normal
2026-03-30T01:39:50.000Z,4.967,1.1978,124.2308,7.65,4.561,2,normal
2026-03-30T01:39:51.000Z,4.9792,1.1978,124.7436,8.75,4.473,2,normal
2026-03-30T01:39:52.000Z,4.9817,1.1978,124.2735,8.32,4.561,2,normal
2026-03-30T01:39:53.000Z,4.989,1.1978,124.359,9.89,4.573,2,normal
2026-03-30T01:39:54.000Z,4.9792,1.1978,124.5299,9.74,4.517,2,normal
2026-03-30T01:39:55.000Z,4.9817,1.1941,124.188,7.76,4.443,2,normal
2026-03-30T01:39:56.000Z,4.9646,1.1978,124.6154,9.22,4.484,2,normal
2026-03-30T01:39:57.000Z,4.9792,1.1941,124.4017,9.22,4.423,2,normal
2026-03-30T01:39:58.000Z,4.989,1.1978,124.2308,10.42,4.571,2,normal
2026-03-30T01:39:59.000Z,4.9817,1.1978,124.3162,11.58,4.558,2,normal
2026-03-30T01:40:00.000Z,4.9963,1.2051,124.3162,11.33,4.525,2,normal
2026-03-30T01:40:01.000Z,4.989,1.2015,124.6581,9.79,4.539,2,normal
2026-03-30T01:40:02.000Z,4.9866,1.1941,124.2735,9.51,4.538,2,normal
2026-03-30T01:40:03.000Z,4.9866,1.1978,124.4017,12.57,4.556,2,normal
2026-03-30T01:40:04.000Z,4.967,1.2015,124.2735,8.66,4.52,2,normal
2026-03-30T01:40:05.000Z,4.9817,1.2015,124.5726,11.02,4.496,2,normal
2026-03-30T01:40:06.000Z,4.9744,1.2051,124.4444,10.28,4.566,2,normal
2026-03-30T01:40:07.000Z,4.9744,1.1978,124.5726,9.26,4.442,2,normal
2026-03-30T01:40:08.000Z,4.9817,1.2051,124.5299,11.64,4.48,2,normal
2026-03-30T01:40:09.000Z,4.9792,1.1978,124.6581,8.52,4.517,2,normal
2026-03-30T01:40:10.000Z,4.9646,1.1978,124.2308,9.97,4.569,2,normal
2026-03-30T01:40:11.000Z,4.9817,1.2051,124.7009,9.98,4.536,2,normal
2026-03-30T01:40:12.000Z,4.9817,1.2051,124.4872,10.83,4.499,2,normal
2026-03-30T01:40:13.000Z,4.9841,1.1941,124.359,12.41,4.515,2,normal
2026-03-30T01:40:14.000Z,4.9817,1.2051,124.4444,11.35,4.53,2,normal
2026-03-30T01:40:15.000Z,4.9768,1.2051,124.5299,11.76,4.461,2,normal
2026-03-30T01:40:16.000Z,4.9915,1.1978,124.4444,7.84,4.46,2,normal
2026-03-30T01:40:17.000Z,4.9597,1.1978,124.4017,10.13,4.562,2,normal
2026-03-30T01:40:18.000Z,4.9719,1.2015,124.6154,11.65,4.546,2,normal
2026-03-30T01:40:19.000Z,4.9939,1.1905,124.5726,10.36,4.512,2,normal
2026-03-30T01:40:20.000Z,4.9719,1.1978,124.2308,11.63,4.431,2,normal
2026-03-30T01:40:21.000Z,4.9915,1.2015,124.7436,10.34,4.497,2,normal
2026-03-30T01:40:22.000Z,4.9695,1.2051,124.7436,9.13,4.5,2,normal
2026-03-30T01:40:23.000Z,4.9548,1.2015,124.2308,8.4,4.44,2,normal
2026-03-30T01:40:24.000Z,5.0012,1.1978,124.3162,10.89,4.538,2,normal
2026-03-30T01:40:25.000Z,4.9646,1.2015,124.4872,10.88,4.498,2,normal
2026-03-30T01:40:26.000Z,4.9792,1.2051,124.359,9.47,4.436,2,normal
2026-03-30T01:40:27.000Z,4.9915,1.1868,124.5299,9.84,4.44,2,normal
2026-03-30T01:40:28.000Z,4.9451,1.2015,124.4444,9.28,4.468,2,normal
2026-03-30T01:40:29.000Z,4.9719,1.1978,124.4444,10.78,4.428,2,normal
2026-03-30T01:40:30.000Z,4.9792,1.1978,124.2735,9.56,4.419,2,normal
2026-03-30T01:40:31.000Z,4.9792,1.1978,124.5726,10.61,4.535,2,normal
2026-03-30T01:40:32.000Z,4.9988,1.2088,124.6154,12.75,4.488,2,normal
2026-03-30T01:40:33.000Z,4.9768,1.1978,124.3162,10.07,4.436,2,normal
2026-03-30T01:40:34.000Z,4.9719,1.1978,124.3162,11.43,4.496,2,normal
2026-03-30T01:40:35.000Z,4.9841,1.2051,124.6581,10.36,4.451,2,normal
2026-03-30T01:40:36.000Z,4.9597,1.1978,124.359,8.72,4.474,2,normal
2026-03-30T01:40:37.000Z,4.9841,1.1978,124.5299,9.26,4.438,2,normal
2026-03-30T01:40:38.000Z,4.9744,1.2051,124.4444,8.34,4.567,2,normal
2026-03-30T01:40:39.000Z,5.0012,1.2015,124.4444,11.47,4.435,2,normal
2026-03-30T01:40:40.000Z,4.9719,1.2051,124.4872,9.36,4.512,2,normal
2026-03-30T01:40:41.000Z,4.9695,1.1978,124.5726,11.59,4.468,2,normal
2026-03-30T01:40:42.000Z,4.9719,1.1941,124.5726,9.0,4.495,2,normal
2026-03-30T01:40:43.000Z,4.9621,1.1978,124.5726,10.52,4.457,2,normal
2026-03-30T01:40:44.000Z,4.989,1.1941,124.4444,10.35,4.551,2,normal
2026-03-30T01:40:45.000Z,4.9768,1.1978,124.4017,7.95,4.543,2,normal
2026-03-30T01:40:46.000Z,4.9841,1.1941,124.4444,9.07,4.535,2,normal
2026-03-30T01:40:47.000Z,4.9744,1.1941,124.3162,9.45,4.427,2,normal
2026-03-30T01:40:48.000Z,4.9744,1.2015,124.2735,8.7,4.48,2,normal
2026-03-30T01:40:49.000Z,4.9646,1.2015,124.9573,9.42,4.48,2,normal
2026-03-30T01:40:50.000Z,4.9695,1.1978,124.3162,11.1,4.572,2,normal
2026-03-30T01:40:51.000Z,4.9817,1.2051,124.4872,9.0,4.424,2,normal
2026-03-30T01:40:52.000Z,4.9719,1.2015,124.5726,10.52,4.557,2,normal
2026-03-30T01:40:53.000Z,4.9866,1.2051,124.4017,9.32,4.462,2,normal
2026-03-30T01:40:54.000Z,4.9817,1.1941,124.4872,12.41,4.535,2,normal
2026-03-30T01:40:55.000Z,4.9719,1.1941,124.5726,10.67,4.492,2,normal
2026-03-30T01:40:56.000Z,4.9646,1.2015,124.4444,9.87,4.482,2,normal
2026-03-30T01:40:57.000Z,4.9939,1.2015,124.0171,8.59,4.413,2,normal
2026-03-30T01:40:58.000Z,4.9744,1.1978,124.6154,9.23,4.577,2,normal
2026-03-30T01:40:59.000Z,4.9719,1.2088,124.5299,9.47,4.521,2,normal
2026-03-30T01:41:00.000Z,4.9866,1.2088,124.6154,8.91,4.498,2,normal
2026-03-30T01:41:01.000Z,4.967,1.1905,124.5726,10.14,4.54,2,normal
2026-03-30T01:41:02.000Z,4.9817,1.2015,124.5299,8.38,4.449,2,normal
2026-03-30T01:41:03.000Z,4.9768,1.2015,124.5726,8.27,4.577,2,normal
2026-03-30T01:41:04.000Z,4.9792,1.2015,124.4017,7.39,4.48,2,normal
2026-03-30T01:41:05.000Z,4.9744,1.1978,124.4872,10.93,4.454,2,normal
2026-03-30T01:41:06.000Z,4.9841,1.2015,124.5299,9.48,4.471,2,normal
2026-03-30T01:41:07.000Z,4.9695,1.2051,124.5299,8.86,4.436,2,normal
2026-03-30T01:41:08.000Z,4.9744,1.2015,124.359,8.9,4.432,2,normal
2026-03-30T01:41:09.000Z,4.9744,1.2051,124.5726,10.1,4.455,2,normal
2026-03-30T01:41:10.000Z,4.9744,1.1978,124.4017,9.63,4.506,2,normal
2026-03-30T01:41:11.000Z,4.9695,1.1941,124.4444,10.99,4.502,2,normal
2026-03-30T01:41:12.000Z,4.9817,1.1978,124.6154,10.81,4.476,2,normal
2026-03-30T01:41:13.000Z,4.9744,1.1941,124.6581,9.13,4.568,2,normal
2026-03-30T01:41:14.000Z,4.989,1.1905,124.5726,9.9,4.565,2,normal
2026-03-30T01:41:15.000Z,4.9939,1.2015,124.5299,11.53,4.47,2,normal
2026-03-30T01:41:16.000Z,4.9768,1.1941,124.2735,10.15,4.492,2,normal
2026-03-30T01:41:17.000Z,4.9817,1.2015,124.4017,8.67,4.45,2,normal
2026-03-30T01:41:18.000Z,4.9719,1.1978,124.4872,11.42,4.511,2,normal
2026-03-30T01:41:19.000Z,4.9939,1.1868,124.5299,8.89,4.521,2,normal
2026-03-30T01:41:20.000Z,4.9695,1.2015,124.4872,7.67,4.448,2,normal
2026-03-30T01:41:21.000Z,4.9744,1.2015,124.4444,7.79,4.435,2,normal
2026-03-30T01:41:22.000Z,4.9744,1.2015,124.4872,10.24,4.434,2,normal
2026-03-30T01:41:23.000Z,5.0012,1.1978,124.3162,10.51,4.446,2,normal
2026-03-30T01:41:24.000Z,4.9744,1.2015,124.6581,10.29,4.577,2,normal
2026-03-30T01:41:25.000Z,4.9744,1.2051,124.4017,8.79,4.479,2,normal
2026-03-30T01:41:26.000Z,4.967,1.2015,124.5299,7.94,4.55,2,normal
2026-03-30T01:41:27.000Z,4.9744,1.2051,124.4444,7.12,4.522,2,normal
2026-03-30T01:41:28.000Z,4.9744,1.2051,124.4017,9.7,4.501,2,normal
2026-03-30T01:41:29.000Z,4.9719,1.1941,124.6154,8.93,4.492,2,normal
2026-03-30T01:41:30.000Z,4.9866,1.2051,124.4872,9.66,4.48,2,normal
2026-03-30T01:41:31.000Z,4.9768,1.2015,124.5726,10.57,4.467,2,normal
2026-03-30T01:41:32.000Z,4.9719,1.1941,124.4444,9.8,4.508,2,normal
2026-03-30T01:41:33.000Z,4.9744,1.2051,124.7863,9.1,4.495,2,normal
2026-03-30T01:41:34.000Z,4.9621,1.1905,124.359,11.76,4.488,2,normal
2026-03-30T01:41:35.000Z,4.9915,1.1978,124.5726,9.9,4.436,2,normal
2026-03-30T01:41:36.000Z,4.989,1.2088,124.359,11.53,4.524,2,normal
2026-03-30T01:41:37.000Z,4.9939,1.1978,124.5299,7.66,4.417,2,normal
2026-03-30T01:41:38.000Z,4.9744,1.1978,124.6154,11.06,4.528,2,normal
2026-03-30T01:41:39.000Z,4.9646,1.1978,124.6154,10.1,4.567,2,normal
2026-03-30T01:41:40.000Z,4.9744,1.1868,124.2308,10.25,4.495,2,normal
2026-03-30T01:41:41.000Z,4.9744,1.2051,124.6581,7.65,4.513,2,normal
2026-03-30T01:41:42.000Z,4.9548,1.2125,124.6581,8.09,4.485,2,normal
2026-03-30T01:41:43.000Z,4.9866,1.2015,124.4444,10.53,4.495,2,normal
2026-03-30T01:41:44.000Z,4.9646,1.2051,124.5726,8.6,4.474,2,normal
2026-03-30T01:41:45.000Z,4.989,1.1978,124.2308,10.84,4.486,2,normal
2026-03-30T01:41:46.000Z,4.967,1.1978,124.4444,11.38,4.46,2,normal
2026-03-30T01:41:47.000Z,4.9768,1.1941,124.4017,11.14,4.534,2,normal
2026-03-30T01:41:48.000Z,4.9866,1.1978,124.4444,10.87,4.422,2,normal
2026-03-30T01:41:49.000Z,4.9695,1.2015,124.4017,9.01,4.496,2,normal
2026-03-30T01:41:50.000Z,4.9744,1.1978,124.4444,8.15,4.537,2,normal
2026-03-30T01:41:51.000Z,4.9695,1.2015,124.359,11.43,4.47,2,normal
2026-03-30T01:41:52.000Z,4.9768,1.2015,124.6154,9.05,4.557,2,normal
2026-03-30T01:41:53.000Z,4.9817,1.1941,124.8718,9.79,4.505,2,normal
2026-03-30T01:41:54.000Z,4.9866,1.2051,124.5299,9.19,4.447,2,normal
2026-03-30T01:41:55.000Z,4.9719,1.1941,124.359,9.26,4.535,2,normal
2026-03-30T01:41:56.000Z,4.9817,1.2015,124.7863,9.69,4.455,2,normal
2026-03-30T01:41:57.000Z,5.0012,1.2015,124.5726,9.55,4.417,2,normal
2026-03-30T01:41:58.000Z,4.9719,1.2015,124.5299,8.21,4.552,2,normal
2026-03-30T01:41:59.000Z,4.9792,1.1978,124.4444,9.23,4.474,2,normal
2026-03-30T01:42:00.000Z,4.989,1.1941,124.4872,8.97,4.449,2,normal
2026-03-30T01:42:01.000Z,4.9866,1.1978,124.4444,11.05,4.527,2,normal
2026-03-30T01:42:02.000Z,4.9768,1.1941,124.8291,10.71,4.426,2,normal
2026-03-30T01:42:03.000Z,4.9963,1.2015,124.5299,10.88,4.548,2,normal
2026-03-30T01:42:04.000Z,4.9719,1.2051,124.3162,10.82,4.541,2,normal
2026-03-30T01:42:05.000Z,4.9597,1.1978,124.4017,11.92,4.426,2,normal
2026-03-30T01:42:06.000Z,4.9792,1.1978,124.5299,9.91,4.546,2,normal
2026-03-30T01:42:07.000Z,4.989,1.1978,124.7009,10.94,4.574,2,normal
2026-03-30T01:42:08.000Z,4.9963,1.1941,124.4444,10.11,4.448,2,normal
2026-03-30T01:42:09.000Z,4.9841,1.2015,124.4872,8.82,4.459,2,normal
2026-03-30T01:42:10.000Z,4.9841,1.2015,124.4872,9.03,4.53,2,normal
2026-03-30T01:42:11.000Z,4.9792,1.2015,124.2735,9.62,4.545,2,normal
2026-03-30T01:42:12.000Z,4.989,1.1978,124.3162,9.26,4.42,2,normal
2026-03-30T01:42:13.000Z,4.9744,1.1941,124.4872,10.67,4.471,2,normal
2026-03-30T01:42:14.000Z,4.9719,1.2088,124.4872,11.01,4.529,2,normal
2026-03-30T01:42:15.000Z,4.9719,1.2015,124.4444,10.48,4.558,2,normal
2026-03-30T01:42:16.000Z,4.9792,1.2015,124.4017,10.39,4.446,2,normal
2026-03-30T01:42:17.000Z,4.9792,1.1941,124.3162,8.73,4.463,2,normal
2026-03-30T01:42:18.000Z,4.9621,1.2088,124.359,9.31,4.457,2,normal
2026-03-30T01:42:19.000Z,4.9817,1.2088,124.3162,9.97,4.496,2,normal
2026-03-30T01:42:20.000Z,4.9744,1.2015,124.6581,10.05,4.547,2,normal
2026-03-30T01:42:21.000Z,4.9841,1.2015,124.2735,10.01,4.483,2,normal
2026-03-30T01:42:22.000Z,4.9768,1.1978,124.4872,10.09,4.503,2,normal
2026-03-30T01:42:23.000Z,4.967,1.1978,124.359,8.47,4.448,2,normal
2026-03-30T01:42:24.000Z,4.9768,1.2015,124.5726,8.99,4.452,2,normal
2026-03-30T01:42:25.000Z,4.9719,1.1978,124.5726,11.58,4.557,2,normal
2026-03-30T01:42:26.000Z,4.967,1.1941,124.6154,10.08,4.517,2,normal
2026-03-30T01:42:27.000Z,4.9939,1.1905,124.5726,9.18,4.456,2,normal
2026-03-30T01:42:28.000Z,4.967,1.2015,124.4017,9.77,4.569,2,normal
2026-03-30T01:42:29.000Z,4.9841,1.1978,124.2308,11.24,4.547,2,normal
2026-03-30T01:42:30.000Z,4.9646,1.2051,124.9145,9.04,4.527,2,normal
2026-03-30T01:42:31.000Z,4.9573,1.1978,124.8718,9.84,4.58,2,normal
2026-03-30T01:42:32.000Z,4.9744,1.1941,124.4872,9.08,4.418,2,normal
2026-03-30T01:42:33.000Z,4.967,1.1941,124.4444,10.61,4.426,2,normal
2026-03-30T01:42:34.000Z,4.9695,1.2015,124.4444,8.42,4.561,2,normal
2026-03-30T01:42:35.000Z,4.967,1.1941,124.3162,9.04,4.451,2,normal
2026-03-30T01:42:36.000Z,4.9719,1.2015,124.7436,10.68,4.555,2,normal
2026-03-30T01:42:37.000Z,4.9817,1.2015,124.359,9.86,4.486,2,normal
2026-03-30T01:42:38.000Z,4.9719,1.1941,124.4017,11.51,4.551,2,normal
2026-03-30T01:42:39.000Z,4.9621,1.2015,124.5299,10.55,4.437,2,normal
2026-03-30T01:42:40.000Z,4.9646,1.1978,124.6154,10.3,4.575,2,normal
2026-03-30T01:42:41.000Z,4.9768,1.2015,124.4444,10.2,4.568,2,normal
2026-03-30T01:42:42.000Z,4.9792,1.2088,124.4872,9.82,4.566,2,normal
2026-03-30T01:42:43.000Z,4.9915,1.1978,124.7009,12.15,4.543,2,normal
2026-03-30T01:42:44.000Z,4.9768,1.2088,124.5726,9.38,4.473,2,normal
2026-03-30T01:42:45.000Z,4.9719,1.2015,124.2308,11.16,4.486,2,normal
2026-03-30T01:42:46.000Z,4.9646,1.2051,124.5726,8.88,4.502,2,normal
2026-03-30T01:42:47.000Z,4.967,1.1978,124.4444,8.26,4.47,2,normal
2026-03-30T01:42:48.000Z,4.9744,1.2015,124.4017,8.74,4.494,2,normal
2026-03-30T01:42:49.000Z,4.9719,1.1978,124.5299,9.82,4.567,2,normal
2026-03-30T01:42:50.000Z,4.9646,1.2015,124.5726,9.51,4.473,2,normal
2026-03-30T01:42:51.000Z,4.9695,1.1941,124.5726,10.14,4.503,2,normal
2026-03-30T01:42:52.000Z,4.9744,1.1978,124.2308,10.7,4.422,2,normal
2026-03-30T01:42:53.000Z,4.9792,1.1905,124.6154,9.06,4.554,2,normal
2026-03-30T01:42:54.000Z,4.9621,1.1978,124.2735,11.17,4.478,2,normal
2026-03-30T01:42:55.000Z,4.967,1.2015,124.4017,8.11,4.499,2,normal
2026-03-30T01:42:56.000Z,4.9915,1.2051,124.4017,8.38,4.534,2,normal
2026-03-30T01:42:57.000Z,4.9768,1.1978,124.4017,11.03,4.463,2,normal
2026-03-30T01:42:58.000Z,4.9841,1.1905,124.4872,10.65,4.512,2,normal
2026-03-30T01:42:59.000Z,4.989,1.1905,124.3162,8.6,4.565,2,normal
2026-03-30T01:43:00.000Z,4.9817,1.1905,124.359,9.69,4.497,2,normal
2026-03-30T01:43:01.000Z,4.9621,1.1905,124.4017,10.5,4.465,2,normal
2026-03-30T01:43:02.000Z,4.9646,1.1941,124.4872,9.9,4.477,2,normal
2026-03-30T01:43:03.000Z,4.9695,1.2015,124.5726,9.5,4.453,2,normal
2026-03-30T01:43:04.000Z,4.9817,1.1978,124.188,7.7,4.454,2,normal
2026-03-30T01:43:05.000Z,4.967,1.2015,124.3162,9.87,4.462,2,normal
2026-03-30T01:43:06.000Z,4.9841,1.2051,124.4017,9.7,4.466,2,normal
2026-03-30T01:43:07.000Z,4.967,1.2088,124.4017,8.28,4.552,2,normal
2026-03-30T01:43:08.000Z,4.9817,1.2015,124.5726,11.29,4.544,2,normal
2026-03-30T01:43:09.000Z,4.967,1.2015,124.359,10.74,4.452,2,normal
2026-03-30T01:43:10.000Z,4.9621,1.2015,124.7436,8.73,4.462,2,normal
2026-03-30T01:43:11.000Z,4.9744,1.1978,124.4444,11.77,4.563,2,normal
2026-03-30T01:43:12.000Z,4.9744,1.1978,124.6581,8.87,4.45,2,normal
2026-03-30T01:43:13.000Z,4.9792,1.1978,124.5726,10.31,4.518,2,normal
2026-03-30T01:43:14.000Z,4.9866,1.2088,124.4444,8.94,4.425,2,normal
2026-03-30T01:43:15.000Z,4.9841,1.1905,124.4444,9.16,4.473,2,normal
2026-03-30T01:43:16.000Z,4.9695,1.2051,124.359,7.56,4.545,2,normal
2026-03-30T01:43:17.000Z,4.9744,1.1868,124.6154,8.81,4.453,2,normal
2026-03-30T01:43:18.000Z,4.9939,1.1941,124.188,8.3,4.552,2,normal
2026-03-30T01:43:19.000Z,4.9817,1.1905,124.3162,9.08,4.472,2,normal
2026-03-30T01:43:20.000Z,4.9768,1.1978,124.9145,9.47,4.501,2,normal
2026-03-30T01:43:21.000Z,4.9719,1.2015,124.4872,11.11,4.477,2,normal
2026-03-30T01:43:22.000Z,4.9866,1.1978,124.4017,10.46,4.516,2,normal
2026-03-30T01:43:23.000Z,4.9695,1.2015,124.2735,11.26,4.558,2,normal
2026-03-30T01:43:24.000Z,4.9621,1.2088,124.4872,9.37,4.525,2,normal
2026-03-30T01:43:25.000Z,4.9817,1.2088,124.3162,9.17,4.573,2,normal
2026-03-30T01:43:26.000Z,4.9719,1.2015,124.2735,9.89,4.475,2,normal
2026-03-30T01:43:27.000Z,4.9646,1.1978,124.5299,9.59,4.477,2,normal
2026-03-30T01:43:28.000Z,4.9792,1.1978,124.4872,10.07,4.515,2,normal
2026-03-30T01:43:29.000Z,4.989,1.1978,124.5299,10.68,4.508,2,normal
2026-03-30T01:43:30.000Z,4.989,1.1978,124.4872,9.95,4.524,2,normal
2026-03-30T01:43:31.000Z,4.989,1.1978,124.4872,10.1,4.521,2,normal
2026-03-30T01:43:32.000Z,4.9719,1.1941,124.6581,8.98,4.464,2,normal
2026-03-30T01:43:33.000Z,4.9719,1.1978,124.6154,8.72,4.491,2,normal
2026-03-30T01:43:34.000Z,4.9866,1.1978,124.2735,12.01,4.436,2,normal
2026-03-30T01:43:35.000Z,4.9768,1.1978,124.5726,9.85,4.465,2,normal
2026-03-30T01:43:36.000Z,4.967,1.1978,124.4444,10.76,4.534,2,normal
2026-03-30T01:43:37.000Z,4.9792,1.2051,124.359,10.08,4.505,2,normal
2026-03-30T01:43:38.000Z,4.9597,1.2015,124.4872,8.32,4.487,2,normal
2026-03-30T01:43:39.000Z,4.989,1.1941,124.4872,8.74,4.526,2,normal
2026-03-30T01:43:40.000Z,4.9719,1.2015,124.3162,9.1,4.507,2,normal
2026-03-30T01:43:41.000Z,4.9866,1.1978,124.4017,9.01,4.568,2,normal
2026-03-30T01:43:42.000Z,4.9841,1.2051,124.3162,9.67,4.528,2,normal
2026-03-30T01:43:43.000Z,4.9939,1.1978,124.4872,10.95,4.466,2,normal
2026-03-30T01:43:44.000Z,4.9866,1.2015,124.6154,9.95,4.478,2,normal
2026-03-30T01:43:45.000Z,4.9597,1.2051,124.5299,7.65,4.547,2,normal
2026-03-30T01:43:46.000Z,5.0012,1.1941,124.4444,10.63,4.575,2,normal
2026-03-30T01:43:47.000Z,4.9719,1.2088,124.1026,12.11,4.443,2,normal
2026-03-30T01:43:48.000Z,4.989,1.2051,124.6154,11.25,4.521,2,normal
2026-03-30T01:43:49.000Z,4.9744,1.1978,124.7009,11.39,4.441,2,normal
2026-03-30T01:43:50.000Z,4.9719,1.2015,124.5726,11.17,4.507,2,normal
2026-03-30T01:43:51.000Z,5.0037,1.1978,124.4017,9.48,4.497,2,normal
2026-03-30T01:43:52.000Z,4.9768,1.2051,124.359,8.91,4.468,2,normal
2026-03-30T01:43:53.000Z,4.9768,1.1978,124.4017,10.87,4.51,2,normal
2026-03-30T01:43:54.000Z,4.9548,1.1941,124.359,11.61,4.523,2,normal
2026-03-30T01:43:55.000Z,4.9646,1.2015,124.359,8.77,4.545,2,normal
2026-03-30T01:43:56.000Z,4.9768,1.2088,124.2735,9.85,4.469,2,normal
2026-03-30T01:43:57.000Z,4.9719,1.1941,124.5299,11.05,4.522,2,normal
2026-03-30T01:43:58.000Z,4.9841,1.1978,124.4444,9.38,4.483,2,normal
2026-03-30T01:43:59.000Z,4.9866,1.1978,124.4872,10.28,4.571,2,normal
2026-03-30T01:44:00.000Z,4.9915,1.2015,124.2735,9.13,4.424,2,normal
2026-03-30T01:44:01.000Z,4.9988,1.1941,124.7009,9.85,4.491,2,normal
2026-03-30T01:44:02.000Z,4.9817,1.2051,124.5726,10.21,4.519,2,normal
2026-03-30T01:44:03.000Z,4.9915,1.1941,124.7863,12.2,4.422,2,normal
2026-03-30T01:44:04.000Z,4.9841,1.2015,124.4017,10.34,4.557,2,normal
2026-03-30T01:44:05.000Z,4.9744,1.2015,124.4017,10.32,4.446,2,normal
2026-03-30T01:44:06.000Z,4.9817,1.1905,124.4872,8.98,4.493,2,normal
2026-03-30T01:44:07.000Z,4.9841,1.2015,124.2735,11.98,4.522,2,normal
2026-03-30T01:44:08.000Z,4.9719,1.1978,124.4444,10.63,4.505,2,normal
2026-03-30T01:44:09.000Z,4.9768,1.2088,124.5299,9.65,4.516,2,normal
2026-03-30T01:44:10.000Z,4.9841,1.2051,124.7009,10.22,4.439,2,normal
2026-03-30T01:44:11.000Z,4.9792,1.1905,124.5726,10.45,4.542,2,normal
2026-03-30T01:44:12.000Z,4.9695,1.2015,124.6581,8.83,4.515,2,normal
2026-03-30T01:44:13.000Z,4.9817,1.2015,124.4444,9.95,4.515,2,normal
2026-03-30T01:44:14.000Z,4.9866,1.2015,124.1453,9.03,4.558,2,normal
2026-03-30T01:44:15.000Z,4.9768,1.1941,124.359,11.98,4.516,2,normal
2026-03-30T01:44:16.000Z,4.9792,1.1978,124.1453,9.21,4.421,2,normal
2026-03-30T01:44:17.000Z,4.9817,1.2051,124.6581,11.89,4.441,2,normal
2026-03-30T01:44:18.000Z,4.9841,1.1978,124.3162,11.85,4.448,2,normal
2026-03-30T01:44:19.000Z,4.9792,1.1868,124.359,10.82,4.441,2,normal
2026-03-30T01:44:20.000Z,4.9792,1.2015,124.4444,10.53,4.545,2,normal
2026-03-30T01:44:21.000Z,4.9866,1.1941,124.5299,11.7,4.445,2,normal
2026-03-30T01:44:22.000Z,4.9792,1.1941,124.4872,10.43,4.499,2,normal
2026-03-30T01:44:23.000Z,4.9792,1.1941,124.4017,10.15,4.44,2,normal
2026-03-30T01:44:24.000Z,4.9768,1.2015,124.4017,10.14,4.517,2,normal
2026-03-30T01:44:25.000Z,4.9768,1.1941,124.4017,10.13,4.418,2,normal
2026-03-30T01:44:26.000Z,4.9695,1.1978,124.5726,7.68,4.528,2,normal
2026-03-30T01:44:27.000Z,4.9817,1.1978,124.3162,9.87,4.489,2,normal
2026-03-30T01:44:28.000Z,4.9768,1.2015,124.5299,11.48,4.432,2,normal
2026-03-30T01:44:29.000Z,4.989,1.1905,124.2308,8.59,4.57,2,normal
2026-03-30T01:44:30.000Z,4.989,1.1978,124.2735,9.44,4.526,2,normal
2026-03-30T01:44:31.000Z,4.989,1.1941,124.4872,10.9,4.534,2,normal
2026-03-30T01:44:32.000Z,4.9499,1.2015,124.359,8.97,4.493,2,normal
2026-03-30T01:44:33.000Z,4.9792,1.1978,124.6154,10.52,4.435,2,normal
2026-03-30T01:44:34.000Z,4.9744,1.1978,124.4444,11.0,4.459,2,normal
2026-03-30T01:44:35.000Z,4.9597,1.1941,124.4872,8.61,4.536,2,normal
2026-03-30T01:44:36.000Z,4.9744,1.2015,124.4017,9.94,4.54,2,normal
2026-03-30T01:44:37.000Z,4.9719,1.1978,124.5726,11.18,4.543,2,normal
2026-03-30T01:44:38.000Z,4.9841,1.2015,124.6154,10.97,4.476,2,normal
2026-03-30T01:44:39.000Z,5.0037,1.2015,124.4872,10.68,4.466,2,normal
2026-03-30T01:44:40.000Z,4.967,1.1978,124.4444,11.08,4.556,2,normal
2026-03-30T01:44:41.000Z,4.9768,1.2015,124.7436,9.59,4.542,2,normal
2026-03-30T01:44:42.000Z,4.9866,1.1941,124.4444,10.38,4.44,2,normal
2026-03-30T01:44:43.000Z,4.9744,1.2015,124.4872,9.68,4.427,2,normal
2026-03-30T01:44:44.000Z,4.967,1.1978,124.5299,8.36,4.506,2,normal
2026-03-30T01:44:45.000Z,4.9597,1.2051,124.359,7.87,4.517,2,normal
2026-03-30T01:44:46.000Z,4.9719,1.1905,124.3162,10.52,4.502,2,normal
2026-03-30T01:44:47.000Z,4.9792,1.1941,124.4017,10.71,4.422,2,normal
2026-03-30T01:44:48.000Z,4.9695,1.1978,124.3162,6.82,4.54,2,normal
2026-03-30T01:44:49.000Z,4.9939,1.2015,124.4872,10.04,4.472,2,normal
2026-03-30T01:44:50.000Z,4.989,1.2051,124.2735,10.38,4.538,2,normal
2026-03-30T01:44:51.000Z,4.9915,1.2051,124.5726,10.58,4.576,2,normal
2026-03-30T01:44:52.000Z,4.9866,1.2051,124.3162,10.1,4.546,2,normal
2026-03-30T01:44:53.000Z,4.9719,1.1941,124.4444,11.34,4.518,2,normal
2026-03-30T01:44:54.000Z,4.967,1.2051,124.7436,7.11,4.473,2,normal
2026-03-30T01:44:55.000Z,4.9939,1.1905,124.5299,10.23,4.553,2,normal
2026-03-30T01:44:56.000Z,4.9744,1.2015,124.7863,9.98,4.448,2,normal
2026-03-30T01:44:57.000Z,4.9768,1.1978,124.6581,8.94,4.523,2,normal
2026-03-30T01:44:58.000Z,4.9646,1.1905,124.4444,8.83,4.483,2,normal
2026-03-30T01:44:59.000Z,4.9475,1.2015,124.4872,8.4,4.545,2,normal
2026-03-30T01:45:00.000Z,4.9719,1.1941,124.4872,9.35,4.556,2,normal
2026-03-30T01:45:01.000Z,4.9744,1.1905,124.4444,8.17,4.452,2,normal
2026-03-30T01:45:02.000Z,4.9646,1.2015,124.5726,10.28,4.51,2,normal
2026-03-30T01:45:03.000Z,4.9719,1.1978,124.4872,9.95,4.449,2,normal
2026-03-30T01:45:04.000Z,4.9866,1.1978,124.6154,8.68,4.473,2,normal
2026-03-30T01:45:05.000Z,4.9646,1.1978,124.5726,8.7,4.55,2,normal
2026-03-30T01:45:06.000Z,4.9621,1.2051,124.6154,10.77,4.493,2,normal
2026-03-30T01:45:07.000Z,4.9646,1.2015,124.4017,9.49,4.507,2,normal
2026-03-30T01:45:08.000Z,4.9817,1.1978,124.2735,7.31,4.464,2,normal
2026-03-30T01:45:09.000Z,4.9792,1.2015,124.6581,10.88,4.513,2,normal
2026-03-30T01:45:10.000Z,4.9866,1.1941,124.2735,6.59,4.546,2,normal
2026-03-30T01:45:11.000Z,4.9841,1.2015,124.5299,7.85,4.572,2,normal
2026-03-30T01:45:12.000Z,4.9817,1.2088,124.4017,8.89,4.566,2,normal
2026-03-30T01:45:13.000Z,4.9597,1.1978,124.3162,7.83,4.514,2,normal
2026-03-30T01:45:14.000Z,4.9792,1.1978,124.4444,10.81,4.536,2,normal
2026-03-30T01:45:15.000Z,4.9646,1.1941,124.6581,10.57,4.477,2,normal
2026-03-30T01:45:16.000Z,4.9792,1.2051,124.5299,11.09,4.459,2,normal
2026-03-30T01:45:17.000Z,4.9841,1.1941,124.0598,9.77,4.473,2,normal
2026-03-30T01:45:18.000Z,4.9744,1.1941,124.8291,7.56,4.525,2,normal
2026-03-30T01:45:19.000Z,4.9866,1.1941,124.4017,10.97,4.51,2,normal
2026-03-30T01:45:20.000Z,4.9695,1.2015,124.4872,10.12,4.43,2,normal
2026-03-30T01:45:21.000Z,4.9915,1.2051,124.5299,9.12,4.509,2,normal
2026-03-30T01:45:22.000Z,4.9915,1.2015,124.6154,10.22,4.485,2,normal
2026-03-30T01:45:23.000Z,4.9719,1.1941,124.4017,11.12,4.451,2,normal
2026-03-30T01:45:24.000Z,4.9841,1.1941,124.7009,10.03,4.47,2,normal
2026-03-30T01:45:25.000Z,4.9792,1.2015,124.4017,8.09,4.493,2,normal
2026-03-30T01:45:26.000Z,4.9841,1.1978,124.4872,10.92,4.444,2,normal
2026-03-30T01:45:27.000Z,4.9866,1.2015,124.6154,7.06,4.458,2,normal
2026-03-30T01:45:28.000Z,4.9768,1.1941,124.4017,9.43,4.553,2,normal
2026-03-30T01:45:29.000Z,4.9719,1.1941,124.359,10.77,4.508,2,normal
2026-03-30T01:45:30.000Z,4.9817,1.1978,124.4872,9.64,4.52,2,normal
2026-03-30T01:45:31.000Z,4.9744,1.2088,124.3162,8.99,4.507,2,normal
2026-03-30T01:45:32.000Z,4.9915,1.2015,124.4444,8.94,4.537,2,normal
2026-03-30T01:45:33.000Z,4.9695,1.2051,124.4017,9.47,4.496,2,normal
2026-03-30T01:45:34.000Z,4.9792,1.2015,124.188,10.26,4.426,2,normal
2026-03-30T01:45:35.000Z,4.9817,1.1978,124.5726,10.85,4.473,2,normal
2026-03-30T01:45:36.000Z,4.9768,1.2051,124.2308,10.24,4.471,2,normal
2026-03-30T01:45:37.000Z,4.9719,1.2015,124.5299,9.75,4.517,2,normal
2026-03-30T01:45:38.000Z,4.9744,1.2015,124.2308,11.23,4.552,2,normal
2026-03-30T01:45:39.000Z,4.9792,1.1905,124.3162,11.0,4.457,2,normal
2026-03-30T01:45:40.000Z,4.9792,1.1905,124.4872,9.33,4.543,2,normal
2026-03-30T01:45:41.000Z,4.9744,1.1941,124.7436,9.7,4.483,2,normal
2026-03-30T01:45:42.000Z,4.9695,1.2051,124.4872,9.1,4.461,2,normal
2026-03-30T01:45:43.000Z,4.9719,1.1978,124.4872,9.67,4.441,2,normal
2026-03-30T01:45:44.000Z,4.9768,1.1941,124.2308,10.07,4.471,2,normal
2026-03-30T01:45:45.000Z,4.9719,1.1978,124.5299,9.85,4.554,2,normal
2026-03-30T01:45:46.000Z,4.9646,1.2051,124.5299,8.77,4.516,2,normal
2026-03-30T01:45:47.000Z,4.9695,1.2015,124.6581,10.57,4.554,2,normal
2026-03-30T01:45:48.000Z,4.9695,1.1868,124.4017,10.76,4.45,2,normal
2026-03-30T01:45:49.000Z,4.9866,1.1978,124.4017,9.45,4.468,2,normal
2026-03-30T01:45:50.000Z,4.9768,1.1978,124.188,10.85,4.423,2,normal
2026-03-30T01:45:51.000Z,4.9915,1.1905,124.8291,11.12,4.56,2,normal
2026-03-30T01:45:52.000Z,4.9817,1.2015,124.5299,8.98,4.469,2,normal
2026-03-30T01:45:53.000Z,4.9792,1.2088,124.4017,8.31,4.549,2,normal
2026-03-30T01:45:54.000Z,4.9817,1.1941,124.4017,11.01,4.443,2,normal
2026-03-30T01:45:55.000Z,4.9646,1.2088,124.359,9.89,4.43,2,normal
2026-03-30T01:45:56.000Z,4.9817,1.2015,124.2735,10.94,4.561,2,normal
2026-03-30T01:45:57.000Z,4.967,1.2088,124.7009,8.95,4.461,2,normal
2026-03-30T01:45:58.000Z,4.9621,1.2015,124.359,9.96,4.543,2,normal
2026-03-30T01:45:59.000Z,4.9695,1.2015,124.6154,9.87,4.511,2,normal
2026-03-30T01:46:00.000Z,4.9719,1.2015,124.4872,10.44,4.459,2,normal
2026-03-30T01:46:01.000Z,4.9719,1.2051,124.4872,12.15,4.444,2,normal
2026-03-30T01:46:02.000Z,4.967,1.1941,124.359,10.51,4.423,2,normal
2026-03-30T01:46:03.000Z,4.9695,1.1978,124.359,9.42,4.534,2,normal
2026-03-30T01:46:04.000Z,4.9719,1.2015,124.5726,11.5,4.488,2,normal
2026-03-30T01:46:05.000Z,4.989,1.2015,124.2735,10.63,4.565,2,normal
2026-03-30T01:46:06.000Z,4.9719,1.2051,124.4872,8.87,4.558,2,normal
2026-03-30T01:46:07.000Z,4.9719,1.1941,124.3162,8.72,4.532,2,normal
2026-03-30T01:46:08.000Z,4.9719,1.1978,124.2735,9.13,4.544,2,normal
2026-03-30T01:46:09.000Z,4.9719,1.2015,124.4017,7.74,4.52,2,normal
2026-03-30T01:46:10.000Z,4.9817,1.1905,124.5726,8.81,4.461,2,normal
2026-03-30T01:46:11.000Z,4.9792,1.2015,124.5299,9.9,4.548,2,normal
2026-03-30T01:46:12.000Z,4.9719,1.1941,124.7009,10.84,4.449,2,normal
2026-03-30T01:46:13.000Z,4.989,1.1978,124.7009,10.27,4.563,2,normal
2026-03-30T01:46:14.000Z,4.9597,1.2051,124.6154,10.14,4.561,2,normal
2026-03-30T01:46:15.000Z,4.9866,1.1941,124.5726,9.86,4.466,2,normal
2026-03-30T01:46:16.000Z,4.967,1.2051,124.3162,9.55,4.474,2,normal
2026-03-30T01:46:17.000Z,4.9792,1.1941,124.4444,9.52,4.567,2,normal
2026-03-30T01:46:18.000Z,4.9719,1.1905,124.359,11.42,4.469,2,normal
2026-03-30T01:46:19.000Z,4.9719,1.1868,124.4017,11.3,4.528,2,normal
2026-03-30T01:46:20.000Z,4.9597,1.2015,124.0171,9.6,4.438,2,normal
2026-03-30T01:46:21.000Z,4.9866,1.2015,124.6154,9.58,4.427,2,normal
2026-03-30T01:46:22.000Z,4.9817,1.2051,124.4444,10.56,4.557,2,normal
2026-03-30T01:46:23.000Z,4.9548,1.1978,124.4872,10.6,4.458,2,normal
2026-03-30T01:46:24.000Z,4.9744,1.2051,124.4444,11.54,4.557,2,normal
2026-03-30T01:46:25.000Z,4.9719,1.2051,124.6154,9.44,4.431,2,normal
2026-03-30T01:46:26.000Z,4.9939,1.2015,124.4872,9.91,4.456,2,normal
2026-03-30T01:46:27.000Z,4.9621,1.1978,124.6154,10.76,4.487,2,normal
2026-03-30T01:46:28.000Z,4.9597,1.1978,124.5726,9.94,4.542,2,normal
2026-03-30T01:46:29.000Z,4.9646,1.1941,124.2735,8.49,4.522,2,normal
2026-03-30T01:46:30.000Z,4.9695,1.1941,124.3162,7.89,4.484,2,normal
2026-03-30T01:46:31.000Z,4.9841,1.2051,124.3162,10.29,4.556,2,normal
2026-03-30T01:46:32.000Z,4.967,1.2015,124.5726,10.14,4.522,2,normal
2026-03-30T01:46:33.000Z,4.9841,1.1978,124.5299,9.67,4.55,2,normal
2026-03-30T01:46:34.000Z,4.9573,1.1978,124.359,10.17,4.527,2,normal
2026-03-30T01:46:35.000Z,4.9597,1.1978,124.5726,8.59,4.565,2,normal
2026-03-30T01:46:36.000Z,4.9866,1.2051,124.4444,9.69,4.445,2,normal
2026-03-30T01:46:37.000Z,4.9939,1.1905,124.2735,10.63,4.573,2,normal
2026-03-30T01:46:38.000Z,4.9719,1.2088,124.4017,13.51,4.486,2,normal
2026-03-30T01:46:39.000Z,4.9597,1.1978,124.4444,8.38,4.469,2,normal
2026-03-30T01:46:40.000Z,4.9866,1.2051,124.5299,10.76,4.544,2,normal
2026-03-30T01:46:41.000Z,4.9744,1.1978,124.359,10.35,4.523,2,normal
2026-03-30T01:46:42.000Z,4.9915,1.1941,124.6154,9.53,4.421,2,normal
2026-03-30T01:46:43.000Z,4.9646,1.2015,124.6581,10.09,4.559,2,normal
2026-03-30T01:46:44.000Z,4.9939,1.2015,124.2735,8.99,4.498,2,normal
2026-03-30T01:46:45.000Z,4.967,1.2015,124.3162,10.03,4.484,2,normal
2026-03-30T01:46:46.000Z,4.9719,1.2015,124.4017,10.21,4.457,2,normal
2026-03-30T01:46:47.000Z,4.9597,1.1941,124.4017,11.59,4.575,2,normal
2026-03-30T01:46:48.000Z,4.9768,1.1978,124.4872,9.89,4.506,2,normal
2026-03-30T01:46:49.000Z,4.9646,1.1941,124.7436,9.25,4.517,2,normal
2026-03-30T01:46:50.000Z,4.967,1.2015,124.4872,8.63,4.498,2,normal
2026-03-30T01:46:51.000Z,4.967,1.2015,124.4017,9.01,4.566,2,normal
2026-03-30T01:46:52.000Z,4.9548,1.1941,124.5726,11.12,4.551,2,normal
2026-03-30T01:46:53.000Z,4.9719,1.1978,124.2308,10.5,4.559,2,normal
2026-03-30T01:46:54.000Z,4.9719,1.2015,124.359,11.94,4.447,2,normal
2026-03-30T01:46:55.000Z,4.9768,1.2015,124.6154,10.3,4.511,2,normal
2026-03-30T01:46:56.000Z,4.9915,1.2051,124.5299,11.1,4.564,2,normal
2026-03-30T01:46:57.000Z,4.9841,1.1941,124.6154,9.92,4.525,2,normal
2026-03-30T01:46:58.000Z,4.9744,1.1941,124.7436,10.44,4.476,2,normal
2026-03-30T01:46:59.000Z,4.9621,1.1978,124.188,10.04,4.426,2,normal
2026-03-30T01:47:00.000Z,4.9963,1.2015,124.4872,9.52,4.458,2,normal
2026-03-30T01:47:01.000Z,4.9841,1.2051,124.2735,8.13,4.49,2,normal
2026-03-30T01:47:02.000Z,4.9744,1.1978,124.4872,7.56,4.549,2,normal
2026-03-30T01:47:03.000Z,4.989,1.1978,124.5726,9.72,4.43,2,normal
2026-03-30T01:47:04.000Z,4.9817,1.1941,124.7009,9.66,4.535,2,normal
2026-03-30T01:47:05.000Z,4.967,1.2051,124.4872,8.55,4.536,2,normal
2026-03-30T01:47:06.000Z,4.9695,1.2051,124.5299,11.52,4.429,2,normal
2026-03-30T01:47:07.000Z,4.989,1.2051,124.6154,9.52,4.539,2,normal
2026-03-30T01:47:08.000Z,4.9768,1.2015,124.188,10.22,4.549,2,normal
2026-03-30T01:47:09.000Z,5.0061,1.2015,124.5726,10.02,4.502,2,normal
2026-03-30T01:47:10.000Z,4.9915,1.2051,124.1453,10.19,4.536,2,normal
2026-03-30T01:47:11.000Z,4.9621,1.1978,124.4872,12.03,4.422,2,normal
2026-03-30T01:47:12.000Z,4.9646,1.1978,124.5299,9.87,4.531,2,normal
2026-03-30T01:47:13.000Z,4.9988,1.1978,124.359,8.15,4.562,2,normal
2026-03-30T01:47:14.000Z,4.9841,1.1978,124.5726,11.59,4.421,2,normal
2026-03-30T01:47:15.000Z,4.9768,1.1868,124.4872,9.53,4.427,2,normal
2026-03-30T01:47:16.000Z,4.967,1.1905,124.359,10.52,4.447,2,normal
2026-03-30T01:47:17.000Z,4.967,1.1941,124.4872,9.06,4.564,2,normal
2026-03-30T01:47:18.000Z,4.9768,1.2015,124.7009,9.71,4.522,2,normal
2026-03-30T01:47:19.000Z,4.9695,1.1978,124.4017,8.88,4.437,2,normal
2026-03-30T01:47:20.000Z,4.9792,1.2051,124.6154,8.4,4.465,2,normal
2026-03-30T01:47:21.000Z,4.9792,1.1978,124.4017,9.45,4.436,2,normal
2026-03-30T01:47:22.000Z,4.9841,1.1978,124.4017,8.35,4.437,2,normal
2026-03-30T01:47:23.000Z,4.9597,1.2051,124.4017,9.83,4.438,2,normal
2026-03-30T01:47:24.000Z,5.0012,1.1905,124.5299,10.94,4.527,2,normal
2026-03-30T01:47:25.000Z,4.9792,1.1941,124.5299,11.27,4.531,2,normal
2026-03-30T01:47:26.000Z,4.9621,1.2015,124.5299,7.15,4.507,2,normal
2026-03-30T01:47:27.000Z,4.9548,1.2015,124.4017,8.65,4.494,2,normal
2026-03-30T01:47:28.000Z,4.9792,1.2051,124.3162,10.36,4.49,2,normal
2026-03-30T01:47:29.000Z,4.9841,1.1978,124.7009,9.63,4.574,2,normal
2026-03-30T01:47:30.000Z,4.9866,1.1978,124.4872,9.36,4.461,2,normal
2026-03-30T01:47:31.000Z,4.9768,1.1941,124.4444,11.03,4.468,2,normal
2026-03-30T01:47:32.000Z,4.9646,1.1905,124.4444,9.73,4.521,2,normal
2026-03-30T01:47:33.000Z,4.9573,1.2015,124.5299,10.44,4.507,2,normal
2026-03-30T01:47:34.000Z,4.9646,1.2051,124.4017,9.58,4.542,2,normal
2026-03-30T01:47:35.000Z,4.9744,1.1941,124.4444,8.4,4.472,2,normal
2026-03-30T01:47:36.000Z,4.9768,1.1978,124.3162,10.48,4.507,2,normal
2026-03-30T01:47:37.000Z,4.9646,1.1978,124.4872,11.38,4.533,2,normal
2026-03-30T01:47:38.000Z,4.9792,1.2015,124.7863,8.57,4.542,2,normal
2026-03-30T01:47:39.000Z,4.9695,1.1978,124.3162,8.94,4.421,2,normal
2026-03-30T01:47:40.000Z,4.9817,1.2051,124.3162,7.82,4.417,2,normal
2026-03-30T01:47:41.000Z,4.9744,1.2015,124.7009,9.82,4.476,2,normal
2026-03-30T01:47:42.000Z,4.9792,1.2015,124.2735,11.43,4.471,2,normal
2026-03-30T01:47:43.000Z,4.967,1.1978,124.4017,10.54,4.468,2,normal
2026-03-30T01:47:44.000Z,4.9915,1.2088,124.4017,10.29,4.563,2,normal
2026-03-30T01:47:45.000Z,4.9621,1.1905,124.4017,10.34,4.498,2,normal
2026-03-30T01:47:46.000Z,4.9719,1.1905,124.0598,8.53,4.517,2,normal
2026-03-30T01:47:47.000Z,4.9719,1.2015,124.5299,9.79,4.566,2,normal
2026-03-30T01:47:48.000Z,4.9646,1.2051,124.4444,11.17,4.565,2,normal
2026-03-30T01:47:49.000Z,4.9792,1.1978,124.7009,11.73,4.43,2,normal
2026-03-30T01:47:50.000Z,4.9792,1.1941,124.5299,10.89,4.476,2,normal
2026-03-30T01:47:51.000Z,4.9768,1.2015,124.2308,9.23,4.566,2,normal
2026-03-30T01:47:52.000Z,4.9792,1.1978,124.7009,11.05,4.496,2,normal
2026-03-30T01:47:53.000Z,4.9744,1.1978,124.359,12.72,4.436,2,normal
2026-03-30T01:47:54.000Z,4.9939,1.2015,124.4017,9.75,4.457,2,normal
2026-03-30T01:47:55.000Z,4.9719,1.2015,124.3162,9.96,4.435,2,normal
2026-03-30T01:47:56.000Z,4.9792,1.2015,124.2308,10.47,4.489,2,normal
2026-03-30T01:47:57.000Z,4.9792,1.1978,124.5726,11.84,4.422,2,normal
2026-03-30T01:47:58.000Z,4.9841,1.1941,124.4872,10.72,4.502,2,normal
2026-03-30T01:47:59.000Z,4.9744,1.1978,124.7863,9.21,4.549,2,normal
2026-03-30T01:48:00.000Z,4.9597,1.1978,124.359,9.54,4.545,2,normal
2026-03-30T01:48:01.000Z,5.0037,1.2015,124.5299,8.71,4.511,2,normal
2026-03-30T01:48:02.000Z,4.9524,1.1941,124.4444,9.46,4.553,2,normal
2026-03-30T01:48:03.000Z,4.9866,1.1978,124.5726,11.27,4.434,2,normal
2026-03-30T01:48:04.000Z,4.9744,1.2051,124.5726,10.56,4.574,2,normal
2026-03-30T01:48:05.000Z,4.9841,1.2051,124.4872,7.48,4.527,2,normal
2026-03-30T01:48:06.000Z,4.9719,1.2015,124.4872,9.2,4.476,2,normal
2026-03-30T01:48:07.000Z,4.9841,1.2015,124.7009,10.23,4.457,2,normal
2026-03-30T01:48:08.000Z,4.967,1.1978,124.4872,9.21,4.56,2,normal
2026-03-30T01:48:09.000Z,4.9646,1.2088,124.5299,10.25,4.573,2,normal
2026-03-30T01:48:10.000Z,4.9695,1.2015,124.4444,10.24,4.521,2,normal
2026-03-30T01:48:11.000Z,4.9792,1.2015,124.5299,9.08,4.519,2,normal
2026-03-30T01:48:12.000Z,4.989,1.2051,124.7009,8.97,4.423,2,normal
2026-03-30T01:48:13.000Z,4.9768,1.1978,124.5299,8.22,4.45,2,normal
2026-03-30T01:48:14.000Z,4.967,1.2015,124.4872,10.2,4.526,2,normal
2026-03-30T01:48:15.000Z,4.9915,1.1905,124.4444,11.07,4.521,2,normal
2026-03-30T01:48:16.000Z,4.9695,1.1978,124.7009,10.5,4.462,2,normal
2026-03-30T01:48:17.000Z,4.989,1.2051,124.6581,11.4,4.435,2,normal
2026-03-30T01:48:18.000Z,4.9621,1.1941,124.359,8.58,4.467,2,normal
2026-03-30T01:48:19.000Z,4.9646,1.1978,124.4444,8.5,4.553,2,normal
2026-03-30T01:48:20.000Z,4.9817,1.2015,124.4017,5.97,4.467,2,normal
2026-03-30T01:48:21.000Z,4.9744,1.2051,124.6154,11.08,4.477,2,normal
2026-03-30T01:48:22.000Z,4.9744,1.1905,124.359,8.47,4.521,2,normal
2026-03-30T01:48:23.000Z,4.9744,1.2015,124.5726,10.6,4.507,2,normal
2026-03-30T01:48:24.000Z,4.9646,1.1905,124.2308,9.68,4.567,2,normal
2026-03-30T01:48:25.000Z,4.9621,1.2015,124.4444,9.36,4.5,2,normal
2026-03-30T01:48:26.000Z,4.9963,1.1978,124.2735,9.83,4.494,2,normal
2026-03-30T01:48:27.000Z,4.9719,1.1941,124.4444,7.63,4.548,2,normal
2026-03-30T01:48:28.000Z,4.967,1.2015,124.5299,7.81,4.564,2,normal
2026-03-30T01:48:29.000Z,4.9817,1.1978,124.4017,8.57,4.493,2,normal
2026-03-30T01:48:30.000Z,4.9963,1.1941,124.4017,9.49,4.509,2,normal
2026-03-30T01:48:31.000Z,4.9792,1.2015,124.6154,9.56,4.419,2,normal
2026-03-30T01:48:32.000Z,4.967,1.2051,124.188,9.27,4.503,2,normal
2026-03-30T01:48:33.000Z,4.9866,1.1905,124.6581,10.46,4.546,2,normal
2026-03-30T01:48:34.000Z,4.9768,1.2015,124.2735,7.75,4.505,2,normal
2026-03-30T01:48:35.000Z,4.9646,1.1978,124.7009,9.0,4.513,2,normal
2026-03-30T01:48:36.000Z,4.9768,1.2015,124.4872,9.66,4.442,2,normal
2026-03-30T01:48:37.000Z,4.989,1.1978,124.2735,10.42,4.484,2,normal
2026-03-30T01:48:38.000Z,4.9817,1.1868,124.6154,8.32,4.555,2,normal
2026-03-30T01:48:39.000Z,4.9719,1.1978,124.4872,9.22,4.422,2,normal
2026-03-30T01:48:40.000Z,4.9719,1.2051,124.3162,11.12,4.559,2,normal
2026-03-30T01:48:41.000Z,4.9841,1.2015,124.6154,11.57,4.542,2,normal
2026-03-30T01:48:42.000Z,4.9866,1.1978,124.4872,9.2,4.525,2,normal
2026-03-30T01:48:43.000Z,4.9646,1.1978,124.4017,11.48,4.498,2,normal
2026-03-30T01:48:44.000Z,4.9719,1.2051,124.1026,9.29,4.506,2,normal
2026-03-30T01:48:45.000Z,4.9939,1.1905,124.6581,10.8,4.497,2,normal
2026-03-30T01:48:46.000Z,4.9695,1.1978,124.6154,8.87,4.546,2,normal
2026-03-30T01:48:47.000Z,4.967,1.1941,124.2735,11.09,4.551,2,normal
2026-03-30T01:48:48.000Z,4.9548,1.2015,124.4444,11.5,4.534,2,normal
2026-03-30T01:48:49.000Z,4.9768,1.1941,124.1453,7.7,4.542,2,normal
2026-03-30T01:48:50.000Z,4.9768,1.2015,124.4017,12.07,4.565,2,normal
2026-03-30T01:48:51.000Z,4.9792,1.2015,124.4444,12.76,4.48,2,normal
2026-03-30T01:48:52.000Z,4.9719,1.1941,124.4444,10.69,4.564,2,normal
2026-03-30T01:48:53.000Z,4.9792,1.1941,124.4444,7.1,4.461,2,normal
2026-03-30T01:48:54.000Z,4.9719,1.1978,124.5726,10.24,4.506,2,normal
2026-03-30T01:48:55.000Z,4.9792,1.2015,124.4872,10.01,4.418,2,normal
2026-03-30T01:48:56.000Z,4.9915,1.2051,124.6581,11.26,4.444,2,normal
2026-03-30T01:48:57.000Z,4.9792,1.1978,124.2308,8.86,4.472,2,normal
2026-03-30T01:48:58.000Z,4.9548,1.2125,124.5726,9.5,4.49,2,normal
2026-03-30T01:48:59.000Z,4.9719,1.1941,124.6154,10.01,4.451,2,normal
2026-03-30T01:49:00.000Z,4.9915,1.2015,124.5299,11.76,4.548,2,normal
2026-03-30T01:49:01.000Z,4.9768,1.1978,124.6154,9.29,4.489,2,normal
2026-03-30T01:49:02.000Z,4.9719,1.2015,124.6581,8.41,4.431,2,normal
2026-03-30T01:49:03.000Z,4.9744,1.2051,124.5299,9.97,4.496,2,normal
2026-03-30T01:49:04.000Z,4.9719,1.2015,124.4872,11.39,4.458,2,normal
2026-03-30T01:49:05.000Z,4.9768,1.2051,124.6581,9.51,4.544,2,normal
2026-03-30T01:49:06.000Z,4.9719,1.1941,124.7863,11.9,4.431,2,normal
2026-03-30T01:49:07.000Z,4.9695,1.2015,124.6154,10.07,4.447,2,normal
2026-03-30T01:49:08.000Z,4.9719,1.2051,124.2735,10.32,4.42,2,normal
2026-03-30T01:49:09.000Z,4.9475,1.2051,124.6154,10.42,4.554,2,normal
2026-03-30T01:49:10.000Z,4.9792,1.2015,124.188,9.49,4.435,2,normal
2026-03-30T01:49:11.000Z,4.9768,1.2088,124.359,8.94,4.535,2,normal
2026-03-30T01:49:12.000Z,4.9768,1.2015,124.4017,9.76,4.527,2,normal
2026-03-30T01:49:13.000Z,4.9451,1.1905,124.2308,8.47,4.528,2,normal
2026-03-30T01:49:14.000Z,4.9744,1.1978,124.3162,9.8,4.425,2,normal
2026-03-30T01:49:15.000Z,4.9768,1.1978,124.4872,8.79,4.556,2,normal
2026-03-30T01:49:16.000Z,4.9744,1.1905,124.5299,8.91,4.462,2,normal
2026-03-30T01:49:17.000Z,4.989,1.1978,124.5726,9.1,4.483,2,normal
2026-03-30T01:49:18.000Z,4.9768,1.2051,124.5726,10.36,4.517,2,normal
2026-03-30T01:49:19.000Z,4.9621,1.1978,124.4872,7.14,4.436,2,normal
2026-03-30T01:49:20.000Z,4.989,1.2015,124.3162,9.96,4.417,2,normal
2026-03-30T01:49:21.000Z,4.9719,1.2051,124.6154,10.33,4.419,2,normal
2026-03-30T01:49:22.000Z,4.9621,1.1978,124.188,9.84,4.568,2,normal
2026-03-30T01:49:23.000Z,4.9719,1.1978,124.4444,10.11,4.488,2,normal
2026-03-30T01:49:24.000Z,4.9695,1.1941,124.359,8.72,4.541,2,normal
2026-03-30T01:49:25.000Z,4.989,1.1905,124.359,12.84,4.509,2,normal
2026-03-30T01:49:26.000Z,4.9744,1.1978,124.4017,10.68,4.549,2,normal
2026-03-30T01:49:27.000Z,4.9841,1.1941,124.188,10.81,4.523,2,normal
2026-03-30T01:49:28.000Z,4.9817,1.1941,124.5299,10.33,4.504,2,normal
2026-03-30T01:49:29.000Z,4.989,1.2015,124.6581,10.65,4.573,2,normal
2026-03-30T01:49:30.000Z,4.989,1.2015,124.4872,8.86,4.424,2,normal
2026-03-30T01:49:31.000Z,4.9744,1.1978,124.5726,10.21,4.558,2,normal
2026-03-30T01:49:32.000Z,4.9817,1.1978,124.4444,12.09,4.554,2,normal
2026-03-30T01:49:33.000Z,4.9744,1.2015,124.5299,7.35,4.532,2,normal
2026-03-30T01:49:34.000Z,4.9695,1.2051,124.5726,9.65,4.561,2,normal
2026-03-30T01:49:35.000Z,4.9695,1.1941,124.188,10.46,4.548,2,normal
2026-03-30T01:49:36.000Z,4.967,1.2051,124.7436,9.47,4.491,2,normal
2026-03-30T01:49:37.000Z,4.9597,1.2051,124.188,10.39,4.545,2,normal
2026-03-30T01:49:38.000Z,4.9817,1.2051,124.2735,9.69,4.43,2,normal
2026-03-30T01:49:39.000Z,4.9792,1.1941,124.359,9.16,4.559,2,normal
2026-03-30T01:49:40.000Z,4.9866,1.2015,124.4872,10.17,4.509,2,normal
2026-03-30T01:49:41.000Z,4.9719,1.1978,124.5299,8.8,4.525,2,normal
2026-03-30T01:49:42.000Z,4.9744,1.2088,124.4017,7.83,4.574,2,normal
2026-03-30T01:49:43.000Z,4.9768,1.1941,124.4444,10.21,4.494,2,normal
2026-03-30T01:49:44.000Z,4.9719,1.2051,124.359,10.41,4.488,2,normal
2026-03-30T01:49:45.000Z,4.9841,1.2088,124.3162,9.61,4.56,2,normal
2026-03-30T01:49:46.000Z,4.9792,1.2088,124.4872,9.51,4.571,2,normal
2026-03-30T01:49:47.000Z,4.9548,1.2051,124.2735,12.21,4.571,2,normal
2026-03-30T01:49:48.000Z,4.9719,1.1941,124.4872,11.7,4.576,2,normal
2026-03-30T01:49:49.000Z,4.9768,1.1978,124.5726,10.16,4.543,2,normal
2026-03-30T01:49:50.000Z,4.9792,1.1905,124.2735,8.89,4.434,2,normal
2026-03-30T01:49:51.000Z,4.9915,1.2015,124.4872,11.68,4.477,2,normal
2026-03-30T01:49:52.000Z,4.9768,1.1978,124.6581,9.87,4.558,2,normal
2026-03-30T01:49:53.000Z,4.967,1.2015,124.7009,11.55,4.427,2,normal
2026-03-30T01:49:54.000Z,4.9744,1.2015,124.4872,9.35,4.549,2,normal
2026-03-30T01:49:55.000Z,4.9744,1.1941,124.7436,10.87,4.439,2,normal
2026-03-30T01:49:56.000Z,4.9744,1.2015,124.3162,9.48,4.558,2,normal
2026-03-30T01:49:57.000Z,4.9646,1.2051,124.2308,8.26,4.546,2,normal
2026-03-30T01:49:58.000Z,4.9792,1.2015,124.6581,10.01,4.498,2,normal
2026-03-30T01:49:59.000Z,4.9744,1.1978,124.5299,10.72,4.557,2,normal
2026-03-30T01:50:00.000Z,4.9768,1.1978,124.5299,11.4,4.534,2,normal
2026-03-30T01:50:01.000Z,4.9499,1.2015,124.2308,9.22,4.478,2,normal
2026-03-30T01:50:02.000Z,4.9817,1.1941,124.2735,8.13,4.476,2,normal
2026-03-30T01:50:03.000Z,4.9768,1.1905,124.2308,10.72,4.56,2,normal
2026-03-30T01:50:04.000Z,4.967,1.2015,124.6581,7.85,4.537,2,normal
2026-03-30T01:50:05.000Z,4.9866,1.1941,124.4444,9.85,4.5,2,normal
2026-03-30T01:50:06.000Z,4.989,1.1978,124.4017,9.85,4.443,2,normal
2026-03-30T01:50:07.000Z,4.9744,1.1978,124.1453,9.16,4.531,2,normal
2026-03-30T01:50:08.000Z,4.9695,1.2015,124.3162,10.52,4.457,2,normal
2026-03-30T01:50:09.000Z,4.9744,1.2015,124.4017,10.51,4.452,2,normal
2026-03-30T01:50:10.000Z,4.9621,1.1905,124.6581,9.58,4.566,2,normal
2026-03-30T01:50:11.000Z,4.9841,1.2051,124.6154,10.09,4.549,2,normal
2026-03-30T01:50:12.000Z,5.0012,1.1978,124.5726,9.78,4.531,2,normal
2026-03-30T01:50:13.000Z,4.9744,1.2015,124.5726,8.71,4.566,2,normal
2026-03-30T01:50:14.000Z,4.9768,1.2015,124.3162,9.03,4.533,2,normal
2026-03-30T01:50:15.000Z,4.9792,1.1978,124.2308,10.42,4.482,2,normal
2026-03-30T01:50:16.000Z,4.9719,1.2015,124.359,10.1,4.526,2,normal
2026-03-30T01:50:17.000Z,4.967,1.1978,124.4444,8.76,4.543,2,normal
2026-03-30T01:50:18.000Z,4.967,1.2051,124.4017,7.4,4.547,2,normal
2026-03-30T01:50:19.000Z,4.967,1.2015,124.4444,8.85,4.48,2,normal
2026-03-30T01:50:20.000Z,4.9744,1.1905,124.4017,9.85,4.471,2,normal
2026-03-30T01:50:21.000Z,4.9646,1.1941,124.359,12.04,4.565,2,normal
2026-03-30T01:50:22.000Z,4.9792,1.1978,124.6154,11.47,4.501,2,normal
2026-03-30T01:50:23.000Z,4.9744,1.1832,124.2735,9.79,4.49,2,normal
2026-03-30T01:50:24.000Z,4.9841,1.2015,124.4444,10.92,4.526,2,normal
2026-03-30T01:50:25.000Z,4.9719,1.1941,124.2308,10.62,4.51,2,normal
2026-03-30T01:50:26.000Z,4.9719,1.2015,124.2308,11.2,4.541,2,normal
2026-03-30T01:50:27.000Z,4.9792,1.2015,124.4444,9.26,4.483,2,normal
2026-03-30T01:50:28.000Z,4.9744,1.2015,124.5726,10.05,4.557,2,normal
2026-03-30T01:50:29.000Z,4.9792,1.2051,124.4444,10.8,4.577,2,normal
2026-03-30T01:50:30.000Z,4.9695,1.2051,124.5299,7.67,4.435,2,normal
2026-03-30T01:50:31.000Z,4.989,1.1978,124.7009,10.16,4.475,2,normal
2026-03-30T01:50:32.000Z,4.9768,1.1941,124.3162,9.68,4.437,2,normal
2026-03-30T01:50:33.000Z,4.9817,1.1941,124.4444,10.52,4.461,2,normal
2026-03-30T01:50:34.000Z,4.9817,1.1978,124.3162,11.1,4.568,2,normal
2026-03-30T01:50:35.000Z,4.9792,1.1941,124.4872,10.31,4.504,2,normal
2026-03-30T01:50:36.000Z,4.967,1.2051,124.359,9.08,4.469,2,normal
2026-03-30T01:50:37.000Z,4.9719,1.2051,124.8291,9.33,4.56,2,normal
2026-03-30T01:50:38.000Z,4.9695,1.2051,124.4017,8.32,4.509,2,normal
2026-03-30T01:50:39.000Z,4.9597,1.1941,124.4017,10.18,4.491,2,normal
2026-03-30T01:50:40.000Z,4.9744,1.2051,124.4017,9.46,4.424,2,normal
2026-03-30T01:50:41.000Z,4.9866,1.1978,124.6154,9.63,4.549,2,normal
2026-03-30T01:50:42.000Z,4.9719,1.2051,124.4444,7.8,4.466,2,normal
2026-03-30T01:50:43.000Z,4.9792,1.2015,124.2308,10.47,4.543,2,normal
2026-03-30T01:50:44.000Z,4.9646,1.2051,124.4017,10.92,4.475,2,normal
2026-03-30T01:50:45.000Z,4.9939,1.1941,124.7436,10.26,4.509,2,normal
2026-03-30T01:50:46.000Z,4.9573,1.2088,124.6154,10.54,4.42,2,normal
2026-03-30T01:50:47.000Z,4.9573,1.2051,124.2735,8.11,4.513,2,normal
2026-03-30T01:50:48.000Z,4.9817,1.1905,124.7009,8.37,4.537,2,normal
2026-03-30T01:50:49.000Z,4.9621,1.2051,124.6581,12.56,4.492,2,normal
2026-03-30T01:50:50.000Z,4.9792,1.2015,124.5299,7.84,4.519,2,normal
2026-03-30T01:50:51.000Z,4.9695,1.2051,124.2735,8.71,4.477,2,normal
2026-03-30T01:50:52.000Z,4.9597,1.1978,124.5726,8.71,4.448,2,normal
2026-03-30T01:50:53.000Z,4.9792,1.1978,124.6154,10.27,4.545,2,normal
2026-03-30T01:50:54.000Z,4.9597,1.1941,124.1026,10.89,4.461,2,normal
2026-03-30T01:50:55.000Z,4.967,1.1978,124.4444,11.4,4.432,2,normal
2026-03-30T01:50:56.000Z,4.9841,1.1978,124.4444,9.08,4.567,2,normal
2026-03-30T01:50:57.000Z,4.9695,1.1978,124.3162,11.51,4.559,2,normal
2026-03-30T01:50:58.000Z,4.9841,1.1978,124.7436,9.8,4.57,2,normal
2026-03-30T01:50:59.000Z,4.9792,1.2125,124.5726,10.15,4.514,2,normal
2026-03-30T01:51:00.000Z,4.9695,1.2015,124.4444,10.21,4.511,2,normal
2026-03-30T01:51:01.000Z,4.9719,1.1978,124.6581,9.67,4.461,2,normal
2026-03-30T01:51:02.000Z,4.9768,1.2015,124.8291,10.2,4.519,2,normal
2026-03-30T01:51:03.000Z,4.9768,1.1941,124.4017,9.55,4.469,2,normal
2026-03-30T01:51:04.000Z,4.9548,1.2051,124.3162,11.51,4.493,2,normal
2026-03-30T01:51:05.000Z,4.967,1.1978,124.359,10.54,4.48,2,normal
2026-03-30T01:51:06.000Z,4.9792,1.1941,124.3162,9.95,4.467,2,normal
2026-03-30T01:51:07.000Z,4.9744,1.1978,124.4017,9.95,4.562,2,normal
2026-03-30T01:51:08.000Z,4.9792,1.2015,124.4017,9.3,4.451,2,normal
2026-03-30T01:51:09.000Z,4.9597,1.2015,124.4872,10.52,4.492,2,normal
2026-03-30T01:51:10.000Z,4.9768,1.2015,124.5299,10.05,4.52,2,normal
2026-03-30T01:51:11.000Z,4.9841,1.2051,124.4872,8.57,4.508,2,normal
2026-03-30T01:51:12.000Z,4.9792,1.2015,124.3162,8.7,4.514,2,normal
2026-03-30T01:51:13.000Z,4.967,1.2051,124.6154,8.58,4.494,2,normal
2026-03-30T01:51:14.000Z,4.9963,1.1905,124.5299,9.02,4.513,2,normal
2026-03-30T01:51:15.000Z,4.9744,1.1978,124.4444,10.03,4.513,2,normal
2026-03-30T01:51:16.000Z,4.9841,1.1941,124.5726,9.02,4.543,2,normal
2026-03-30T01:51:17.000Z,4.989,1.2015,124.359,10.33,4.444,2,normal
2026-03-30T01:51:18.000Z,4.9719,1.2015,124.4872,9.6,4.446,2,normal
2026-03-30T01:51:19.000Z,4.9621,1.2051,124.5726,8.45,4.471,2,normal
2026-03-30T01:51:20.000Z,4.9768,1.1978,124.4872,10.73,4.48,2,normal
2026-03-30T01:51:21.000Z,4.9695,1.1978,124.5726,10.66,4.444,2,normal
2026-03-30T01:51:22.000Z,4.9573,1.1978,124.5299,10.13,4.442,2,normal
2026-03-30T01:51:23.000Z,4.9499,1.1978,124.3162,8.26,4.491,2,normal
2026-03-30T01:51:24.000Z,4.9939,1.2051,124.6581,9.61,4.498,2,normal
2026-03-30T01:51:25.000Z,4.9866,1.2051,124.4017,10.32,4.56,2,normal
2026-03-30T01:51:26.000Z,4.9646,1.1978,124.7436,11.13,4.429,2,normal
2026-03-30T01:51:27.000Z,4.9719,1.1978,124.5299,9.08,4.42,2,normal
2026-03-30T01:51:28.000Z,4.9646,1.1978,124.188,9.11,4.571,2,normal
2026-03-30T01:51:29.000Z,4.989,1.1868,124.3162,11.15,4.564,2,normal
2026-03-30T01:51:30.000Z,4.9695,1.1941,124.5726,10.76,4.495,2,normal
2026-03-30T01:51:31.000Z,4.9744,1.1978,124.359,9.9,4.462,2,normal
2026-03-30T01:51:32.000Z,4.9621,1.2015,124.5299,11.66,4.549,2,normal
2026-03-30T01:51:33.000Z,4.989,1.2015,124.3162,8.64,4.553,2,normal
2026-03-30T01:51:34.000Z,4.9939,1.2015,124.4017,10.23,4.481,2,normal
2026-03-30T01:51:35.000Z,4.9817,1.1978,124.4872,10.59,4.572,2,normal
2026-03-30T01:51:36.000Z,4.9573,1.1978,124.4872,9.82,4.535,2,normal
2026-03-30T01:51:37.000Z,4.9744,1.1978,124.6154,8.94,4.549,2,normal
2026-03-30T01:51:38.000Z,4.9866,1.1978,124.359,10.89,4.422,2,normal
2026-03-30T01:51:39.000Z,4.967,1.2015,124.7863,9.54,4.455,2,normal
2026-03-30T01:51:40.000Z,4.9695,1.1941,124.4444,9.37,4.461,2,normal
2026-03-30T01:51:41.000Z,4.9817,1.2015,124.4444,9.9,4.572,2,normal
2026-03-30T01:51:42.000Z,4.9792,1.1978,124.5299,10.95,4.564,2,normal
2026-03-30T01:51:43.000Z,4.9621,1.2015,124.2735,11.38,4.453,2,normal
2026-03-30T01:51:44.000Z,4.9768,1.2015,124.4444,10.13,4.485,2,normal
2026-03-30T01:51:45.000Z,4.9817,1.2015,124.4872,9.58,4.429,2,normal
2026-03-30T01:51:46.000Z,4.9695,1.1978,124.4872,9.53,4.42,2,normal
2026-03-30T01:51:47.000Z,4.967,1.1978,124.4872,8.88,4.574,2,normal
2026-03-30T01:51:48.000Z,4.9817,1.1941,124.4872,9.18,4.431,2,normal
2026-03-30T01:51:49.000Z,4.9744,1.2051,124.7009,9.34,4.563,2,normal
2026-03-30T01:51:50.000Z,4.9744,1.2015,124.4444,8.24,4.524,2,normal
2026-03-30T01:51:51.000Z,4.9695,1.2051,124.4872,10.36,4.504,2,normal
2026-03-30T01:51:52.000Z,5.011,1.1978,124.6154,11.2,4.49,2,normal
2026-03-30T01:51:53.000Z,4.9744,1.2051,124.4444,9.66,4.467,2,normal
2026-03-30T01:51:54.000Z,4.9915,1.1978,124.1453,10.47,4.504,2,normal
2026-03-30T01:51:55.000Z,4.9817,1.2125,124.2735,9.91,4.517,2,normal
2026-03-30T01:51:56.000Z,4.9866,1.2051,124.4872,11.33,4.474,2,normal
2026-03-30T01:51:57.000Z,4.9646,1.1978,124.4444,10.48,4.543,2,normal
2026-03-30T01:51:58.000Z,4.9817,1.2015,124.2735,8.74,4.506,2,normal
2026-03-30T01:51:59.000Z,4.9695,1.2015,124.5299,9.55,4.489,2,normal
2026-03-30T01:52:00.000Z,4.9646,1.1978,124.5299,9.16,4.55,2,normal
2026-03-30T01:52:01.000Z,4.9817,1.1978,124.3162,8.05,4.491,2,normal
2026-03-30T01:52:02.000Z,4.9817,1.1978,124.7009,10.08,4.526,2,normal
2026-03-30T01:52:03.000Z,4.9915,1.2088,124.4872,7.63,4.483,2,normal
2026-03-30T01:52:04.000Z,4.9817,1.2015,124.5726,9.52,4.534,2,normal
2026-03-30T01:52:05.000Z,4.9841,1.2088,124.3162,9.54,4.479,2,normal
2026-03-30T01:52:06.000Z,4.9768,1.2015,124.2735,7.92,4.527,2,normal
2026-03-30T01:52:07.000Z,4.9695,1.1978,124.8291,9.49,4.576,2,normal
2026-03-30T01:52:08.000Z,4.9573,1.2051,124.1026,8.54,4.524,2,normal
2026-03-30T01:52:09.000Z,4.9621,1.2051,124.5299,9.29,4.501,2,normal
2026-03-30T01:52:10.000Z,4.9841,1.1978,124.2735,10.06,4.522,2,normal
2026-03-30T01:52:11.000Z,4.9963,1.2015,124.4444,9.73,4.521,2,normal
2026-03-30T01:52:12.000Z,4.967,1.1978,124.6154,9.74,4.511,2,normal
2026-03-30T01:52:13.000Z,4.9866,1.1905,124.5299,8.82,4.52,2,normal
2026-03-30T01:52:14.000Z,4.9695,1.2051,124.4872,9.54,4.543,2,normal
2026-03-30T01:52:15.000Z,4.967,1.2015,124.3162,9.36,4.524,2,normal
2026-03-30T01:52:16.000Z,4.9963,1.2051,124.6581,10.11,4.433,2,normal
2026-03-30T01:52:17.000Z,4.9695,1.2015,124.4872,9.9,4.51,2,normal
2026-03-30T01:52:18.000Z,4.9817,1.2015,124.4017,9.48,4.548,2,normal
2026-03-30T01:52:19.000Z,4.9646,1.1978,124.3162,8.97,4.417,2,normal
2026-03-30T01:52:20.000Z,4.9744,1.1978,124.4017,9.92,4.436,2,normal
2026-03-30T01:52:21.000Z,4.9695,1.2015,124.3162,11.84,4.445,2,normal
2026-03-30T01:52:22.000Z,4.9768,1.2015,124.4444,9.16,4.523,2,normal
2026-03-30T01:52:23.000Z,4.9792,1.1941,124.2735,10.71,4.526,2,normal
2026-03-30T01:52:24.000Z,4.9768,1.2051,124.4872,10.8,4.577,2,normal
2026-03-30T01:52:25.000Z,4.9524,1.1978,124.4444,10.6,4.571,2,normal
2026-03-30T01:52:26.000Z,4.9915,1.2088,124.5299,9.04,4.501,2,normal
2026-03-30T01:52:27.000Z,4.9841,1.2051,124.4444,7.96,4.493,2,normal
2026-03-30T01:52:28.000Z,4.9792,1.1978,124.4444,11.17,4.486,2,normal
2026-03-30T01:52:29.000Z,4.9841,1.1905,124.5726,8.14,4.528,2,normal
2026-03-30T01:52:30.000Z,4.9768,1.2088,124.4017,12.18,4.561,2,normal
2026-03-30T01:52:31.000Z,4.9744,1.1941,124.4872,8.7,4.534,2,normal
2026-03-30T01:52:32.000Z,4.9744,1.1905,124.188,9.28,4.46,2,normal
2026-03-30T01:52:33.000Z,4.9621,1.2015,124.4017,10.55,4.435,2,normal
2026-03-30T01:52:34.000Z,4.9744,1.1941,124.4444,10.96,4.53,2,normal
2026-03-30T01:52:35.000Z,4.989,1.1978,124.5726,9.71,4.535,2,normal
2026-03-30T01:52:36.000Z,4.989,1.1941,124.3162,10.55,4.52,2,normal
2026-03-30T01:52:37.000Z,4.9768,1.2015,124.5726,10.41,4.493,2,normal
2026-03-30T01:52:38.000Z,4.9817,1.1905,124.4017,9.4,4.451,2,normal
2026-03-30T01:52:39.000Z,4.9695,1.2088,124.6154,10.22,4.432,2,normal
2026-03-30T01:52:40.000Z,4.9768,1.2051,124.4017,6.64,4.491,2,normal
2026-03-30T01:52:41.000Z,4.9646,1.1978,124.5726,7.06,4.419,2,normal
2026-03-30T01:52:42.000Z,4.9841,1.1905,124.4017,9.74,4.537,2,normal
2026-03-30T01:52:43.000Z,4.9792,1.2015,124.359,9.91,4.514,2,normal
2026-03-30T01:52:44.000Z,4.9866,1.2051,124.4017,7.27,4.449,2,normal
2026-03-30T01:52:45.000Z,4.9695,1.1978,124.5299,8.92,4.449,2,normal
2026-03-30T01:52:46.000Z,4.9719,1.2051,124.359,10.6,4.421,2,normal
2026-03-30T01:52:47.000Z,4.9841,1.1941,124.4017,9.62,4.442,2,normal
2026-03-30T01:52:48.000Z,4.9988,1.1941,124.359,10.11,4.494,2,normal
2026-03-30T01:52:49.000Z,4.9866,1.1905,124.4872,9.96,4.506,2,normal
2026-03-30T01:52:50.000Z,4.9426,1.1978,124.4017,8.92,4.524,2,normal
2026-03-30T01:52:51.000Z,4.967,1.1941,124.5299,9.82,4.533,2,normal
2026-03-30T01:52:52.000Z,4.9768,1.2015,124.6581,10.51,4.521,2,normal
2026-03-30T01:52:53.000Z,4.9744,1.1978,124.5726,8.46,4.508,2,normal
2026-03-30T01:52:54.000Z,4.9866,1.2015,124.6154,9.57,4.475,2,normal
2026-03-30T01:52:55.000Z,4.9792,1.2015,124.5299,9.1,4.486,2,normal
2026-03-30T01:52:56.000Z,4.9841,1.2088,124.5299,10.35,4.512,2,normal
2026-03-30T01:52:57.000Z,4.9817,1.2051,124.4017,10.11,4.427,2,normal
2026-03-30T01:52:58.000Z,4.9792,1.1978,124.2308,12.6,4.543,2,normal
2026-03-30T01:52:59.000Z,4.9646,1.1978,124.4444,9.06,4.474,2,normal
2026-03-30T01:53:00.000Z,4.967,1.1941,124.5299,10.42,4.483,2,normal
2026-03-30T01:53:01.000Z,4.989,1.2051,124.5299,12.34,4.544,2,normal
2026-03-30T01:53:02.000Z,4.967,1.1978,124.5299,9.66,4.519,2,normal
2026-03-30T01:53:03.000Z,4.9744,1.2015,124.4017,13.12,4.5,2,normal
2026-03-30T01:53:04.000Z,4.9646,1.2051,124.188,10.93,4.55,2,normal
2026-03-30T01:53:05.000Z,4.967,1.1905,124.5299,11.01,4.482,2,normal
2026-03-30T01:53:06.000Z,4.9841,1.1941,124.188,9.27,4.457,2,normal
2026-03-30T01:53:07.000Z,4.9768,1.1941,124.4444,10.01,4.543,2,normal
2026-03-30T01:53:08.000Z,4.9792,1.2088,124.359,10.96,4.555,2,normal
2026-03-30T01:53:09.000Z,4.9792,1.2015,124.188,10.28,4.447,2,normal
2026-03-30T01:53:10.000Z,4.9768,1.1978,124.7009,10.6,4.491,2,normal
2026-03-30T01:53:11.000Z,4.9695,1.1978,124.5726,9.05,4.448,2,normal
2026-03-30T01:53:12.000Z,4.9866,1.1941,124.5726,11.11,4.528,2,normal
2026-03-30T01:53:13.000Z,4.9744,1.1905,124.2735,9.13,4.473,2,normal
2026-03-30T01:53:14.000Z,4.9768,1.1978,124.359,10.02,4.513,2,normal
2026-03-30T01:53:15.000Z,4.9744,1.1978,124.5726,8.13,4.561,2,normal
2026-03-30T01:53:16.000Z,4.9719,1.2015,124.4017,9.68,4.547,2,normal
2026-03-30T01:53:17.000Z,4.989,1.1978,124.4872,9.22,4.513,2,normal
2026-03-30T01:53:18.000Z,4.9719,1.1978,124.2308,10.73,4.437,2,normal
2026-03-30T01:53:19.000Z,4.9792,1.2015,124.2735,11.65,4.478,2,normal
2026-03-30T01:53:20.000Z,4.9719,1.1978,124.4444,10.32,4.534,2,normal
2026-03-30T01:53:21.000Z,4.9817,1.2051,124.3162,12.48,4.491,2,normal
2026-03-30T01:53:22.000Z,5.0012,1.2015,124.2735,10.65,4.464,2,normal
2026-03-30T01:53:23.000Z,4.9768,1.2051,124.6154,11.79,4.484,2,normal
2026-03-30T01:53:24.000Z,4.9841,1.2015,124.4872,10.2,4.557,2,normal
2026-03-30T01:53:25.000Z,4.9817,1.2015,124.5726,12.14,4.575,2,normal
2026-03-30T01:53:26.000Z,4.9939,1.2015,124.6154,10.59,4.556,2,normal
2026-03-30T01:53:27.000Z,4.9744,1.2015,124.359,10.91,4.421,2,normal
2026-03-30T01:53:28.000Z,4.9866,1.2015,124.4444,9.31,4.561,2,normal
2026-03-30T01:53:29.000Z,4.9695,1.1978,124.4017,10.79,4.44,2,normal
2026-03-30T01:53:30.000Z,4.9817,1.1978,124.6154,11.4,4.465,2,normal
2026-03-30T01:53:31.000Z,4.9719,1.1978,124.3162,11.73,4.429,2,normal
2026-03-30T01:53:32.000Z,4.9695,1.2015,124.2308,11.26,4.463,2,normal
2026-03-30T01:53:33.000Z,4.9817,1.1978,124.4872,10.38,4.435,2,normal
2026-03-30T01:53:34.000Z,4.9744,1.1978,124.6154,8.26,4.446,2,normal
2026-03-30T01:53:35.000Z,4.9866,1.2015,124.4444,11.25,4.496,2,normal
2026-03-30T01:53:36.000Z,4.9792,1.1978,124.359,8.83,4.52,2,normal
2026-03-30T01:53:37.000Z,4.967,1.1905,124.3162,9.88,4.507,2,normal
2026-03-30T01:53:38.000Z,4.9817,1.2051,124.5299,9.9,4.547,2,normal
2026-03-30T01:53:39.000Z,5.0037,1.1941,124.4444,8.19,4.451,2,normal
2026-03-30T01:53:40.000Z,4.9963,1.2015,124.4017,11.42,4.453,2,normal
2026-03-30T01:53:41.000Z,4.9866,1.2015,124.359,9.39,4.467,2,normal
2026-03-30T01:53:42.000Z,4.9792,1.1978,124.4872,9.37,4.457,2,normal
2026-03-30T01:53:43.000Z,4.9744,1.2015,124.7863,11.25,4.522,2,normal
2026-03-30T01:53:44.000Z,4.967,1.2015,124.5299,10.56,4.425,2,normal
2026-03-30T01:53:45.000Z,4.9719,1.1978,124.4872,11.06,4.485,2,normal
2026-03-30T01:53:46.000Z,4.9621,1.2015,124.4444,10.04,4.547,2,normal
2026-03-30T01:53:47.000Z,4.9695,1.1978,124.359,7.3,4.514,2,normal
2026-03-30T01:53:48.000Z,4.9719,1.2015,124.5299,9.56,4.564,2,normal
2026-03-30T01:53:49.000Z,4.967,1.2051,124.2735,10.06,4.484,2,normal
2026-03-30T01:53:50.000Z,4.9695,1.2051,124.5299,10.64,4.434,2,normal
2026-03-30T01:53:51.000Z,4.9719,1.2088,124.5726,12.59,4.431,2,normal
2026-03-30T01:53:52.000Z,4.9817,1.1978,124.7863,9.21,4.576,2,normal
2026-03-30T01:53:53.000Z,4.9963,1.1941,124.6581,9.09,4.577,2,normal
2026-03-30T01:53:54.000Z,4.9573,1.1978,124.7009,9.49,4.447,2,normal
2026-03-30T01:53:55.000Z,4.9695,1.1978,124.188,11.58,4.503,2,normal
2026-03-30T01:53:56.000Z,4.9792,1.1941,124.4872,10.14,4.478,2,normal
2026-03-30T01:53:57.000Z,4.967,1.2051,124.3162,9.53,4.458,2,normal
2026-03-30T01:53:58.000Z,4.9768,1.2015,124.5299,10.08,4.552,2,normal
2026-03-30T01:53:59.000Z,4.9841,1.1978,124.5726,9.26,4.496,2,normal
2026-03-30T01:54:00.000Z,4.9963,1.2015,124.4872,9.66,4.573,2,normal
2026-03-30T01:54:01.000Z,4.9719,1.1978,124.4017,7.73,4.535,2,normal
2026-03-30T01:54:02.000Z,4.9621,1.1941,124.4017,10.12,4.492,2,normal
2026-03-30T01:54:03.000Z,4.9841,1.2051,124.188,8.72,4.512,2,normal
2026-03-30T01:54:04.000Z,4.9817,1.1978,124.5299,11.02,4.509,2,normal
2026-03-30T01:54:05.000Z,4.9646,1.1905,124.359,9.37,4.479,2,normal
2026-03-30T01:54:06.000Z,4.9817,1.1978,124.3162,9.31,4.474,2,normal
2026-03-30T01:54:07.000Z,4.9841,1.1978,124.4872,9.4,4.417,2,normal
2026-03-30T01:54:08.000Z,4.9939,1.1868,124.4017,8.52,4.47,2,normal
2026-03-30T01:54:09.000Z,4.9597,1.2051,124.5726,8.89,4.541,2,normal
2026-03-30T01:54:10.000Z,4.9646,1.2051,124.3162,9.56,4.419,2,normal
2026-03-30T01:54:11.000Z,4.9719,1.1978,124.4017,11.06,4.563,2,normal
2026-03-30T01:54:12.000Z,4.9768,1.2051,124.6581,8.22,4.432,2,normal
2026-03-30T01:54:13.000Z,4.9792,1.1941,124.5726,10.98,4.478,2,normal
2026-03-30T01:54:14.000Z,4.9695,1.2015,124.5299,10.03,4.543,2,normal
2026-03-30T01:54:15.000Z,4.9695,1.1978,124.5299,11.19,4.575,2,normal
2026-03-30T01:54:16.000Z,4.9719,1.1978,124.4017,10.33,4.442,2,normal
2026-03-30T01:54:17.000Z,4.9841,1.2015,124.4444,7.93,4.568,2,normal
2026-03-30T01:54:18.000Z,4.9915,1.1978,124.3162,8.65,4.524,2,normal
2026-03-30T01:54:19.000Z,4.989,1.1941,124.3162,10.04,4.555,2,normal
2026-03-30T01:54:20.000Z,4.9939,1.2015,124.4444,8.84,4.563,2,normal
2026-03-30T01:54:21.000Z,4.9792,1.2015,124.4872,10.78,4.548,2,normal
2026-03-30T01:54:22.000Z,4.9744,1.1941,124.359,10.24,4.519,2,normal
2026-03-30T01:54:23.000Z,4.9817,1.1978,124.6154,10.53,4.443,2,normal
2026-03-30T01:54:24.000Z,4.9792,1.2051,124.2308,8.93,4.505,2,normal
2026-03-30T01:54:25.000Z,4.9451,1.1978,124.4872,10.48,4.544,2,normal
2026-03-30T01:54:26.000Z,4.9817,1.2088,124.359,7.83,4.506,2,normal
2026-03-30T01:54:27.000Z,4.9768,1.2015,124.5299,11.25,4.46,2,normal
2026-03-30T01:54:28.000Z,4.9768,1.1978,124.4017,10.35,4.508,2,normal
2026-03-30T01:54:29.000Z,4.9792,1.2051,124.5299,11.04,4.468,2,normal
2026-03-30T01:54:30.000Z,4.9719,1.1978,124.5299,8.89,4.531,2,normal
2026-03-30T01:54:31.000Z,4.9988,1.2015,124.5726,9.08,4.456,2,normal
2026-03-30T01:54:32.000Z,4.9841,1.2015,124.5299,10.14,4.487,2,normal
2026-03-30T01:54:33.000Z,4.9841,1.1978,124.5299,9.84,4.481,2,normal
2026-03-30T01:54:34.000Z,4.9841,1.1978,124.4872,10.11,4.513,2,normal
2026-03-30T01:54:35.000Z,4.9744,1.2015,124.359,10.41,4.477,2,normal
2026-03-30T01:54:36.000Z,4.9866,1.2015,124.359,8.36,4.526,2,normal
2026-03-30T01:54:37.000Z,4.9768,1.2015,124.5299,9.76,4.431,2,normal
2026-03-30T01:54:38.000Z,4.9695,1.2015,124.5726,9.86,4.551,2,normal
2026-03-30T01:54:39.000Z,4.9695,1.1941,124.4872,9.84,4.462,2,normal
2026-03-30T01:54:40.000Z,4.9744,1.1905,124.359,10.84,4.485,2,normal
2026-03-30T01:54:41.000Z,4.9621,1.1905,124.359,7.96,4.431,2,normal
2026-03-30T01:54:42.000Z,4.9792,1.2015,124.2735,10.02,4.561,2,normal
2026-03-30T01:54:43.000Z,4.9768,1.1941,124.5726,10.83,4.533,2,normal
2026-03-30T01:54:44.000Z,4.989,1.2015,124.1453,8.55,4.55,2,normal
2026-03-30T01:54:45.000Z,4.9963,1.1941,124.2735,10.57,4.462,2,normal
2026-03-30T01:54:46.000Z,4.9744,1.1978,124.4444,12.81,4.435,2,normal
2026-03-30T01:54:47.000Z,4.9939,1.1978,124.3162,10.91,4.533,2,normal
2026-03-30T01:54:48.000Z,4.989,1.2051,124.7009,11.16,4.51,2,normal
2026-03-30T01:54:49.000Z,4.9817,1.2051,124.4017,10.34,4.536,2,normal
2026-03-30T01:54:50.000Z,4.9841,1.1941,124.4872,7.94,4.45,2,normal
2026-03-30T01:54:51.000Z,4.9499,1.1978,124.2735,11.37,4.467,2,normal
2026-03-30T01:54:52.000Z,4.9744,1.2051,124.4872,10.03,4.42,2,normal
2026-03-30T01:54:53.000Z,4.989,1.2051,124.6581,10.02,4.533,2,normal
2026-03-30T01:54:54.000Z,5.011,1.1978,124.2308,8.84,4.544,2,normal
2026-03-30T01:54:55.000Z,4.9768,1.2088,124.359,8.81,4.483,2,normal
2026-03-30T01:54:56.000Z,5.0037,1.1978,124.359,8.96,4.436,2,normal
2026-03-30T01:54:57.000Z,4.9573,1.1978,124.359,9.43,4.445,2,normal
2026-03-30T01:54:58.000Z,4.9866,1.1978,124.4444,11.02,4.443,2,normal
2026-03-30T01:54:59.000Z,4.9792,1.2015,124.4872,11.91,4.57,2,normal
2026-03-30T01:55:00.000Z,4.9768,1.1978,124.359,9.97,4.476,2,normal
2026-03-30T01:55:01.000Z,4.9841,1.2051,124.5299,9.76,4.56,2,normal
2026-03-30T01:55:02.000Z,4.9646,1.1978,124.188,7.0,4.463,2,normal
2026-03-30T01:55:03.000Z,4.9621,1.1941,124.188,11.03,4.515,2,normal
2026-03-30T01:55:04.000Z,4.9817,1.1941,124.7009,9.42,4.549,2,normal
2026-03-30T01:55:05.000Z,4.9695,1.1978,124.4017,10.68,4.468,2,normal
2026-03-30T01:55:06.000Z,4.989,1.2015,124.4872,9.96,4.476,2,normal
2026-03-30T01:55:07.000Z,4.9817,1.2051,124.4444,8.28,4.501,2,normal
2026-03-30T01:55:08.000Z,4.9768,1.1978,124.3162,12.25,4.542,2,normal
2026-03-30T01:55:09.000Z,4.9768,1.1905,124.3162,9.96,4.538,2,normal
2026-03-30T01:55:10.000Z,4.9866,1.1905,124.6154,11.82,4.537,2,normal
2026-03-30T01:55:11.000Z,4.9646,1.1978,124.2735,10.11,4.519,2,normal
2026-03-30T01:55:12.000Z,4.9792,1.2051,124.4444,10.84,4.421,2,normal
2026-03-30T01:55:13.000Z,4.967,1.2051,124.4872,10.48,4.531,2,normal
2026-03-30T01:55:14.000Z,4.9646,1.1978,124.5299,12.11,4.425,2,normal
2026-03-30T01:55:15.000Z,4.9866,1.2015,124.4872,10.82,4.536,2,normal
2026-03-30T01:55:16.000Z,4.9744,1.1978,124.4017,9.4,4.558,2,normal
2026-03-30T01:55:17.000Z,4.9841,1.2015,124.4017,10.8,4.52,2,normal
2026-03-30T01:55:18.000Z,4.9597,1.1978,124.4017,9.18,4.437,2,normal
2026-03-30T01:55:19.000Z,4.9719,1.1978,124.3162,8.57,4.563,2,normal
2026-03-30T01:55:20.000Z,4.9719,1.1905,124.7009,11.04,4.502,2,normal
2026-03-30T01:55:21.000Z,4.9744,1.1978,124.3162,9.27,4.468,2,normal
2026-03-30T01:55:22.000Z,4.9621,1.2051,124.5726,10.48,4.508,2,normal
2026-03-30T01:55:23.000Z,4.9719,1.2015,124.359,10.07,4.566,2,normal
2026-03-30T01:55:24.000Z,4.9841,1.1978,124.4872,9.06,4.558,2,normal
2026-03-30T01:55:25.000Z,4.989,1.2088,124.359,11.51,4.45,2,normal
2026-03-30T01:55:26.000Z,4.9695,1.2015,124.3162,10.39,4.561,2,normal
2026-03-30T01:55:27.000Z,4.9719,1.1941,124.6154,11.03,4.429,2,normal
2026-03-30T01:55:28.000Z,4.9939,1.1978,124.7009,8.98,4.509,2,normal
2026-03-30T01:55:29.000Z,4.9597,1.1905,124.6581,9.22,4.56,2,normal
2026-03-30T01:55:30.000Z,4.9695,1.1941,124.3162,9.59,4.548,2,normal
2026-03-30T01:55:31.000Z,4.9548,1.1978,124.1453,9.3,4.483,2,normal
2026-03-30T01:55:32.000Z,4.9841,1.1978,124.4872,9.88,4.53,2,normal
2026-03-30T01:55:33.000Z,4.989,1.2015,124.2308,9.76,4.47,2,normal
2026-03-30T01:55:34.000Z,4.9744,1.1978,124.4017,10.69,4.567,2,normal
2026-03-30T01:55:35.000Z,4.9817,1.1941,124.5299,8.94,4.419,2,normal
2026-03-30T01:55:36.000Z,4.9768,1.2051,124.359,10.82,4.507,2,normal
2026-03-30T01:55:37.000Z,4.9768,1.1905,124.3162,10.19,4.418,2,normal
2026-03-30T01:55:38.000Z,4.9744,1.2015,124.2308,10.93,4.482,2,normal
2026-03-30T01:55:39.000Z,4.9817,1.1941,124.5299,10.43,4.492,2,normal
2026-03-30T01:55:40.000Z,4.9695,1.1941,124.359,10.16,4.533,2,normal
2026-03-30T01:55:41.000Z,4.989,1.1978,124.5726,10.28,4.545,2,normal
2026-03-30T01:55:42.000Z,4.9621,1.1978,124.6581,9.13,4.538,2,normal
2026-03-30T01:55:43.000Z,4.9768,1.1978,124.4444,8.87,4.501,2,normal
2026-03-30T01:55:44.000Z,4.967,1.1978,124.4444,8.8,4.537,2,normal
2026-03-30T01:55:45.000Z,4.989,1.2015,124.359,10.88,4.482,2,normal
2026-03-30T01:55:46.000Z,4.9841,1.1978,124.6154,9.72,4.457,2,normal
2026-03-30T01:55:47.000Z,4.9768,1.2051,124.4872,7.98,4.525,2,normal
2026-03-30T01:55:48.000Z,4.967,1.1978,124.4444,8.83,4.439,2,normal
2026-03-30T01:55:49.000Z,4.9792,1.2125,124.5726,8.42,4.558,2,normal
2026-03-30T01:55:50.000Z,4.9719,1.2051,124.4444,9.28,4.43,2,normal
2026-03-30T01:55:51.000Z,4.9768,1.2015,124.2735,9.08,4.478,2,normal
2026-03-30T01:55:52.000Z,4.9817,1.1941,124.4017,7.64,4.465,2,normal
2026-03-30T01:55:53.000Z,4.9792,1.1978,124.4872,11.06,4.553,2,normal
2026-03-30T01:55:54.000Z,4.9719,1.2015,124.359,9.89,4.526,2,normal
2026-03-30T01:55:55.000Z,4.9646,1.1978,124.2735,8.46,4.574,2,normal
2026-03-30T01:55:56.000Z,4.9768,1.1978,124.5726,10.7,4.528,2,normal
2026-03-30T01:55:57.000Z,4.9719,1.2015,124.4444,11.59,4.535,2,normal
2026-03-30T01:55:58.000Z,4.9866,1.2051,124.6154,9.6,4.49,2,normal
2026-03-30T01:55:59.000Z,4.9841,1.2088,124.6581,10.53,4.543,2,normal
2026-03-30T01:56:00.000Z,4.9866,1.1941,124.4872,9.86,4.49,2,normal
2026-03-30T01:56:01.000Z,4.9817,1.2015,124.6581,8.9,4.464,2,normal
2026-03-30T01:56:02.000Z,4.9695,1.1978,124.5299,9.77,4.475,2,normal
2026-03-30T01:56:03.000Z,4.9621,1.1941,124.5299,9.84,4.562,2,normal
2026-03-30T01:56:04.000Z,4.9646,1.2015,124.7436,10.2,4.514,2,normal
2026-03-30T01:56:05.000Z,4.9792,1.1978,124.3162,9.44,4.532,2,normal
2026-03-30T01:56:06.000Z,4.9817,1.1941,124.359,10.39,4.497,2,normal
2026-03-30T01:56:07.000Z,4.9744,1.1978,124.8291,7.97,4.482,2,normal
2026-03-30T01:56:08.000Z,4.9646,1.1941,124.5726,8.39,4.509,2,normal
2026-03-30T01:56:09.000Z,4.9573,1.2051,124.5726,9.5,4.509,2,normal
2026-03-30T01:56:10.000Z,4.9939,1.2015,124.4444,11.95,4.546,2,normal
2026-03-30T01:56:11.000Z,4.967,1.1905,124.4444,10.12,4.483,2,normal
2026-03-30T01:56:12.000Z,4.9866,1.2015,124.2735,11.25,4.55,2,normal
2026-03-30T01:56:13.000Z,4.9841,1.2015,124.4017,7.01,4.563,2,normal
2026-03-30T01:56:14.000Z,4.9621,1.2051,124.4017,10.44,4.473,2,normal
2026-03-30T01:56:15.000Z,4.9817,1.2051,124.3162,12.4,4.506,2,normal
2026-03-30T01:56:16.000Z,4.9621,1.2015,124.3162,6.93,4.538,2,normal
2026-03-30T01:56:17.000Z,4.967,1.2015,124.4872,9.93,4.542,2,normal
2026-03-30T01:56:18.000Z,4.9841,1.2051,124.6581,10.13,4.508,2,normal
2026-03-30T01:56:19.000Z,4.9817,1.2051,124.4017,10.15,4.502,2,normal
2026-03-30T01:56:20.000Z,4.9768,1.2015,124.6154,9.91,4.562,2,normal
2026-03-30T01:56:21.000Z,4.9621,1.1978,124.7436,8.52,4.508,2,normal
2026-03-30T01:56:22.000Z,4.9744,1.2015,124.5299,8.37,4.486,2,normal
2026-03-30T01:56:23.000Z,4.967,1.2015,124.5726,10.57,4.421,2,normal
2026-03-30T01:56:24.000Z,4.9695,1.2015,124.4017,8.51,4.575,2,normal
2026-03-30T01:56:25.000Z,4.9841,1.2051,124.359,9.85,4.508,2,normal
2026-03-30T01:56:26.000Z,4.967,1.1978,124.4017,8.99,4.546,2,normal
2026-03-30T01:56:27.000Z,4.9597,1.1941,124.6154,9.2,4.424,2,normal
2026-03-30T01:56:28.000Z,4.9939,1.2015,124.4444,10.68,4.479,2,normal
2026-03-30T01:56:29.000Z,4.9744,1.2161,124.4444,8.63,4.46,2,normal
2026-03-30T01:56:30.000Z,4.9817,1.1905,124.3162,9.44,4.454,2,normal
2026-03-30T01:56:31.000Z,4.9621,1.1941,124.3162,9.68,4.502,2,normal
2026-03-30T01:56:32.000Z,4.9792,1.2015,124.5299,10.38,4.572,2,normal
2026-03-30T01:56:33.000Z,4.967,1.2015,124.5299,9.48,4.461,2,normal
2026-03-30T01:56:34.000Z,4.9768,1.2015,124.2735,9.91,4.468,2,normal
2026-03-30T01:56:35.000Z,4.9768,1.2015,124.4872,10.39,4.437,2,normal
2026-03-30T01:56:36.000Z,4.9915,1.1978,124.359,9.65,4.419,2,normal
2026-03-30T01:56:37.000Z,4.9695,1.2088,124.6581,9.36,4.491,2,normal
2026-03-30T01:56:38.000Z,4.9744,1.1978,124.1026,11.01,4.535,2,normal
2026-03-30T01:56:39.000Z,4.9841,1.1941,124.4872,9.89,4.481,2,normal
2026-03-30T01:56:40.000Z,4.967,1.1978,124.2308,9.58,4.512,2,normal
2026-03-30T01:56:41.000Z,4.9792,1.1868,124.5299,9.34,4.478,2,normal
2026-03-30T01:56:42.000Z,4.9792,1.2088,124.5726,11.73,4.474,2,normal
2026-03-30T01:56:43.000Z,4.9866,1.1941,124.6154,8.63,4.531,2,normal
2026-03-30T01:56:44.000Z,4.9792,1.2088,124.4444,11.15,4.522,2,normal
2026-03-30T01:56:45.000Z,4.9841,1.1978,124.5299,11.7,4.509,2,normal
2026-03-30T01:56:46.000Z,4.9866,1.2015,124.5726,10.17,4.508,2,normal
2026-03-30T01:56:47.000Z,4.9646,1.1941,124.2735,8.83,4.452,2,normal
2026-03-30T01:56:48.000Z,4.9695,1.1941,124.4872,9.54,4.484,2,normal
2026-03-30T01:56:49.000Z,4.9792,1.2051,124.188,10.16,4.548,2,normal
2026-03-30T01:56:50.000Z,4.9646,1.2088,124.5726,8.96,4.552,2,normal
2026-03-30T01:56:51.000Z,4.9646,1.2015,124.6581,9.73,4.453,2,normal
2026-03-30T01:56:52.000Z,4.9597,1.1941,124.1453,9.35,4.461,2,normal
2026-03-30T01:56:53.000Z,4.9621,1.2015,124.359,9.91,4.448,2,normal
2026-03-30T01:56:54.000Z,4.9915,1.1978,124.4872,9.55,4.516,2,normal
2026-03-30T01:56:55.000Z,4.967,1.2051,124.4017,9.91,4.478,2,normal
2026-03-30T01:56:56.000Z,4.9744,1.1941,124.1453,9.97,4.464,2,normal
2026-03-30T01:56:57.000Z,4.9792,1.2015,124.5726,12.01,4.434,2,normal
2026-03-30T01:56:58.000Z,4.9646,1.2051,124.5299,10.31,4.49,2,normal
2026-03-30T01:56:59.000Z,4.967,1.1868,124.5726,8.02,4.543,2,normal
2026-03-30T01:57:00.000Z,4.9646,1.1941,124.5299,8.67,4.558,2,normal
2026-03-30T01:57:01.000Z,4.9792,1.2161,124.5299,9.22,4.468,2,normal
2026-03-30T01:57:02.000Z,4.9768,1.1905,124.4444,9.82,4.446,2,normal
2026-03-30T01:57:03.000Z,4.9744,1.1941,124.4444,10.42,4.495,2,normal
2026-03-30T01:57:04.000Z,4.9768,1.1978,124.2735,9.11,4.511,2,normal
2026-03-30T01:57:05.000Z,4.9719,1.1941,124.4017,11.57,4.491,2,normal
2026-03-30T01:57:06.000Z,4.9866,1.1941,124.5299,9.33,4.569,2,normal
2026-03-30T01:57:07.000Z,4.9719,1.1978,124.4444,8.86,4.489,2,normal
2026-03-30T01:57:08.000Z,4.967,1.1978,124.4872,6.84,4.465,2,normal
2026-03-30T01:57:09.000Z,4.9597,1.1868,124.5726,9.24,4.47,2,normal
2026-03-30T01:57:10.000Z,4.9621,1.2051,124.4444,9.38,4.425,2,normal
2026-03-30T01:57:11.000Z,4.9841,1.2088,124.6154,9.28,4.434,2,normal
2026-03-30T01:57:12.000Z,4.9866,1.1941,124.6581,10.04,4.455,2,normal
2026-03-30T01:57:13.000Z,4.9719,1.1941,124.4872,10.11,4.485,2,normal
2026-03-30T01:57:14.000Z,4.9744,1.2051,124.7009,10.36,4.557,2,normal
2026-03-30T01:57:15.000Z,4.9768,1.1978,124.4872,9.38,4.535,2,normal
2026-03-30T01:57:16.000Z,4.9744,1.2015,124.7436,11.15,4.532,2,normal
2026-03-30T01:57:17.000Z,4.9866,1.1941,124.5299,9.81,4.457,2,normal
2026-03-30T01:57:18.000Z,4.9646,1.2015,124.2735,9.16,4.526,2,normal
2026-03-30T01:57:19.000Z,4.9621,1.1978,124.6154,9.5,4.519,2,normal
2026-03-30T01:57:20.000Z,4.9719,1.2015,124.5299,8.63,4.472,2,normal
2026-03-30T01:57:21.000Z,4.9939,1.1978,124.359,10.95,4.5,2,normal
2026-03-30T01:57:22.000Z,4.9744,1.2015,124.5299,11.23,4.549,2,normal
2026-03-30T01:57:23.000Z,4.9817,1.1978,124.4872,11.59,4.557,2,normal
2026-03-30T01:57:24.000Z,4.9792,1.2051,124.4872,10.77,4.524,2,normal
2026-03-30T01:57:25.000Z,4.9597,1.1941,124.4872,7.54,4.478,2,normal
2026-03-30T01:57:26.000Z,4.967,1.1978,124.8291,11.15,4.549,2,normal
2026-03-30T01:57:27.000Z,4.967,1.1978,124.9573,9.8,4.531,2,normal
2026-03-30T01:57:28.000Z,5.0012,1.1905,124.188,10.16,4.534,2,normal
2026-03-30T01:57:29.000Z,4.967,1.2125,124.4017,11.85,4.447,2,normal
2026-03-30T01:57:30.000Z,4.9866,1.2015,124.6154,11.25,4.462,2,normal
2026-03-30T01:57:31.000Z,4.9597,1.2051,124.4872,12.5,4.454,2,normal
2026-03-30T01:57:32.000Z,4.9744,1.2051,124.2308,8.36,4.552,2,normal
2026-03-30T01:57:33.000Z,4.9817,1.1905,124.5299,8.77,4.432,2,normal
2026-03-30T01:57:34.000Z,4.9768,1.1978,124.359,10.15,4.502,2,normal
2026-03-30T01:57:35.000Z,4.9866,1.1868,124.5726,9.41,4.455,2,normal
2026-03-30T01:57:36.000Z,4.9768,1.2015,124.4872,9.2,4.453,2,normal
2026-03-30T01:57:37.000Z,4.9963,1.1941,124.5726,9.85,4.447,2,normal
2026-03-30T01:57:38.000Z,4.9573,1.2125,124.3162,10.02,4.509,2,normal
2026-03-30T01:57:39.000Z,4.9524,1.1978,124.4872,10.28,4.551,2,normal
2026-03-30T01:57:40.000Z,4.9768,1.1978,124.2308,9.39,4.439,2,normal
2026-03-30T01:57:41.000Z,4.967,1.1978,124.4444,9.75,4.504,2,normal
2026-03-30T01:57:42.000Z,4.9719,1.1978,124.5726,11.45,4.466,2,normal
2026-03-30T01:57:43.000Z,4.9866,1.1905,124.2735,9.47,4.501,2,normal
2026-03-30T01:57:44.000Z,4.989,1.2015,124.5299,8.72,4.445,2,normal
2026-03-30T01:57:45.000Z,4.967,1.1978,124.2735,11.07,4.556,2,normal
2026-03-30T01:57:46.000Z,4.9817,1.1978,124.4872,10.39,4.553,2,normal
2026-03-30T01:57:47.000Z,4.9792,1.1905,124.4444,10.23,4.571,2,normal
2026-03-30T01:57:48.000Z,4.989,1.2015,124.6154,10.68,4.56,2,normal
2026-03-30T01:57:49.000Z,4.9792,1.2015,124.4444,9.02,4.558,2,normal
2026-03-30T01:57:50.000Z,4.9768,1.1941,124.2735,8.92,4.575,2,normal
2026-03-30T01:57:51.000Z,4.9915,1.2015,124.4444,13.75,4.422,2,normal
2026-03-30T01:57:52.000Z,4.9744,1.2015,124.5299,9.72,4.483,2,normal
2026-03-30T01:57:53.000Z,4.9646,1.2125,124.4872,9.58,4.502,2,normal
2026-03-30T01:57:54.000Z,4.9817,1.2051,124.4017,10.69,4.501,2,normal
2026-03-30T01:57:55.000Z,4.989,1.2088,124.359,8.58,4.44,2,normal
2026-03-30T01:57:56.000Z,4.9695,1.1978,124.5726,9.36,4.418,2,normal
2026-03-30T01:57:57.000Z,4.9866,1.2088,124.4017,10.27,4.54,2,normal
2026-03-30T01:57:58.000Z,4.9597,1.2015,124.4444,9.15,4.48,2,normal
2026-03-30T01:57:59.000Z,4.9768,1.2015,124.6154,9.96,4.46,2,normal
2026-03-30T01:58:00.000Z,4.9695,1.2015,124.4017,8.44,4.562,2,normal
2026-03-30T01:58:01.000Z,4.9548,1.2015,124.4017,10.59,4.429,2,normal
2026-03-30T01:58:02.000Z,4.9768,1.1941,124.6154,9.98,4.469,2,normal
2026-03-30T01:58:03.000Z,4.9792,1.2015,124.1453,9.26,4.426,2,normal
2026-03-30T01:58:04.000Z,4.9915,1.2015,124.2735,9.33,4.558,2,normal
2026-03-30T01:58:05.000Z,4.9621,1.1941,124.4872,11.43,4.553,2,normal
2026-03-30T01:58:06.000Z,4.9768,1.2088,124.5299,10.96,4.527,2,normal
2026-03-30T01:58:07.000Z,4.9621,1.1978,124.4872,10.37,4.524,2,normal
2026-03-30T01:58:08.000Z,4.9768,1.2015,124.6154,9.78,4.486,2,normal
2026-03-30T01:58:09.000Z,4.9792,1.1941,124.359,12.08,4.521,2,normal
2026-03-30T01:58:10.000Z,4.9646,1.2051,124.4872,10.49,4.539,2,normal
2026-03-30T01:58:11.000Z,4.989,1.2051,124.3162,10.42,4.543,2,normal
2026-03-30T01:58:12.000Z,4.9744,1.1978,124.4017,8.34,4.442,2,normal
2026-03-30T01:58:13.000Z,4.9695,1.2088,124.4872,9.23,4.429,2,normal
2026-03-30T01:58:14.000Z,4.9695,1.1905,124.4872,9.74,4.526,2,normal
2026-03-30T01:58:15.000Z,4.9915,1.2051,124.6581,8.88,4.437,2,normal
2026-03-30T01:58:16.000Z,4.967,1.1941,124.5299,10.32,4.425,2,normal
2026-03-30T01:58:17.000Z,4.9792,1.1978,124.4444,6.49,4.438,2,normal
2026-03-30T01:58:18.000Z,4.9621,1.2015,124.4872,11.42,4.456,2,normal
2026-03-30T01:58:19.000Z,5.0012,1.1978,124.4872,8.77,4.535,2,normal
2026-03-30T01:58:20.000Z,4.9817,1.1978,124.5299,10.28,4.573,2,normal
2026-03-30T01:58:21.000Z,4.9719,1.1978,124.3162,10.18,4.562,2,normal
2026-03-30T01:58:22.000Z,4.967,1.2015,124.8291,8.84,4.483,2,normal
2026-03-30T01:58:23.000Z,4.989,1.1978,124.4444,9.5,4.533,2,normal
2026-03-30T01:58:24.000Z,4.9597,1.2015,124.4872,9.97,4.422,2,normal
2026-03-30T01:58:25.000Z,4.9792,1.2051,124.359,10.67,4.521,2,normal
2026-03-30T01:58:26.000Z,4.9646,1.2051,124.5726,10.19,4.422,2,normal
2026-03-30T01:58:27.000Z,4.9744,1.1978,124.7009,11.62,4.556,2,normal
2026-03-30T01:58:28.000Z,4.9695,1.2051,124.4017,10.02,4.506,2,normal
2026-03-30T01:58:29.000Z,4.9695,1.2015,124.6154,10.26,4.427,2,normal
2026-03-30T01:58:30.000Z,4.9841,1.1978,124.4444,9.49,4.434,2,normal
2026-03-30T01:58:31.000Z,4.9792,1.2088,124.5299,9.05,4.419,2,normal
2026-03-30T01:58:32.000Z,4.9841,1.1941,124.4872,10.94,4.497,2,normal
2026-03-30T01:58:33.000Z,4.9988,1.1941,124.4017,10.9,4.493,2,normal
2026-03-30T01:58:34.000Z,4.9841,1.1978,124.4872,10.98,4.477,2,normal
2026-03-30T01:58:35.000Z,4.9768,1.1941,124.5299,11.03,4.54,2,normal
2026-03-30T01:58:36.000Z,4.9621,1.1978,124.6154,10.55,4.508,2,normal
2026-03-30T01:58:37.000Z,4.9744,1.1941,124.359,9.76,4.518,2,normal
2026-03-30T01:58:38.000Z,4.9915,1.2015,124.2735,8.14,4.508,2,normal
2026-03-30T01:58:39.000Z,4.9841,1.1905,124.4444,8.9,4.435,2,normal
2026-03-30T01:58:40.000Z,4.9768,1.2015,124.6154,8.89,4.574,2,normal
2026-03-30T01:58:41.000Z,4.9866,1.1941,124.3162,10.45,4.567,2,normal
2026-03-30T01:58:42.000Z,4.9744,1.1978,124.5726,8.68,4.482,2,normal
2026-03-30T01:58:43.000Z,4.9744,1.2051,124.3162,11.59,4.504,2,normal
2026-03-30T01:58:44.000Z,4.9841,1.1978,124.4872,10.47,4.514,2,normal
2026-03-30T01:58:45.000Z,4.967,1.1978,124.6154,9.09,4.452,2,normal
2026-03-30T01:58:46.000Z,4.9573,1.1978,124.188,10.89,4.534,2,normal
2026-03-30T01:58:47.000Z,4.9695,1.1941,124.5726,9.7,4.473,2,normal
2026-03-30T01:58:48.000Z,4.9915,1.2051,124.5726,7.87,4.463,2,normal
2026-03-30T01:58:49.000Z,4.9719,1.1978,124.5299,11.98,4.496,2,normal
2026-03-30T01:58:50.000Z,4.9646,1.1941,124.4444,11.49,4.45,2,normal
2026-03-30T01:58:51.000Z,4.967,1.1941,124.5726,10.1,4.512,2,normal
2026-03-30T01:58:52.000Z,4.967,1.1941,124.3162,10.54,4.513,2,normal
2026-03-30T01:58:53.000Z,4.989,1.2051,124.2735,9.67,4.491,2,normal
2026-03-30T01:58:54.000Z,4.9792,1.2088,124.2735,11.29,4.521,2,normal
2026-03-30T01:58:55.000Z,4.9695,1.1978,124.4872,10.52,4.561,2,normal
2026-03-30T01:58:56.000Z,4.9719,1.1905,124.188,8.54,4.498,2,normal
2026-03-30T01:58:57.000Z,4.967,1.2051,124.4444,10.95,4.572,2,normal
2026-03-30T01:58:58.000Z,4.989,1.1978,124.4017,10.64,4.492,2,normal
2026-03-30T01:58:59.000Z,4.9695,1.2051,124.4444,10.92,4.523,2,normal
2026-03-30T01:59:00.000Z,4.9744,1.2015,124.2308,8.17,4.483,2,normal
2026-03-30T01:59:01.000Z,4.9695,1.1941,124.6581,10.8,4.448,2,normal
2026-03-30T01:59:02.000Z,4.9817,1.2015,124.359,9.96,4.502,2,normal
2026-03-30T01:59:03.000Z,5.0061,1.2051,124.2308,9.21,4.563,2,normal
2026-03-30T01:59:04.000Z,4.9792,1.1978,124.5299,11.04,4.443,2,normal
2026-03-30T01:59:05.000Z,4.9646,1.2051,124.5726,11.44,4.553,2,normal
2026-03-30T01:59:06.000Z,4.9866,1.1941,124.5726,9.27,4.503,2,normal
2026-03-30T01:59:07.000Z,4.9866,1.1978,124.3162,12.69,4.508,2,normal
2026-03-30T01:59:08.000Z,4.9695,1.1978,124.359,9.11,4.531,2,normal
2026-03-30T01:59:09.000Z,5.0085,1.2015,124.1453,7.48,4.444,2,normal
2026-03-30T01:59:10.000Z,4.9719,1.2015,124.4444,9.09,4.561,2,normal
2026-03-30T01:59:11.000Z,4.9866,1.1941,124.5299,10.74,4.496,2,normal
2026-03-30T01:59:12.000Z,4.9768,1.1978,124.4017,7.67,4.457,2,normal
2026-03-30T01:59:13.000Z,4.9573,1.1978,124.4017,10.82,4.418,2,normal
2026-03-30T01:59:14.000Z,4.967,1.2015,124.4444,8.78,4.424,2,normal
2026-03-30T01:59:15.000Z,4.9963,1.2051,124.4872,11.16,4.466,2,normal
2026-03-30T01:59:16.000Z,4.9646,1.2051,124.4872,9.8,4.511,2,normal
2026-03-30T01:59:17.000Z,4.9744,1.1978,124.359,8.49,4.56,2,normal
2026-03-30T01:59:18.000Z,4.967,1.1978,124.4872,10.1,4.46,2,normal
2026-03-30T01:59:19.000Z,4.9744,1.1905,124.7009,9.06,4.443,2,normal
2026-03-30T01:59:20.000Z,4.9719,1.2051,124.5299,7.82,4.495,2,normal
2026-03-30T01:59:21.000Z,4.9866,1.1941,124.5299,8.15,4.576,2,normal
2026-03-30T01:59:22.000Z,4.9841,1.1905,124.1453,9.67,4.548,2,normal
2026-03-30T01:59:23.000Z,4.9524,1.2015,124.359,9.67,4.524,2,normal
2026-03-30T01:59:24.000Z,4.9646,1.2015,124.7436,9.08,4.576,2,normal
2026-03-30T01:59:25.000Z,4.9695,1.1941,124.4444,8.63,4.544,2,normal
2026-03-30T01:59:26.000Z,4.9646,1.2015,124.4017,10.55,4.531,2,normal
2026-03-30T01:59:27.000Z,4.9768,1.1868,124.7009,10.33,4.531,2,normal
2026-03-30T01:59:28.000Z,5.0012,1.2015,124.4444,10.8,4.542,2,normal
2026-03-30T01:59:29.000Z,4.9768,1.2051,124.5299,9.19,4.481,2,normal
2026-03-30T01:59:30.000Z,4.9768,1.1795,124.3162,10.4,4.486,2,normal
2026-03-30T01:59:31.000Z,4.9744,1.1941,124.7863,9.12,4.53,2,normal
2026-03-30T01:59:32.000Z,4.9817,1.1978,124.5726,8.87,4.483,2,normal
2026-03-30T01:59:33.000Z,4.967,1.2051,124.4872,9.87,4.509,2,normal
2026-03-30T01:59:34.000Z,4.9744,1.1978,124.4444,11.19,4.517,2,normal
2026-03-30T01:59:35.000Z,4.9768,1.1978,124.2308,9.95,4.553,2,normal
2026-03-30T01:59:36.000Z,4.967,1.2015,124.5726,10.73,4.458,2,normal
2026-03-30T01:59:37.000Z,4.9817,1.2051,124.6581,9.83,4.469,2,normal
2026-03-30T01:59:38.000Z,4.9866,1.2015,124.4017,9.46,4.483,2,normal
2026-03-30T01:59:39.000Z,4.967,1.1905,124.5299,10.37,4.443,2,normal
2026-03-30T01:59:40.000Z,4.9646,1.1978,124.3162,9.92,4.527,2,normal
2026-03-30T01:59:41.000Z,4.9866,1.1978,124.6581,9.63,4.548,2,normal
2026-03-30T01:59:42.000Z,4.9792,1.1978,124.4444,11.65,4.556,2,normal
2026-03-30T01:59:43.000Z,4.9768,1.2051,124.4017,11.38,4.524,2,normal
2026-03-30T01:59:44.000Z,4.9621,1.1941,124.5726,10.71,4.574,2,normal
2026-03-30T01:59:45.000Z,4.9768,1.2015,124.4444,11.49,4.461,2,normal
2026-03-30T01:59:46.000Z,4.9646,1.1978,124.3162,8.72,4.507,2,normal
2026-03-30T01:59:47.000Z,4.9841,1.2051,124.4872,12.46,4.536,2,normal
2026-03-30T01:59:48.000Z,4.9695,1.1978,124.6154,8.96,4.561,2,normal
2026-03-30T01:59:49.000Z,5.0012,1.2051,124.4872,10.08,4.452,2,normal
2026-03-30T01:59:50.000Z,4.9817,1.2015,124.5726,7.76,4.539,2,normal
2026-03-30T01:59:51.000Z,4.9695,1.1978,124.6154,10.89,4.478,2,normal
2026-03-30T01:59:52.000Z,4.9817,1.2015,124.359,9.87,4.533,2,normal
2026-03-30T01:59:53.000Z,4.9524,1.2125,124.2308,9.96,4.441,2,normal
2026-03-30T01:59:54.000Z,4.9744,1.1941,124.4872,10.67,4.545,2,normal
2026-03-30T01:59:55.000Z,4.9817,1.2051,124.4444,12.32,4.51,2,normal
2026-03-30T01:59:56.000Z,4.9548,1.1941,124.6581,9.56,4.447,2,normal
2026-03-30T01:59:57.000Z,4.9719,1.1905,124.6581,8.58,4.458,2,normal
2026-03-30T01:59:58.000Z,4.9768,1.1978,124.4444,9.03,4.472,2,normal
2026-03-30T01:59:59.000Z,4.9841,1.2015,124.359,8.31,4.537,2,normal
2026-03-30T02:00:00.000Z,4.967,1.2015,124.4017,9.28,4.557,2,normal
2026-03-30T02:00:01.000Z,4.9841,1.2125,124.4872,11.18,4.489,2,normal
2026-03-30T02:00:02.000Z,4.9915,1.1978,124.5299,12.2,4.501,2,normal
2026-03-30T02:00:03.000Z,4.9768,1.2051,124.5299,9.83,4.443,2,normal
2026-03-30T02:00:04.000Z,4.9841,1.2015,124.4872,8.72,4.526,2,normal
2026-03-30T02:00:05.000Z,4.9792,1.1941,124.5299,7.45,4.54,2,normal
2026-03-30T02:00:06.000Z,4.9939,1.2051,124.4872,11.11,4.458,2,normal
2026-03-30T02:00:07.000Z,4.9695,1.1978,124.5726,8.52,4.575,2,normal
2026-03-30T02:00:08.000Z,4.9768,1.1978,124.5726,9.24,4.533,2,normal
2026-03-30T02:00:09.000Z,4.9817,1.1978,124.6581,11.88,4.507,2,normal
2026-03-30T02:00:10.000Z,4.967,1.1978,124.6154,11.87,4.57,2,normal
2026-03-30T02:00:11.000Z,4.9695,1.2051,124.2308,8.41,4.533,2,normal
2026-03-30T02:00:12.000Z,4.9792,1.1978,124.5299,10.2,4.538,2,normal
2026-03-30T02:00:13.000Z,4.9744,1.2088,124.4444,10.06,4.469,2,normal
2026-03-30T02:00:14.000Z,4.9719,1.2015,124.2735,9.08,4.52,2,normal
2026-03-30T02:00:15.000Z,4.9768,1.2015,124.5299,10.02,4.452,2,normal
2026-03-30T02:00:16.000Z,4.9744,1.2051,124.4444,9.81,4.535,2,normal
2026-03-30T02:00:17.000Z,4.9573,1.1905,124.359,12.58,4.531,2,normal
2026-03-30T02:00:18.000Z,4.989,1.1978,124.359,8.18,4.545,2,normal
2026-03-30T02:00:19.000Z,4.9744,1.2015,124.4444,10.36,4.455,2,normal
2026-03-30T02:00:20.000Z,4.9792,1.1941,124.6154,10.4,4.421,2,normal
2026-03-30T02:00:21.000Z,4.9866,1.2051,124.6154,12.34,4.464,2,normal
2026-03-30T02:00:22.000Z,4.9817,1.1941,124.3162,10.25,4.496,2,normal
2026-03-30T02:00:23.000Z,4.989,1.1978,124.6154,8.43,4.556,2,normal
2026-03-30T02:00:24.000Z,4.9792,1.1905,124.4017,10.41,4.516,2,normal
2026-03-30T02:00:25.000Z,4.9597,1.1978,124.5726,12.36,4.534,2,normal
2026-03-30T02:00:26.000Z,4.9646,1.1905,124.2308,11.28,4.439,2,normal
2026-03-30T02:00:27.000Z,4.9792,1.2051,124.4872,8.29,4.476,2,normal
2026-03-30T02:00:28.000Z,4.9744,1.1978,124.6154,7.63,4.54,2,normal
2026-03-30T02:00:29.000Z,4.9841,1.2015,124.3162,8.77,4.431,2,normal
2026-03-30T02:00:30.000Z,4.9792,1.1941,124.8718,8.4,4.469,2,normal
2026-03-30T02:00:31.000Z,4.9695,1.1978,124.6581,8.96,4.435,2,normal
2026-03-30T02:00:32.000Z,4.9792,1.1905,124.4444,11.41,4.53,2,normal
2026-03-30T02:00:33.000Z,4.9719,1.2015,124.359,9.26,4.437,2,normal
2026-03-30T02:00:34.000Z,4.9866,1.2015,124.4872,10.6,4.533,2,normal
2026-03-30T02:00:35.000Z,4.9744,1.1978,124.7863,10.28,4.449,2,normal
2026-03-30T02:00:36.000Z,4.9792,1.2015,124.5726,9.08,4.552,2,normal
2026-03-30T02:00:37.000Z,4.9646,1.1978,124.4872,10.92,4.498,2,normal
2026-03-30T02:00:38.000Z,4.9768,1.1941,124.6154,9.87,4.468,2,normal
2026-03-30T02:00:39.000Z,4.9744,1.1941,124.6581,11.11,4.567,2,normal
2026-03-30T02:00:40.000Z,4.9621,1.1941,124.5726,10.12,4.509,2,normal
2026-03-30T02:00:41.000Z,4.9744,1.2015,124.5299,10.96,4.479,2,normal
2026-03-30T02:00:42.000Z,4.9817,1.1905,124.4017,11.71,4.482,2,normal
2026-03-30T02:00:43.000Z,4.9841,1.1978,124.5726,9.31,4.484,2,normal
2026-03-30T02:00:44.000Z,4.9939,1.1941,124.4872,10.03,4.457,2,normal
2026-03-30T02:00:45.000Z,4.9744,1.1941,124.2735,8.62,4.471,2,normal
2026-03-30T02:00:46.000Z,5.0012,1.2051,124.2308,7.97,4.538,2,normal
2026-03-30T02:00:47.000Z,4.9792,1.2015,124.7863,7.86,4.554,2,normal
2026-03-30T02:00:48.000Z,4.9744,1.2015,124.4872,8.84,4.526,2,normal
2026-03-30T02:00:49.000Z,4.9768,1.1978,124.5299,12.1,4.42,2,normal
2026-03-30T02:00:50.000Z,4.9621,1.1941,124.4444,9.47,4.453,2,normal
2026-03-30T02:00:51.000Z,4.9817,1.2088,124.4017,11.19,4.519,2,normal
2026-03-30T02:00:52.000Z,4.9621,1.2015,124.4017,10.0,4.569,2,normal
2026-03-30T02:00:53.000Z,4.9719,1.1905,124.4444,9.47,4.537,2,normal
2026-03-30T02:00:54.000Z,4.9719,1.1941,124.7436,8.11,4.487,2,normal
2026-03-30T02:00:55.000Z,4.9768,1.1905,124.2308,10.11,4.437,2,normal
2026-03-30T02:00:56.000Z,4.9841,1.2088,124.7863,11.06,4.466,2,normal
2026-03-30T02:00:57.000Z,4.9719,1.1978,124.3162,11.12,4.505,2,normal
2026-03-30T02:00:58.000Z,4.9866,1.1941,124.2735,8.84,4.529,2,normal
2026-03-30T02:00:59.000Z,4.9597,1.1978,124.5299,9.3,4.568,2,normal
2026-03-30T02:01:00.000Z,4.9744,1.1978,124.5299,11.26,4.568,2,normal
2026-03-30T02:01:01.000Z,4.9817,1.1941,124.5299,11.39,4.493,2,normal
2026-03-30T02:01:02.000Z,4.9646,1.1978,124.4872,11.12,4.472,2,normal
2026-03-30T02:01:03.000Z,4.9792,1.2015,124.4872,8.55,4.472,2,normal
2026-03-30T02:01:04.000Z,4.989,1.1978,124.7436,10.9,4.578,2,normal
2026-03-30T02:01:05.000Z,4.9866,1.1941,124.4872,9.57,4.48,2,normal
2026-03-30T02:01:06.000Z,4.9646,1.2051,124.4872,7.84,4.446,2,normal
2026-03-30T02:01:07.000Z,4.9597,1.2015,124.5299,8.98,4.471,2,normal
2026-03-30T02:01:08.000Z,4.9621,1.1941,124.359,9.07,4.476,2,normal
2026-03-30T02:01:09.000Z,4.9768,1.1941,124.2735,10.24,4.556,2,normal
2026-03-30T02:01:10.000Z,4.9646,1.2015,124.1453,8.26,4.443,2,normal
2026-03-30T02:01:11.000Z,4.9817,1.1978,124.4444,9.36,4.572,2,normal
2026-03-30T02:01:12.000Z,4.9841,1.2051,124.4017,8.4,4.529,2,normal
2026-03-30T02:01:13.000Z,4.9792,1.1868,124.1026,11.57,4.517,2,normal
2026-03-30T02:01:14.000Z,4.9744,1.1905,124.188,9.55,4.497,2,normal
2026-03-30T02:01:15.000Z,4.9817,1.1978,124.2308,9.34,4.451,2,normal
2026-03-30T02:01:16.000Z,4.9695,1.1978,124.2735,11.4,4.572,2,normal
2026-03-30T02:01:17.000Z,4.967,1.2051,124.2735,10.54,4.469,2,normal
2026-03-30T02:01:18.000Z,4.9792,1.1905,124.359,7.67,4.424,2,normal
2026-03-30T02:01:19.000Z,4.9695,1.1941,124.359,9.89,4.438,2,normal
2026-03-30T02:01:20.000Z,4.9646,1.2015,124.4017,8.75,4.55,2,normal
2026-03-30T02:01:21.000Z,5.0012,1.2088,124.359,9.02,4.523,2,normal
2026-03-30T02:01:22.000Z,4.9695,1.1941,124.2735,9.28,4.545,2,normal
2026-03-30T02:01:23.000Z,4.9744,1.1941,124.4872,9.36,4.421,2,normal
2026-03-30T02:01:24.000Z,4.9792,1.2051,124.7009,11.83,4.525,2,normal
2026-03-30T02:01:25.000Z,4.9695,1.1978,124.359,10.76,4.468,2,normal
2026-03-30T02:01:26.000Z,4.9817,1.1905,124.4017,8.89,4.423,2,normal
2026-03-30T02:01:27.000Z,4.9646,1.1941,124.4017,8.36,4.576,2,normal
2026-03-30T02:01:28.000Z,4.9768,1.2015,124.6581,9.92,4.569,2,normal
2026-03-30T02:01:29.000Z,4.9744,1.2015,124.3162,10.44,4.444,2,normal
2026-03-30T02:01:30.000Z,4.9597,1.1941,124.6581,12.94,4.53,2,normal
2026-03-30T02:01:31.000Z,4.9744,1.1978,124.6154,9.33,4.466,2,normal
2026-03-30T02:01:32.000Z,4.9744,1.2051,124.188,9.47,4.488,2,normal
2026-03-30T02:01:33.000Z,4.9719,1.1978,124.4017,10.48,4.451,2,normal
2026-03-30T02:01:34.000Z,4.9719,1.2051,124.5726,9.53,4.569,2,normal
2026-03-30T02:01:35.000Z,4.9792,1.1978,124.2308,8.59,4.449,2,normal
2026-03-30T02:01:36.000Z,4.967,1.2051,124.7009,11.43,4.542,2,normal
2026-03-30T02:01:37.000Z,4.9744,1.2051,124.3162,10.34,4.417,2,normal
2026-03-30T02:01:38.000Z,4.9621,1.1978,124.4017,9.33,4.492,2,normal
2026-03-30T02:01:39.000Z,4.9768,1.1978,124.2735,9.15,4.497,2,normal
2026-03-30T02:01:40.000Z,4.9744,1.2125,124.6154,8.61,4.514,2,normal
2026-03-30T02:01:41.000Z,4.9768,1.1905,124.359,11.32,4.573,2,normal
2026-03-30T02:01:42.000Z,4.9695,1.1978,124.3162,8.69,4.543,2,normal
2026-03-30T02:01:43.000Z,4.967,1.1905,124.6581,10.4,4.446,2,normal
2026-03-30T02:01:44.000Z,4.967,1.1941,124.4872,10.65,4.457,2,normal
2026-03-30T02:01:45.000Z,4.9768,1.2051,124.5299,11.47,4.479,2,normal
2026-03-30T02:01:46.000Z,4.9744,1.1978,124.7863,10.41,4.478,2,normal
2026-03-30T02:01:47.000Z,4.9719,1.2051,124.2308,8.95,4.466,2,normal
2026-03-30T02:01:48.000Z,4.9768,1.2015,124.8718,8.07,4.526,2,normal
2026-03-30T02:01:49.000Z,4.989,1.1978,124.5726,9.1,4.491,2,normal
2026-03-30T02:01:50.000Z,4.9915,1.1941,124.188,10.68,4.564,2,normal
2026-03-30T02:01:51.000Z,4.9841,1.1978,124.5299,11.66,4.543,2,normal
2026-03-30T02:01:52.000Z,4.9866,1.2015,124.5299,9.65,4.509,2,normal
2026-03-30T02:01:53.000Z,4.9988,1.1941,124.6581,10.33,4.465,2,normal
2026-03-30T02:01:54.000Z,4.9963,1.2051,124.5299,10.12,4.517,2,normal
2026-03-30T02:01:55.000Z,4.967,1.2015,124.5299,9.84,4.421,2,normal
2026-03-30T02:01:56.000Z,4.9695,1.2051,124.4017,11.92,4.544,2,normal
2026-03-30T02:01:57.000Z,4.9817,1.1978,124.7009,10.18,4.5,2,normal
2026-03-30T02:01:58.000Z,4.9573,1.2015,124.7436,7.86,4.429,2,normal
2026-03-30T02:01:59.000Z,4.9963,1.2015,124.359,10.33,4.52,2,normal
2026-03-30T02:02:00.000Z,4.9548,1.2015,124.4872,12.38,4.535,2,normal
2026-03-30T02:02:01.000Z,4.9451,1.1941,124.4444,8.71,4.477,2,normal
2026-03-30T02:02:02.000Z,4.9939,1.2051,124.6581,8.64,4.513,2,normal
2026-03-30T02:02:03.000Z,4.9695,1.1941,124.3162,10.3,4.426,2,normal
2026-03-30T02:02:04.000Z,4.9841,1.1905,124.359,8.84,4.492,2,normal
2026-03-30T02:02:05.000Z,4.9744,1.2051,124.7009,9.38,4.541,2,normal
2026-03-30T02:02:06.000Z,4.9719,1.1978,124.5726,9.19,4.55,2,normal
2026-03-30T02:02:07.000Z,4.9768,1.2015,124.4017,10.47,4.541,2,normal
2026-03-30T02:02:08.000Z,4.9695,1.2051,124.5299,10.87,4.449,2,normal
2026-03-30T02:02:09.000Z,4.967,1.2015,124.5299,10.61,4.539,2,normal
2026-03-30T02:02:10.000Z,4.9695,1.1941,124.5299,10.9,4.529,2,normal
2026-03-30T02:02:11.000Z,4.9451,1.1978,124.4444,9.74,4.518,2,normal
2026-03-30T02:02:12.000Z,4.9866,1.1978,124.3162,10.78,4.429,2,normal
2026-03-30T02:02:13.000Z,4.9866,1.1941,124.0598,10.87,4.438,2,normal
2026-03-30T02:02:14.000Z,4.9866,1.2051,124.4872,8.69,4.468,2,normal
2026-03-30T02:02:15.000Z,4.9768,1.2051,124.4444,9.77,4.418,2,normal
2026-03-30T02:02:16.000Z,4.9621,1.1905,124.359,9.16,4.445,2,normal
2026-03-30T02:02:17.000Z,4.967,1.1978,124.7009,10.43,4.556,2,normal
2026-03-30T02:02:18.000Z,4.9744,1.1905,124.2735,11.54,4.472,2,normal
2026-03-30T02:02:19.000Z,4.967,1.1941,124.6581,12.53,4.485,2,normal
2026-03-30T02:02:20.000Z,4.9597,1.1941,124.3162,9.84,4.525,2,normal
2026-03-30T02:02:21.000Z,4.9866,1.2015,124.4017,10.98,4.432,2,normal
2026-03-30T02:02:22.000Z,4.9768,1.2125,124.8718,9.94,4.536,2,normal
2026-03-30T02:02:23.000Z,4.9792,1.2051,124.6581,9.39,4.483,2,normal
2026-03-30T02:02:24.000Z,4.9988,1.1978,124.3162,10.04,4.523,2,normal
2026-03-30T02:02:25.000Z,4.9719,1.1978,124.2735,9.97,4.416,2,normal
2026-03-30T02:02:26.000Z,4.9695,1.1978,124.6154,8.82,4.514,2,normal
2026-03-30T02:02:27.000Z,4.9695,1.1978,124.4872,9.87,4.451,2,normal
2026-03-30T02:02:28.000Z,4.9719,1.1941,124.2308,9.45,4.446,2,normal
2026-03-30T02:02:29.000Z,4.9866,1.1941,124.3162,10.49,4.565,2,normal
2026-03-30T02:02:30.000Z,4.9939,1.1905,124.4872,10.54,4.482,2,normal
2026-03-30T02:02:31.000Z,5.0012,1.1905,124.5299,8.82,4.441,2,normal
2026-03-30T02:02:32.000Z,4.9646,1.2015,124.6154,9.56,4.437,2,normal
2026-03-30T02:02:33.000Z,4.9719,1.2015,124.5726,11.1,4.451,2,normal
2026-03-30T02:02:34.000Z,4.9695,1.1978,124.6154,10.87,4.47,2,normal
2026-03-30T02:02:35.000Z,4.9866,1.2088,124.5726,10.03,4.418,2,normal
2026-03-30T02:02:36.000Z,4.9792,1.2051,124.2308,10.02,4.56,2,normal
2026-03-30T02:02:37.000Z,4.9744,1.2051,124.4017,10.35,4.51,2,normal
2026-03-30T02:02:38.000Z,4.9841,1.1978,124.0598,9.88,4.498,2,normal
2026-03-30T02:02:39.000Z,4.967,1.2051,124.4444,10.83,4.487,2,normal
2026-03-30T02:02:40.000Z,5.0012,1.2015,124.359,11.06,4.448,2,normal
2026-03-30T02:02:41.000Z,4.9792,1.1978,124.3162,10.85,4.463,2,normal
2026-03-30T02:02:42.000Z,4.9597,1.1941,124.4444,11.24,4.476,2,normal
2026-03-30T02:02:43.000Z,4.9792,1.1941,124.5299,8.83,4.571,2,normal
2026-03-30T02:02:44.000Z,4.9939,1.1941,124.4444,9.18,4.563,2,normal
2026-03-30T02:02:45.000Z,4.989,1.2015,124.4872,11.06,4.493,2,normal
2026-03-30T02:02:46.000Z,4.9768,1.1978,124.359,9.48,4.452,2,normal
2026-03-30T02:02:47.000Z,4.9866,1.1905,124.4444,11.68,4.428,2,normal
2026-03-30T02:02:48.000Z,4.9646,1.2051,124.6154,9.06,4.552,2,normal
2026-03-30T02:02:49.000Z,4.9768,1.1941,124.3162,8.89,4.551,2,normal
2026-03-30T02:02:50.000Z,4.9915,1.2015,124.5299,9.58,4.541,2,normal
2026-03-30T02:02:51.000Z,4.9719,1.2051,124.5726,9.97,4.536,2,normal
2026-03-30T02:02:52.000Z,4.9792,1.1941,124.3162,9.53,4.467,2,normal
2026-03-30T02:02:53.000Z,4.9695,1.1978,124.2735,12.4,4.462,2,normal
2026-03-30T02:02:54.000Z,4.9866,1.2015,124.6154,9.51,4.439,2,normal
2026-03-30T02:02:55.000Z,4.9719,1.2015,124.359,9.58,4.573,2,normal
2026-03-30T02:02:56.000Z,4.9792,1.1941,124.359,11.31,4.556,2,normal
2026-03-30T02:02:57.000Z,4.9939,1.1941,124.2308,12.11,4.508,2,normal
2026-03-30T02:02:58.000Z,4.9719,1.2015,124.2735,9.81,4.445,2,normal
2026-03-30T02:02:59.000Z,4.9621,1.2051,124.4017,9.14,4.507,2,normal
2026-03-30T02:03:00.000Z,4.967,1.1905,124.4872,10.18,4.506,2,normal
2026-03-30T02:03:01.000Z,4.9597,1.2051,124.5299,9.75,4.569,2,normal
2026-03-30T02:03:02.000Z,4.989,1.1941,124.4872,10.03,4.519,2,normal
2026-03-30T02:03:03.000Z,4.9744,1.1941,124.359,10.27,4.421,2,normal
2026-03-30T02:03:04.000Z,4.9768,1.1905,124.2735,9.84,4.564,2,normal
2026-03-30T02:03:05.000Z,4.9744,1.1978,124.7436,8.19,4.466,2,normal
2026-03-30T02:03:06.000Z,4.9768,1.1978,124.7009,10.14,4.483,2,normal
2026-03-30T02:03:07.000Z,4.9695,1.1978,124.7863,6.92,4.538,2,normal
2026-03-30T02:03:08.000Z,4.9744,1.1941,124.4444,10.16,4.446,2,normal
2026-03-30T02:03:09.000Z,4.9719,1.2015,124.6154,11.01,4.474,2,normal
2026-03-30T02:03:10.000Z,4.9768,1.1941,124.4444,8.68,4.535,2,normal
2026-03-30T02:03:11.000Z,4.9792,1.1941,124.4017,10.11,4.51,2,normal
2026-03-30T02:03:12.000Z,4.9548,1.2051,124.6581,9.5,4.464,2,normal
2026-03-30T02:03:13.000Z,4.967,1.1978,124.359,8.34,4.552,2,normal
2026-03-30T02:03:14.000Z,4.9719,1.2051,124.2735,9.63,4.464,2,normal
2026-03-30T02:03:15.000Z,4.9768,1.2015,124.2308,8.05,4.544,2,normal
2026-03-30T02:03:16.000Z,4.989,1.1941,124.3162,11.2,4.438,2,normal
2026-03-30T02:03:17.000Z,4.9744,1.2015,124.1453,9.69,4.487,2,normal
2026-03-30T02:03:18.000Z,4.9744,1.2015,124.4444,10.23,4.424,2,normal
2026-03-30T02:03:19.000Z,4.9695,1.2015,124.359,10.08,4.433,2,normal
2026-03-30T02:03:20.000Z,4.9817,1.1978,124.4017,9.93,4.565,2,normal
2026-03-30T02:03:21.000Z,4.9792,1.2015,124.1026,9.46,4.505,2,normal
2026-03-30T02:03:22.000Z,4.9597,1.2088,124.5726,11.95,4.535,2,normal
2026-03-30T02:03:23.000Z,4.9792,1.1941,124.4872,10.09,4.417,2,normal
2026-03-30T02:03:24.000Z,4.967,1.1905,124.6581,9.04,4.504,2,normal
2026-03-30T02:03:25.000Z,4.9744,1.1905,124.4444,9.23,4.497,2,normal
2026-03-30T02:03:26.000Z,4.9744,1.2051,124.6154,9.34,4.438,2,normal
2026-03-30T02:03:27.000Z,4.9792,1.1941,124.359,10.48,4.482,2,normal
2026-03-30T02:03:28.000Z,4.9719,1.1905,124.6154,11.84,4.509,2,normal
2026-03-30T02:03:29.000Z,4.9792,1.2051,124.359,8.79,4.462,2,normal
2026-03-30T02:03:30.000Z,4.967,1.1978,124.5299,8.24,4.56,2,normal
2026-03-30T02:03:31.000Z,4.9768,1.1978,124.2308,9.95,4.421,2,normal
2026-03-30T02:03:32.000Z,4.9915,1.1978,124.3162,8.16,4.533,2,normal
2026-03-30T02:03:33.000Z,4.9744,1.1941,124.4444,9.61,4.469,2,normal
2026-03-30T02:03:34.000Z,4.9792,1.1941,124.359,9.93,4.473,2,normal
2026-03-30T02:03:35.000Z,4.9768,1.1978,124.4017,9.74,4.567,2,normal
2026-03-30T02:03:36.000Z,4.9768,1.1941,124.5726,11.37,4.535,2,normal
2026-03-30T02:03:37.000Z,4.9719,1.1978,124.5726,11.07,4.42,2,normal
2026-03-30T02:03:38.000Z,4.967,1.1978,124.4017,9.34,4.472,2,normal
2026-03-30T02:03:39.000Z,4.9841,1.1978,124.359,10.16,4.461,2,normal
2026-03-30T02:03:40.000Z,4.9646,1.1978,124.4017,9.56,4.424,2,normal
2026-03-30T02:03:41.000Z,4.967,1.1941,124.5299,12.55,4.506,2,normal
2026-03-30T02:03:42.000Z,4.9866,1.2088,124.6154,10.24,4.509,2,normal
2026-03-30T02:03:43.000Z,4.9548,1.1941,124.3162,10.87,4.466,2,normal
2026-03-30T02:03:44.000Z,4.9866,1.1941,124.4872,11.32,4.56,2,normal
2026-03-30T02:03:45.000Z,4.9548,1.2015,124.6154,9.51,4.524,2,normal
2026-03-30T02:03:46.000Z,4.9817,1.1978,124.4872,10.48,4.443,2,normal
2026-03-30T02:03:47.000Z,4.989,1.2015,124.3162,9.57,4.421,2,normal
2026-03-30T02:03:48.000Z,4.9695,1.2088,124.4444,10.63,4.465,2,normal
2026-03-30T02:03:49.000Z,4.9719,1.1978,124.4017,11.47,4.542,2,normal
2026-03-30T02:03:50.000Z,4.9646,1.1978,124.3162,10.33,4.513,2,normal
2026-03-30T02:03:51.000Z,4.9597,1.1978,124.4872,10.66,4.563,2,normal
2026-03-30T02:03:52.000Z,4.9744,1.1978,124.4444,7.63,4.533,2,normal
2026-03-30T02:03:53.000Z,4.967,1.1978,124.5726,8.55,4.445,2,normal
2026-03-30T02:03:54.000Z,4.9841,1.1978,124.4017,8.82,4.534,2,normal
2026-03-30T02:03:55.000Z,4.9792,1.2015,124.6581,9.65,4.498,2,normal
2026-03-30T02:03:56.000Z,4.9768,1.2088,124.6581,9.44,4.574,2,normal
2026-03-30T02:03:57.000Z,4.9695,1.2088,124.7863,11.41,4.457,2,normal
2026-03-30T02:03:58.000Z,4.9695,1.1941,124.359,8.8,4.504,2,normal
2026-03-30T02:03:59.000Z,4.9792,1.1978,124.4017,10.74,4.482,2,normal
2026-03-30T02:04:00.000Z,4.9768,1.2015,124.6154,10.57,4.474,2,normal
2026-03-30T02:04:01.000Z,4.9792,1.1941,124.4017,10.63,4.479,2,normal
2026-03-30T02:04:02.000Z,4.9695,1.2015,124.4872,7.47,4.474,2,normal
2026-03-30T02:04:03.000Z,4.9768,1.1941,124.2308,9.31,4.46,2,normal
2026-03-30T02:04:04.000Z,4.9768,1.1941,124.5299,9.35,4.543,2,normal
2026-03-30T02:04:05.000Z,4.9915,1.1978,124.7009,9.52,4.472,2,normal
2026-03-30T02:04:06.000Z,4.9768,1.2015,124.1026,9.99,4.475,2,normal
2026-03-30T02:04:07.000Z,4.9744,1.2051,124.5299,8.18,4.489,2,normal
2026-03-30T02:04:08.000Z,4.9695,1.2015,124.5726,9.16,4.435,2,normal
2026-03-30T02:04:09.000Z,4.9841,1.2051,124.5299,9.54,4.497,2,normal
2026-03-30T02:04:10.000Z,4.967,1.2015,124.3162,8.01,4.462,2,normal
2026-03-30T02:04:11.000Z,4.9744,1.1941,124.5726,8.04,4.546,2,normal
2026-03-30T02:04:12.000Z,4.9817,1.1978,124.5299,8.61,4.424,2,normal
2026-03-30T02:04:13.000Z,4.9695,1.1978,124.3162,9.93,4.446,2,normal
2026-03-30T02:04:14.000Z,4.9744,1.1978,124.359,10.99,4.468,2,normal
2026-03-30T02:04:15.000Z,4.9939,1.2015,124.6154,8.34,4.418,2,normal
2026-03-30T02:04:16.000Z,4.9695,1.1978,124.4872,8.98,4.459,2,normal
2026-03-30T02:04:17.000Z,4.967,1.2015,124.4872,8.69,4.437,2,normal
2026-03-30T02:04:18.000Z,4.9817,1.1978,124.4017,10.78,4.43,2,normal
2026-03-30T02:04:19.000Z,4.9939,1.1978,124.5726,10.17,4.431,2,normal
2026-03-30T02:04:20.000Z,4.9719,1.2015,124.1026,8.95,4.426,2,normal
2026-03-30T02:04:21.000Z,4.9768,1.1978,124.7009,10.53,4.574,2,normal
2026-03-30T02:04:22.000Z,4.9792,1.1978,124.4017,9.87,4.481,2,normal
2026-03-30T02:04:23.000Z,4.9719,1.1941,124.2735,9.76,4.556,2,normal
2026-03-30T02:04:24.000Z,4.9695,1.1941,124.6581,10.4,4.443,2,normal
2026-03-30T02:04:25.000Z,4.9841,1.1978,124.5299,9.2,4.516,2,normal
2026-03-30T02:04:26.000Z,4.9768,1.1978,124.1026,8.91,4.479,2,normal
2026-03-30T02:04:27.000Z,4.9817,1.2015,124.5299,10.86,4.489,2,normal
2026-03-30T02:04:28.000Z,4.9695,1.1978,124.6154,12.2,4.472,2,normal
2026-03-30T02:04:29.000Z,4.9744,1.2051,124.2735,10.96,4.462,2,normal
2026-03-30T02:04:30.000Z,4.9939,1.1941,124.188,8.82,4.461,2,normal
2026-03-30T02:04:31.000Z,4.9499,1.1978,124.3162,11.35,4.448,2,normal
2026-03-30T02:04:32.000Z,4.9817,1.1941,124.6154,11.87,4.443,2,normal
2026-03-30T02:04:33.000Z,4.9646,1.2015,124.6154,9.12,4.46,2,normal
2026-03-30T02:04:34.000Z,4.9524,1.2051,124.6154,9.95,4.456,2,normal
2026-03-30T02:04:35.000Z,4.9597,1.1978,124.2735,9.19,4.446,2,normal
2026-03-30T02:04:36.000Z,4.9866,1.2051,124.5299,8.83,4.45,2,normal
2026-03-30T02:04:37.000Z,4.9817,1.2015,124.6154,9.98,4.424,2,normal
2026-03-30T02:04:38.000Z,4.9915,1.2015,124.5299,10.64,4.521,2,normal
2026-03-30T02:04:39.000Z,4.9621,1.2015,124.5299,9.55,4.421,2,normal
2026-03-30T02:04:40.000Z,4.9817,1.2015,124.359,9.23,4.484,2,normal
2026-03-30T02:04:41.000Z,4.9719,1.2015,124.188,9.21,4.499,2,normal
2026-03-30T02:04:42.000Z,4.9548,1.1978,124.359,8.98,4.448,2,normal
2026-03-30T02:04:43.000Z,4.9817,1.2088,124.5726,8.28,4.508,2,normal
2026-03-30T02:04:44.000Z,4.9744,1.1941,124.4017,9.94,4.43,2,normal
2026-03-30T02:04:45.000Z,4.9915,1.2051,124.359,9.99,4.484,2,normal
2026-03-30T02:04:46.000Z,4.9768,1.2015,124.188,10.92,4.424,2,normal
2026-03-30T02:04:47.000Z,4.9915,1.1868,124.188,11.64,4.442,2,normal
2026-03-30T02:04:48.000Z,4.9915,1.1905,124.6581,9.97,4.439,2,normal
2026-03-30T02:04:49.000Z,4.9646,1.2051,124.8291,11.18,4.579,2,normal
2026-03-30T02:04:50.000Z,4.9963,1.1941,124.7009,10.66,4.569,2,normal
2026-03-30T02:04:51.000Z,4.967,1.2015,124.4872,9.71,4.427,2,normal
2026-03-30T02:04:52.000Z,4.9792,1.2051,124.4444,8.21,4.559,2,normal
2026-03-30T02:04:53.000Z,4.9768,1.1941,124.2308,10.92,4.556,2,normal
2026-03-30T02:04:54.000Z,4.9817,1.1941,124.6581,8.85,4.448,2,normal
2026-03-30T02:04:55.000Z,4.9719,1.1941,124.6581,10.46,4.576,2,normal
2026-03-30T02:04:56.000Z,4.989,1.2015,124.5299,8.42,4.546,2,normal
2026-03-30T02:04:57.000Z,4.9744,1.2125,124.5299,10.63,4.493,2,normal
2026-03-30T02:04:58.000Z,4.9866,1.2015,124.5299,9.8,4.462,2,normal
2026-03-30T02:04:59.000Z,4.9768,1.1941,124.4872,8.81,4.57,2,normal
2026-03-30T02:05:00.000Z,4.9768,1.2051,124.5299,8.33,4.48,2,normal
2026-03-30T02:05:01.000Z,4.9768,1.2015,124.4444,9.89,4.521,2,normal
2026-03-30T02:05:02.000Z,4.9841,1.2051,124.4444,7.7,4.488,2,normal
2026-03-30T02:05:03.000Z,4.9744,1.1978,124.2735,9.69,4.452,2,normal
2026-03-30T02:05:04.000Z,4.9792,1.2088,124.2735,8.08,4.44,2,normal
2026-03-30T02:05:05.000Z,4.9695,1.2015,124.4872,10.82,4.526,2,normal
2026-03-30T02:05:06.000Z,4.9744,1.2051,124.6154,10.13,4.526,2,normal
2026-03-30T02:05:07.000Z,4.9646,1.2088,124.4017,9.11,4.495,2,normal
2026-03-30T02:05:08.000Z,4.9695,1.1941,124.5726,8.84,4.482,2,normal
2026-03-30T02:05:09.000Z,4.989,1.1978,124.4017,9.96,4.492,2,normal
2026-03-30T02:05:10.000Z,4.9621,1.2051,124.2735,12.72,4.537,2,normal
2026-03-30T02:05:11.000Z,4.9866,1.1941,124.4872,9.06,4.493,2,normal
2026-03-30T02:05:12.000Z,4.9988,1.1941,124.2308,8.47,4.459,2,normal
2026-03-30T02:05:13.000Z,4.9695,1.1941,124.6154,9.63,4.421,2,normal
2026-03-30T02:05:14.000Z,4.9597,1.2051,124.4444,9.56,4.426,2,normal
2026-03-30T02:05:15.000Z,4.9866,1.2051,124.5299,11.16,4.429,2,normal
2026-03-30T02:05:16.000Z,4.9866,1.1941,124.4872,9.16,4.462,2,normal
2026-03-30T02:05:17.000Z,4.9817,1.2015,124.4872,8.15,4.51,2,normal
2026-03-30T02:05:18.000Z,4.9817,1.2051,124.4444,10.45,4.431,2,normal
2026-03-30T02:05:19.000Z,4.9719,1.2015,124.4017,9.48,4.446,2,normal
2026-03-30T02:05:20.000Z,4.967,1.2088,124.5726,9.71,4.48,2,normal
2026-03-30T02:05:21.000Z,4.9695,1.2088,124.4444,9.74,4.438,2,normal
2026-03-30T02:05:22.000Z,4.989,1.2015,124.2308,10.37,4.43,2,normal
2026-03-30T02:05:23.000Z,4.9792,1.2015,124.6581,10.37,4.429,2,normal
2026-03-30T02:05:24.000Z,4.9817,1.1941,124.6154,8.99,4.468,2,normal
2026-03-30T02:05:25.000Z,4.9719,1.1978,124.5726,10.37,4.525,2,normal
2026-03-30T02:05:26.000Z,4.9744,1.2088,124.4444,10.95,4.419,2,normal
2026-03-30T02:05:27.000Z,4.9621,1.1941,124.6154,11.62,4.546,2,normal
2026-03-30T02:05:28.000Z,4.9866,1.2051,124.4872,6.07,4.475,2,normal
2026-03-30T02:05:29.000Z,4.9841,1.1941,124.359,10.29,4.458,2,normal
2026-03-30T02:05:30.000Z,5.0012,1.2015,124.4872,10.47,4.564,2,normal
2026-03-30T02:05:31.000Z,4.9744,1.1978,124.2308,9.88,4.479,2,normal
2026-03-30T02:05:32.000Z,4.9841,1.2015,124.4017,11.17,4.571,2,normal
2026-03-30T02:05:33.000Z,4.9841,1.1978,124.359,10.0,4.464,2,normal
2026-03-30T02:05:34.000Z,4.9792,1.1978,124.6154,9.91,4.439,2,normal
2026-03-30T02:05:35.000Z,4.9768,1.2088,124.2308,8.86,4.494,2,normal
2026-03-30T02:05:36.000Z,4.9597,1.2051,124.5299,12.73,4.469,2,normal
2026-03-30T02:05:37.000Z,4.9817,1.1905,124.1453,8.01,4.562,2,normal
2026-03-30T02:05:38.000Z,4.967,1.1941,124.2735,10.9,4.554,2,normal
2026-03-30T02:05:39.000Z,4.9915,1.1941,124.7863,12.58,4.434,2,normal
2026-03-30T02:05:40.000Z,4.9915,1.2015,124.4444,10.5,4.545,2,normal
2026-03-30T02:05:41.000Z,4.9841,1.1978,124.4017,10.97,4.451,2,normal
2026-03-30T02:05:42.000Z,4.9646,1.1905,124.7863,10.85,4.495,2,normal
2026-03-30T02:05:43.000Z,4.9621,1.2088,124.6154,11.23,4.419,2,normal
2026-03-30T02:05:44.000Z,4.9841,1.1941,124.3162,12.39,4.52,2,normal
2026-03-30T02:05:45.000Z,4.9719,1.2015,124.3162,9.14,4.417,2,normal
2026-03-30T02:05:46.000Z,4.9963,1.2051,124.7863,10.67,4.56,2,normal
2026-03-30T02:05:47.000Z,4.9768,1.2051,124.4872,10.89,4.423,2,normal
2026-03-30T02:05:48.000Z,4.9792,1.2015,124.5299,10.67,4.432,2,normal
2026-03-30T02:05:49.000Z,4.9719,1.1978,124.6581,8.89,4.423,2,normal
2026-03-30T02:05:50.000Z,4.9841,1.1941,124.4872,9.31,4.551,2,normal
2026-03-30T02:05:51.000Z,4.9792,1.1941,124.4444,9.14,4.553,2,normal
2026-03-30T02:05:52.000Z,4.967,1.1978,124.7863,10.53,4.484,2,normal
2026-03-30T02:05:53.000Z,4.9841,1.1905,124.7436,10.75,4.443,2,normal
2026-03-30T02:05:54.000Z,4.9817,1.2015,124.4444,9.29,4.538,2,normal
2026-03-30T02:05:55.000Z,4.9988,1.1978,124.6581,7.78,4.551,2,normal
2026-03-30T02:05:56.000Z,5.011,1.1978,124.4444,10.73,4.478,2,normal
2026-03-30T02:05:57.000Z,4.9792,1.1978,124.359,9.19,4.453,2,normal
2026-03-30T02:05:58.000Z,4.9646,1.2088,124.5726,8.43,4.439,2,normal
2026-03-30T02:05:59.000Z,4.9768,1.2015,124.5299,9.45,4.426,2,normal
2026-03-30T02:06:00.000Z,4.9744,1.1941,124.1026,9.16,4.515,2,normal
2026-03-30T02:06:01.000Z,4.9817,1.1978,124.4017,11.58,4.479,2,normal
2026-03-30T02:06:02.000Z,4.9915,1.1941,124.6581,9.95,4.47,2,normal
2026-03-30T02:06:03.000Z,4.9695,1.2088,124.4872,9.24,4.461,2,normal
2026-03-30T02:06:04.000Z,4.9744,1.2051,124.4872,10.09,4.549,2,normal
2026-03-30T02:06:05.000Z,4.9841,1.2015,124.6581,13.05,4.567,2,normal
2026-03-30T02:06:06.000Z,4.9792,1.1978,124.5726,8.43,4.536,2,normal
2026-03-30T02:06:07.000Z,4.9621,1.1978,124.5299,9.7,4.498,2,normal
2026-03-30T02:06:08.000Z,4.967,1.1941,124.2735,8.73,4.508,2,normal
2026-03-30T02:06:09.000Z,4.967,1.1978,124.4017,9.47,4.506,2,normal
2026-03-30T02:06:10.000Z,4.9695,1.2015,124.4872,9.92,4.525,2,normal
2026-03-30T02:06:11.000Z,4.9573,1.1941,124.188,8.78,4.55,2,normal
2026-03-30T02:06:12.000Z,4.9841,1.2015,124.4872,13.18,4.549,2,normal
2026-03-30T02:06:13.000Z,4.967,1.1941,124.5726,10.54,4.424,2,normal
2026-03-30T02:06:14.000Z,4.967,1.1941,124.359,11.52,4.475,2,normal
2026-03-30T02:06:15.000Z,4.9915,1.2015,124.4872,8.76,4.554,2,normal
2026-03-30T02:06:16.000Z,4.9841,1.2015,124.8718,9.2,4.423,2,normal
2026-03-30T02:06:17.000Z,4.9744,1.1978,124.5299,10.91,4.509,2,normal
2026-03-30T02:06:18.000Z,4.9817,1.1978,124.2735,8.74,4.505,2,normal
2026-03-30T02:06:19.000Z,4.9915,1.2015,124.359,9.73,4.471,2,normal
2026-03-30T02:06:20.000Z,4.9744,1.2015,124.5299,10.25,4.534,2,normal
2026-03-30T02:06:21.000Z,4.9841,1.1978,124.3162,10.3,4.556,2,normal
2026-03-30T02:06:22.000Z,4.9621,1.1978,124.2308,10.98,4.517,2,normal
2026-03-30T02:06:23.000Z,4.9817,1.1978,124.5726,11.98,4.533,2,normal
2026-03-30T02:06:24.000Z,4.9695,1.2051,124.6581,9.44,4.537,2,normal
2026-03-30T02:06:25.000Z,4.9744,1.1941,124.1453,8.9,4.5,2,normal
2026-03-30T02:06:26.000Z,4.9621,1.1905,124.4444,11.14,4.432,2,normal
2026-03-30T02:06:27.000Z,4.9939,1.2015,124.7436,8.79,4.511,2,normal
2026-03-30T02:06:28.000Z,4.9646,1.2051,124.2308,11.54,4.441,2,normal
2026-03-30T02:06:29.000Z,4.9792,1.1978,124.4872,11.04,4.439,2,normal
2026-03-30T02:06:30.000Z,4.9768,1.2015,124.7009,8.72,4.474,2,normal
2026-03-30T02:06:31.000Z,4.9646,1.1941,124.4872,10.67,4.53,2,normal
2026-03-30T02:06:32.000Z,4.9744,1.2015,124.5726,11.78,4.497,2,normal
2026-03-30T02:06:33.000Z,4.9695,1.2015,124.4444,11.45,4.454,2,normal
2026-03-30T02:06:34.000Z,4.9768,1.2015,124.359,9.55,4.559,2,normal
2026-03-30T02:06:35.000Z,4.9744,1.1978,124.4444,10.17,4.512,2,normal
2026-03-30T02:06:36.000Z,4.9719,1.1941,124.5726,10.89,4.428,2,normal
2026-03-30T02:06:37.000Z,4.967,1.1905,124.4444,12.51,4.523,2,normal
2026-03-30T02:06:38.000Z,4.9768,1.2088,124.5299,9.36,4.454,2,normal
2026-03-30T02:06:39.000Z,4.9646,1.2088,124.6154,8.64,4.511,2,normal
2026-03-30T02:06:40.000Z,4.9915,1.1978,124.2735,8.59,4.512,2,normal
2026-03-30T02:06:41.000Z,4.9744,1.1941,124.6581,10.96,4.448,2,normal
2026-03-30T02:06:42.000Z,4.989,1.1941,124.5299,10.12,4.532,2,normal
2026-03-30T02:06:43.000Z,4.9915,1.2015,124.7863,9.51,4.512,2,normal
2026-03-30T02:06:44.000Z,4.9817,1.2088,124.5726,11.33,4.429,2,normal
2026-03-30T02:06:45.000Z,4.9744,1.2051,124.4444,10.05,4.477,2,normal
2026-03-30T02:06:46.000Z,4.9719,1.2015,124.4872,9.01,4.51,2,normal
2026-03-30T02:06:47.000Z,4.9719,1.2015,124.7436,8.26,4.56,2,normal
2026-03-30T02:06:48.000Z,4.9817,1.1978,124.4872,9.15,4.554,2,normal
2026-03-30T02:06:49.000Z,4.9695,1.2015,124.6154,8.54,4.47,2,normal
2026-03-30T02:06:50.000Z,4.9597,1.2088,124.4017,10.56,4.539,2,normal
2026-03-30T02:06:51.000Z,4.9719,1.2015,124.359,9.37,4.493,2,normal
2026-03-30T02:06:52.000Z,4.9744,1.1941,124.8718,9.5,4.503,2,normal
2026-03-30T02:06:53.000Z,4.9768,1.2015,124.359,13.2,4.484,2,normal
2026-03-30T02:06:54.000Z,4.9719,1.2051,124.6581,11.2,4.501,2,normal
2026-03-30T02:06:55.000Z,4.9646,1.2015,124.2735,10.23,4.433,2,normal
2026-03-30T02:06:56.000Z,4.9988,1.2015,124.4872,9.06,4.53,2,normal
2026-03-30T02:06:57.000Z,4.9719,1.2015,124.2308,8.46,4.447,2,normal
2026-03-30T02:06:58.000Z,4.9548,1.1905,124.188,10.52,4.453,2,normal
2026-03-30T02:06:59.000Z,4.9817,1.2015,124.5299,10.28,4.457,2,normal
2026-03-30T02:07:00.000Z,4.9817,1.2015,124.4444,9.03,4.421,2,normal
2026-03-30T02:07:01.000Z,4.9597,1.2051,124.6581,10.01,4.457,2,normal
2026-03-30T02:07:02.000Z,4.9866,1.1978,124.3162,9.8,4.448,2,normal
2026-03-30T02:07:03.000Z,4.9915,1.1941,124.4444,8.13,4.42,2,normal
2026-03-30T02:07:04.000Z,4.9744,1.1978,124.359,9.16,4.575,2,normal
2026-03-30T02:07:05.000Z,4.9841,1.1978,124.7863,8.54,4.498,2,normal
2026-03-30T02:07:06.000Z,4.9695,1.2015,124.3162,10.74,4.494,2,normal
2026-03-30T02:07:07.000Z,4.9841,1.2051,124.359,9.78,4.463,2,normal
2026-03-30T02:07:08.000Z,4.9939,1.2015,124.359,9.58,4.421,2,normal
2026-03-30T02:07:09.000Z,4.967,1.1905,124.4872,11.09,4.427,2,normal
2026-03-30T02:07:10.000Z,4.967,1.2015,124.6581,12.34,4.433,2,normal
2026-03-30T02:07:11.000Z,4.9621,1.1978,124.0598,8.02,4.574,2,normal
2026-03-30T02:07:12.000Z,4.9744,1.1978,124.6581,10.61,4.514,2,normal
2026-03-30T02:07:13.000Z,4.9768,1.2015,124.2308,9.06,4.424,2,normal
2026-03-30T02:07:14.000Z,4.9768,1.2015,124.2735,9.79,4.567,2,normal
2026-03-30T02:07:15.000Z,4.9768,1.2015,124.2735,10.97,4.545,2,normal
2026-03-30T02:07:16.000Z,4.967,1.2015,124.188,9.22,4.562,2,normal
2026-03-30T02:07:17.000Z,4.9768,1.2015,124.4017,10.26,4.446,2,normal
2026-03-30T02:07:18.000Z,5.0037,1.1978,124.4017,10.77,4.504,2,normal
2026-03-30T02:07:19.000Z,4.9719,1.1941,124.5726,11.46,4.469,2,normal
2026-03-30T02:07:20.000Z,4.9524,1.2015,124.4872,8.57,4.515,2,normal
2026-03-30T02:07:21.000Z,4.9939,1.1905,124.3162,11.52,4.485,2,normal
2026-03-30T02:07:22.000Z,4.9719,1.2051,124.4017,6.75,4.562,2,normal
2026-03-30T02:07:23.000Z,4.9744,1.1941,124.4872,11.07,4.523,2,normal
2026-03-30T02:07:24.000Z,4.9646,1.1941,124.2308,12.69,4.467,2,normal
2026-03-30T02:07:25.000Z,4.9695,1.1905,124.6154,9.1,4.545,2,normal
2026-03-30T02:07:26.000Z,4.967,1.2015,124.5726,7.35,4.46,2,normal
2026-03-30T02:07:27.000Z,4.9841,1.1941,124.4017,5.78,4.535,2,normal
2026-03-30T02:07:28.000Z,4.9597,1.2015,124.4017,8.73,4.464,2,normal
2026-03-30T02:07:29.000Z,5.0012,1.1978,124.6154,12.53,4.519,2,normal
2026-03-30T02:07:30.000Z,4.9597,1.2088,124.7863,8.71,4.527,2,normal
2026-03-30T02:07:31.000Z,4.9841,1.1978,124.2308,11.26,4.443,2,normal
2026-03-30T02:07:32.000Z,4.9817,1.1941,124.5726,9.9,4.535,2,normal
2026-03-30T02:07:33.000Z,4.9744,1.2015,124.4444,9.81,4.558,2,normal
2026-03-30T02:07:34.000Z,4.9719,1.2015,124.4872,9.11,4.518,2,normal
2026-03-30T02:07:35.000Z,4.9817,1.2015,124.6581,9.97,4.459,2,normal
2026-03-30T02:07:36.000Z,4.9524,1.1941,124.5299,10.96,4.42,2,normal
2026-03-30T02:07:37.000Z,4.9768,1.1978,124.4872,10.11,4.531,2,normal
2026-03-30T02:07:38.000Z,4.9866,1.1941,124.4444,9.07,4.543,2,normal
2026-03-30T02:07:39.000Z,5.0012,1.2015,124.359,8.84,4.473,2,normal
2026-03-30T02:07:40.000Z,4.9792,1.1941,124.9573,9.49,4.558,2,normal
2026-03-30T02:07:41.000Z,4.9792,1.1978,124.4017,9.99,4.571,2,normal
2026-03-30T02:07:42.000Z,4.9719,1.1941,124.2308,8.68,4.43,2,normal
2026-03-30T02:07:43.000Z,4.9768,1.2051,124.359,8.56,4.477,2,normal
2026-03-30T02:07:44.000Z,4.989,1.2051,124.5726,10.53,4.476,2,normal
2026-03-30T02:07:45.000Z,4.9768,1.1978,124.4444,10.9,4.42,2,normal
2026-03-30T02:07:46.000Z,4.9597,1.2051,124.7009,10.5,4.431,2,normal
2026-03-30T02:07:47.000Z,4.9792,1.2051,124.359,9.43,4.539,2,normal
2026-03-30T02:07:48.000Z,4.967,1.2015,124.4444,11.69,4.548,2,normal
2026-03-30T02:07:49.000Z,4.9646,1.2051,124.3162,8.59,4.441,2,normal
2026-03-30T02:07:50.000Z,4.989,1.1978,124.4872,10.1,4.474,2,normal
2026-03-30T02:07:51.000Z,4.9744,1.1868,124.5299,9.72,4.462,2,normal
2026-03-30T02:07:52.000Z,4.9719,1.2015,124.359,8.19,4.513,2,normal
2026-03-30T02:07:53.000Z,4.9695,1.1941,124.4872,12.43,4.504,2,normal
2026-03-30T02:07:54.000Z,4.9963,1.2015,124.5726,10.1,4.545,2,normal
2026-03-30T02:07:55.000Z,4.9866,1.2088,124.4872,11.83,4.526,2,normal
2026-03-30T02:07:56.000Z,4.9866,1.1978,124.4444,7.8,4.441,2,normal
2026-03-30T02:07:57.000Z,4.967,1.1978,124.2308,11.15,4.53,2,normal
2026-03-30T02:07:58.000Z,4.9939,1.2088,124.4444,9.41,4.508,2,normal
2026-03-30T02:07:59.000Z,4.9963,1.1941,124.359,9.39,4.469,2,normal
2026-03-30T02:08:00.000Z,4.9646,1.2015,124.4872,9.36,4.573,2,normal
2026-03-30T02:08:01.000Z,4.9695,1.1978,124.2735,11.65,4.544,2,normal
2026-03-30T02:08:02.000Z,4.9768,1.2088,124.4444,9.35,4.493,2,normal
2026-03-30T02:08:03.000Z,4.9621,1.1905,124.359,10.13,4.553,2,normal
2026-03-30T02:08:04.000Z,4.9768,1.1941,124.359,9.64,4.46,2,normal
2026-03-30T02:08:05.000Z,4.9792,1.2051,124.5299,10.72,4.437,2,normal
2026-03-30T02:08:06.000Z,4.9841,1.1941,124.6154,10.31,4.547,2,normal
2026-03-30T02:08:07.000Z,4.9817,1.1978,124.2735,10.05,4.513,2,normal
2026-03-30T02:08:08.000Z,4.9695,1.2015,124.2735,9.39,4.55,2,normal
2026-03-30T02:08:09.000Z,4.9866,1.1978,124.6154,9.27,4.489,2,normal
2026-03-30T02:08:10.000Z,4.967,1.2015,124.5726,9.8,4.545,2,normal
2026-03-30T02:08:11.000Z,4.9866,1.1978,124.188,10.32,4.515,2,normal
2026-03-30T02:08:12.000Z,4.967,1.2015,124.5726,7.89,4.536,2,normal
2026-03-30T02:08:13.000Z,4.9597,1.1978,124.3162,10.01,4.465,2,normal
2026-03-30T02:08:14.000Z,4.9866,1.2088,124.4444,9.32,4.575,2,normal
2026-03-30T02:08:15.000Z,4.9841,1.1905,124.4444,10.55,4.567,2,normal
2026-03-30T02:08:16.000Z,4.9841,1.2088,124.8291,9.91,4.531,2,normal
2026-03-30T02:08:17.000Z,4.9963,1.1978,124.2308,10.74,4.516,2,normal
2026-03-30T02:08:18.000Z,4.9621,1.2015,124.5299,9.18,4.548,2,normal
2026-03-30T02:08:19.000Z,4.9841,1.1941,124.5726,8.92,4.569,2,normal
2026-03-30T02:08:20.000Z,4.9915,1.1978,124.4444,10.9,4.47,2,normal
2026-03-30T02:08:21.000Z,4.967,1.2088,124.4017,8.88,4.525,2,normal
2026-03-30T02:08:22.000Z,4.9939,1.1941,124.5299,7.03,4.417,2,normal
2026-03-30T02:08:23.000Z,4.9719,1.2088,124.5726,9.89,4.57,2,normal
2026-03-30T02:08:24.000Z,4.9621,1.2051,124.5299,12.12,4.493,2,normal
2026-03-30T02:08:25.000Z,4.9744,1.2015,124.2308,8.52,4.507,2,normal
2026-03-30T02:08:26.000Z,4.9573,1.1868,124.3162,9.86,4.506,2,normal
2026-03-30T02:08:27.000Z,4.9744,1.2051,124.7436,8.52,4.522,2,normal
2026-03-30T02:08:28.000Z,4.9817,1.2015,124.3162,12.43,4.545,2,normal
2026-03-30T02:08:29.000Z,4.9719,1.2015,124.2308,10.99,4.524,2,normal
2026-03-30T02:08:30.000Z,4.9866,1.1941,124.4017,8.32,4.57,2,normal
2026-03-30T02:08:31.000Z,4.9695,1.1978,124.4872,9.54,4.571,2,normal
2026-03-30T02:08:32.000Z,4.9695,1.2015,124.359,10.49,4.493,2,normal
2026-03-30T02:08:33.000Z,4.967,1.1978,124.5726,9.79,4.497,2,normal
2026-03-30T02:08:34.000Z,4.9792,1.2051,124.359,9.79,4.478,2,normal
2026-03-30T02:08:35.000Z,4.9719,1.1941,124.6154,11.86,4.528,2,normal
2026-03-30T02:08:36.000Z,4.967,1.2015,124.5299,10.16,4.48,2,normal
2026-03-30T02:08:37.000Z,4.9817,1.1978,124.6154,9.96,4.518,2,normal
2026-03-30T02:08:38.000Z,4.9792,1.1978,124.4872,9.66,4.427,2,normal
2026-03-30T02:08:39.000Z,4.9939,1.1978,124.5299,11.64,4.419,2,normal
2026-03-30T02:08:40.000Z,4.9915,1.1978,124.5299,10.57,4.575,2,normal
2026-03-30T02:08:41.000Z,4.9695,1.1978,124.2735,8.89,4.461,2,normal
2026-03-30T02:08:42.000Z,4.9744,1.1941,124.4017,10.89,4.473,2,normal
2026-03-30T02:08:43.000Z,4.9719,1.1978,124.4017,9.29,4.552,2,normal
2026-03-30T02:08:44.000Z,4.9792,1.1978,124.359,13.37,4.503,2,normal
2026-03-30T02:08:45.000Z,4.9646,1.2015,124.0171,9.25,4.56,2,normal
2026-03-30T02:08:46.000Z,4.9744,1.2015,124.4017,10.17,4.546,2,normal
2026-03-30T02:08:47.000Z,4.9646,1.2125,124.5726,8.08,4.577,2,normal
2026-03-30T02:08:48.000Z,4.9695,1.1941,124.359,10.35,4.509,2,normal
2026-03-30T02:08:49.000Z,4.9866,1.2088,124.5726,8.94,4.506,2,normal
2026-03-30T02:08:50.000Z,4.9866,1.2051,124.5299,8.7,4.559,2,normal
2026-03-30T02:08:51.000Z,4.9817,1.1941,124.4444,9.85,4.492,2,normal
2026-03-30T02:08:52.000Z,4.9768,1.1905,124.359,9.22,4.425,2,normal
2026-03-30T02:08:53.000Z,4.9939,1.1978,124.4872,7.55,4.492,2,normal
2026-03-30T02:08:54.000Z,4.989,1.2051,124.6581,9.87,4.548,2,normal
2026-03-30T02:08:55.000Z,4.9817,1.2051,124.359,9.51,4.447,2,normal
2026-03-30T02:08:56.000Z,4.9817,1.2051,124.2735,11.63,4.52,2,normal
2026-03-30T02:08:57.000Z,4.9915,1.1905,124.359,9.72,4.438,2,normal
2026-03-30T02:08:58.000Z,4.9719,1.2015,124.7009,8.6,4.561,2,normal
2026-03-30T02:08:59.000Z,4.9548,1.1905,124.4444,9.5,4.556,2,normal
2026-03-30T02:09:00.000Z,4.9792,1.1941,124.5299,9.68,4.444,2,normal
2026-03-30T02:09:01.000Z,4.9768,1.2015,124.359,8.74,4.515,2,normal
2026-03-30T02:09:02.000Z,4.9768,1.1905,124.4872,11.47,4.543,2,normal
2026-03-30T02:09:03.000Z,4.9646,1.2051,124.2308,9.51,4.445,2,normal
2026-03-30T02:09:04.000Z,4.9719,1.1978,124.4872,10.61,4.524,2,normal
2026-03-30T02:09:05.000Z,4.9768,1.2015,124.4872,9.93,4.56,2,normal
2026-03-30T02:09:06.000Z,4.9768,1.2051,124.4017,10.5,4.545,2,normal
2026-03-30T02:09:07.000Z,4.9915,1.1832,124.4872,10.8,4.445,2,normal
2026-03-30T02:09:08.000Z,4.9841,1.2051,124.359,10.78,4.451,2,normal
2026-03-30T02:09:09.000Z,4.9768,1.1941,124.4444,9.31,4.561,2,normal
2026-03-30T02:09:10.000Z,4.9744,1.2015,124.4444,10.53,4.465,2,normal
2026-03-30T02:09:11.000Z,4.9866,1.2015,124.2308,9.66,4.45,2,normal
2026-03-30T02:09:12.000Z,4.9768,1.1978,124.5299,9.48,4.524,2,normal
2026-03-30T02:09:13.000Z,4.9792,1.2088,124.2735,11.37,4.473,2,normal
2026-03-30T02:09:14.000Z,4.9695,1.2015,124.7436,9.93,4.57,2,normal
2026-03-30T02:09:15.000Z,4.9621,1.2125,124.4017,9.8,4.451,2,normal
2026-03-30T02:09:16.000Z,4.9939,1.1905,124.5299,10.08,4.424,2,normal
2026-03-30T02:09:17.000Z,4.9597,1.2088,124.6154,11.27,4.465,2,normal
2026-03-30T02:09:18.000Z,4.9817,1.2051,124.4872,7.03,4.515,2,normal
2026-03-30T02:09:19.000Z,4.9939,1.2051,124.6154,9.36,4.459,2,normal
2026-03-30T02:09:20.000Z,4.9744,1.2015,124.6154,10.99,4.461,2,normal
2026-03-30T02:09:21.000Z,4.967,1.1978,124.4017,10.25,4.521,2,normal
2026-03-30T02:09:22.000Z,4.9548,1.1978,124.7009,10.97,4.535,2,normal
2026-03-30T02:09:23.000Z,4.9597,1.2088,124.6154,10.99,4.533,2,normal
2026-03-30T02:09:24.000Z,4.9792,1.2051,124.7436,9.66,4.432,2,normal
2026-03-30T02:09:25.000Z,4.9817,1.2015,124.4017,10.09,4.567,2,normal
2026-03-30T02:09:26.000Z,4.9621,1.2088,124.2308,9.31,4.481,2,normal
2026-03-30T02:09:27.000Z,4.9719,1.1905,124.4872,10.98,4.545,2,normal
2026-03-30T02:09:28.000Z,4.9695,1.2051,124.4444,9.0,4.577,2,normal
2026-03-30T02:09:29.000Z,4.9695,1.2015,124.359,9.11,4.497,2,normal
2026-03-30T02:09:30.000Z,4.9695,1.1978,124.5726,10.87,4.552,2,normal
2026-03-30T02:09:31.000Z,4.9841,1.2051,124.5299,8.43,4.479,2,normal
2026-03-30T02:09:32.000Z,4.9646,1.1978,124.6154,8.79,4.436,2,normal
2026-03-30T02:09:33.000Z,4.9646,1.2051,124.4444,7.97,4.536,2,normal
2026-03-30T02:09:34.000Z,4.9915,1.2015,124.6154,10.27,4.507,2,normal
2026-03-30T02:09:35.000Z,4.9719,1.2125,124.4872,10.89,4.421,2,normal
2026-03-30T02:09:36.000Z,4.9817,1.2015,124.6154,8.9,4.564,2,normal
2026-03-30T02:09:37.000Z,4.9768,1.1941,124.5726,9.97,4.554,2,normal
2026-03-30T02:09:38.000Z,4.9792,1.1978,124.4444,10.8,4.561,2,normal
2026-03-30T02:09:39.000Z,4.9719,1.2088,124.5726,12.24,4.46,2,normal
2026-03-30T02:09:40.000Z,4.9841,1.1978,124.5726,9.68,4.504,2,normal
2026-03-30T02:09:41.000Z,4.9573,1.2088,124.359,10.68,4.453,2,normal
2026-03-30T02:09:42.000Z,4.9621,1.2088,124.359,9.53,4.482,2,normal
2026-03-30T02:09:43.000Z,4.989,1.2015,124.4444,9.85,4.439,2,normal
2026-03-30T02:09:44.000Z,4.9817,1.1978,124.7009,9.43,4.443,2,normal
2026-03-30T02:09:45.000Z,4.9744,1.2051,124.4872,9.62,4.43,2,normal
2026-03-30T02:09:46.000Z,4.9744,1.1905,124.4444,9.32,4.452,2,normal
2026-03-30T02:09:47.000Z,4.9841,1.1978,124.359,9.11,4.535,2,normal
2026-03-30T02:09:48.000Z,4.967,1.1978,124.4872,8.13,4.468,2,normal
2026-03-30T02:09:49.000Z,4.9841,1.2015,124.5726,10.05,4.545,2,normal
2026-03-30T02:09:50.000Z,4.9768,1.2015,124.4017,8.74,4.538,2,normal
2026-03-30T02:09:51.000Z,4.9866,1.2015,124.6581,9.83,4.49,2,normal
2026-03-30T02:09:52.000Z,4.9768,1.1868,124.359,9.7,4.474,2,normal
2026-03-30T02:09:53.000Z,4.9817,1.1941,124.3162,10.41,4.543,2,normal
2026-03-30T02:09:54.000Z,4.9817,1.1978,124.3162,8.38,4.441,2,normal
2026-03-30T02:09:55.000Z,4.9646,1.2015,124.5726,11.41,4.437,2,normal
2026-03-30T02:09:56.000Z,4.9988,1.1978,124.5726,9.53,4.475,2,normal
2026-03-30T02:09:57.000Z,4.9768,1.1941,124.359,10.84,4.452,2,normal
2026-03-30T02:09:58.000Z,4.9841,1.2015,124.2308,9.32,4.525,2,normal
2026-03-30T02:09:59.000Z,4.967,1.2051,124.6581,10.96,4.426,2,normal
2026-03-30T02:10:00.000Z,4.967,1.2015,124.2308,8.17,4.516,2,normal
2026-03-30T02:10:01.000Z,4.9621,1.2088,124.4872,7.04,4.504,2,normal
2026-03-30T02:10:02.000Z,4.9841,1.2051,124.6581,11.58,4.546,2,normal
2026-03-30T02:10:03.000Z,4.9792,1.2015,124.5726,10.0,4.507,2,normal
2026-03-30T02:10:04.000Z,4.9792,1.2015,124.6154,9.62,4.429,2,normal
2026-03-30T02:10:05.000Z,4.9841,1.1978,124.2735,7.98,4.479,2,normal
2026-03-30T02:10:06.000Z,4.9792,1.2088,124.4872,8.34,4.516,2,normal
2026-03-30T02:10:07.000Z,4.967,1.1978,124.6154,10.95,4.562,2,normal
2026-03-30T02:10:08.000Z,4.9646,1.1868,124.4872,11.57,4.483,2,normal
2026-03-30T02:10:09.000Z,4.967,1.2051,124.5299,7.87,4.537,2,normal
2026-03-30T02:10:10.000Z,4.9963,1.2015,124.1453,10.59,4.57,2,normal
2026-03-30T02:10:11.000Z,4.9841,1.2088,124.359,8.9,4.515,2,normal
2026-03-30T02:10:12.000Z,4.9939,1.1941,124.6154,11.51,4.576,2,normal
2026-03-30T02:10:13.000Z,4.9719,1.1978,124.5726,11.47,4.507,2,normal
2026-03-30T02:10:14.000Z,4.9695,1.2051,124.7009,7.68,4.557,2,normal
2026-03-30T02:10:15.000Z,4.9768,1.2051,124.4017,7.7,4.518,2,normal
2026-03-30T02:10:16.000Z,4.9817,1.2015,124.4444,9.99,4.417,2,normal
2026-03-30T02:10:17.000Z,4.9841,1.1832,124.3162,9.48,4.57,2,normal
2026-03-30T02:10:18.000Z,4.9915,1.2015,124.4872,8.49,4.569,2,normal
2026-03-30T02:10:19.000Z,4.967,1.2051,124.4872,10.55,4.468,2,normal
2026-03-30T02:10:20.000Z,4.967,1.1978,124.359,8.32,4.553,2,normal
2026-03-30T02:10:21.000Z,4.9597,1.1941,124.2308,10.8,4.552,2,normal
2026-03-30T02:10:22.000Z,4.9866,1.2015,124.4872,8.97,4.491,2,normal
2026-03-30T02:10:23.000Z,4.9744,1.2015,124.4444,8.99,4.506,2,normal
2026-03-30T02:10:24.000Z,4.9841,1.2051,124.4872,9.99,4.501,2,normal
2026-03-30T02:10:25.000Z,4.9792,1.1941,124.7436,10.43,4.579,2,normal
2026-03-30T02:10:26.000Z,4.9768,1.2088,124.8291,10.72,4.547,2,normal
2026-03-30T02:10:27.000Z,4.9719,1.1905,124.5299,8.04,4.47,2,normal
2026-03-30T02:10:28.000Z,4.9768,1.2015,124.359,11.23,4.54,2,normal
2026-03-30T02:10:29.000Z,4.9744,1.1978,124.359,10.9,4.498,2,normal
2026-03-30T02:10:30.000Z,4.9768,1.1941,124.188,10.16,4.45,2,normal
2026-03-30T02:10:31.000Z,4.9768,1.2051,124.7009,9.67,4.47,2,normal
2026-03-30T02:10:32.000Z,4.9792,1.2015,124.4444,10.48,4.491,2,normal
2026-03-30T02:10:33.000Z,4.9817,1.1905,124.6154,9.79,4.575,2,normal
2026-03-30T02:10:34.000Z,4.989,1.2088,124.3162,12.11,4.515,2,normal
2026-03-30T02:10:35.000Z,4.9573,1.1978,124.359,9.47,4.421,2,normal
2026-03-30T02:10:36.000Z,4.9573,1.2015,124.4444,10.01,4.532,2,normal
2026-03-30T02:10:37.000Z,4.9646,1.1978,124.5299,9.63,4.462,2,normal
2026-03-30T02:10:38.000Z,4.9744,1.1941,124.5299,10.57,4.552,2,normal
2026-03-30T02:10:39.000Z,4.9939,1.1905,124.5299,10.19,4.44,2,normal
2026-03-30T02:10:40.000Z,4.9621,1.2051,124.4872,8.92,4.489,2,normal
2026-03-30T02:10:41.000Z,4.9744,1.2015,124.188,11.22,4.439,2,normal
2026-03-30T02:10:42.000Z,4.9915,1.1941,124.2735,9.15,4.423,2,normal
2026-03-30T02:10:43.000Z,4.9817,1.2015,124.3162,9.96,4.464,2,normal
2026-03-30T02:10:44.000Z,4.9719,1.1941,124.4872,10.1,4.465,2,normal
2026-03-30T02:10:45.000Z,4.9841,1.1905,124.6581,9.45,4.509,2,normal
2026-03-30T02:10:46.000Z,4.9695,1.1978,124.5726,10.62,4.466,2,normal
2026-03-30T02:10:47.000Z,4.9744,1.1978,124.6154,9.45,4.467,2,normal
2026-03-30T02:10:48.000Z,4.967,1.2125,124.4444,9.26,4.462,2,normal
2026-03-30T02:10:49.000Z,4.9719,1.2015,124.6581,10.11,4.506,2,normal
2026-03-30T02:10:50.000Z,4.9792,1.1978,124.4444,11.58,4.543,2,normal
2026-03-30T02:10:51.000Z,4.9744,1.1941,124.5299,10.35,4.494,2,normal
2026-03-30T02:10:52.000Z,4.9792,1.2088,124.359,9.54,4.437,2,normal
2026-03-30T02:10:53.000Z,4.9768,1.2015,124.5726,9.13,4.453,2,normal
2026-03-30T02:10:54.000Z,4.9744,1.2015,124.2735,11.51,4.477,2,normal
2026-03-30T02:10:55.000Z,4.967,1.1941,124.4872,8.71,4.442,2,normal
2026-03-30T02:10:56.000Z,4.9768,1.2015,124.4872,9.02,4.551,2,normal
2026-03-30T02:10:57.000Z,4.9646,1.1941,124.7863,10.37,4.426,2,normal
2026-03-30T02:10:58.000Z,4.9768,1.2015,124.4017,10.03,4.467,2,normal
2026-03-30T02:10:59.000Z,4.9621,1.2015,124.4444,9.63,4.498,2,normal
2026-03-30T02:11:00.000Z,4.9963,1.1941,124.2308,9.94,4.549,2,normal
2026-03-30T02:11:01.000Z,4.9499,1.2015,124.5299,10.48,4.555,2,normal
2026-03-30T02:11:02.000Z,4.9744,1.1868,124.4444,7.57,4.504,2,normal
2026-03-30T02:11:03.000Z,4.9866,1.1941,124.4017,8.9,4.432,2,normal
2026-03-30T02:11:04.000Z,4.967,1.2051,124.4017,10.75,4.523,2,normal
2026-03-30T02:11:05.000Z,4.9646,1.2088,124.6154,8.62,4.483,2,normal
2026-03-30T02:11:06.000Z,4.9719,1.2015,124.0171,11.23,4.424,2,normal
2026-03-30T02:11:07.000Z,4.9866,1.1978,124.1453,9.91,4.538,2,normal
2026-03-30T02:11:08.000Z,4.9646,1.1868,124.7009,9.86,4.43,2,normal
2026-03-30T02:11:09.000Z,4.9695,1.2088,124.6154,10.44,4.445,2,normal
2026-03-30T02:11:10.000Z,4.989,1.1941,124.5726,10.84,4.421,2,normal
2026-03-30T02:11:11.000Z,4.9744,1.1978,124.4017,10.04,4.518,2,normal
2026-03-30T02:11:12.000Z,4.9841,1.2015,124.6154,6.35,4.489,2,normal
2026-03-30T02:11:13.000Z,4.9792,1.2015,124.4872,10.17,4.506,2,normal
2026-03-30T02:11:14.000Z,4.9768,1.2051,124.6581,7.98,4.46,2,normal
2026-03-30T02:11:15.000Z,4.9597,1.1978,124.8291,9.85,4.552,2,normal
2026-03-30T02:11:16.000Z,4.9695,1.1978,124.7863,9.79,4.486,2,normal
2026-03-30T02:11:17.000Z,4.9646,1.2051,124.5299,9.25,4.536,2,normal
2026-03-30T02:11:18.000Z,4.9792,1.2015,124.4872,10.13,4.576,2,normal
2026-03-30T02:11:19.000Z,4.967,1.1905,124.4017,10.72,4.464,2,normal
2026-03-30T02:11:20.000Z,4.989,1.2051,124.359,8.97,4.525,2,normal
2026-03-30T02:11:21.000Z,4.9792,1.1941,124.4872,9.88,4.552,2,normal
2026-03-30T02:11:22.000Z,4.989,1.2051,124.5299,9.11,4.47,2,normal
2026-03-30T02:11:23.000Z,4.9719,1.2051,124.5726,10.64,4.558,2,normal
2026-03-30T02:11:24.000Z,4.9744,1.1978,124.2735,12.19,4.469,2,normal
2026-03-30T02:11:25.000Z,4.9719,1.2015,124.6154,9.74,4.519,2,normal
2026-03-30T02:11:26.000Z,4.9817,1.1978,124.2308,10.49,4.57,2,normal
2026-03-30T02:11:27.000Z,4.9646,1.1978,124.5726,10.3,4.495,2,normal
2026-03-30T02:11:28.000Z,4.9597,1.1978,124.1453,10.55,4.433,2,normal
2026-03-30T02:11:29.000Z,4.9744,1.2015,124.5726,11.96,4.474,2,normal
2026-03-30T02:11:30.000Z,4.967,1.1978,124.5726,10.01,4.468,2,normal
2026-03-30T02:11:31.000Z,4.9768,1.1905,124.7863,9.71,4.484,2,normal
2026-03-30T02:11:32.000Z,4.9646,1.1978,124.6581,11.01,4.484,2,normal
2026-03-30T02:11:33.000Z,4.9792,1.1941,124.4017,8.98,4.522,2,normal
2026-03-30T02:11:34.000Z,4.9695,1.2051,124.5299,11.64,4.524,2,normal
2026-03-30T02:11:35.000Z,4.9841,1.1941,124.4444,9.4,4.489,2,normal
2026-03-30T02:11:36.000Z,4.967,1.2051,124.3162,10.26,4.438,2,normal
2026-03-30T02:11:37.000Z,4.9646,1.1978,124.4444,11.08,4.421,2,normal
2026-03-30T02:11:38.000Z,4.9915,1.2051,124.359,10.68,4.485,2,normal
2026-03-30T02:11:39.000Z,4.9719,1.1941,124.5726,10.68,4.453,2,normal
2026-03-30T02:11:40.000Z,4.9817,1.2015,124.4872,11.24,4.537,2,normal
2026-03-30T02:11:41.000Z,4.9744,1.1941,124.4017,11.7,4.484,2,normal
2026-03-30T02:11:42.000Z,4.9768,1.1905,124.3162,8.89,4.573,2,normal
2026-03-30T02:11:43.000Z,4.9792,1.1978,124.6154,10.55,4.507,2,normal
2026-03-30T02:11:44.000Z,4.9719,1.1868,124.359,9.99,4.529,2,normal
2026-03-30T02:11:45.000Z,4.9646,1.1941,124.5726,10.6,4.519,2,normal
2026-03-30T02:11:46.000Z,4.9768,1.2015,124.6154,10.05,4.55,2,normal
2026-03-30T02:11:47.000Z,4.9792,1.1905,124.359,11.21,4.51,2,normal
2026-03-30T02:11:48.000Z,4.9792,1.2015,124.359,8.38,4.553,2,normal
2026-03-30T02:11:49.000Z,4.9768,1.1941,124.6581,10.37,4.525,2,normal
2026-03-30T02:11:50.000Z,4.9695,1.2088,124.5726,8.95,4.458,2,normal
2026-03-30T02:11:51.000Z,4.9792,1.1941,124.6154,9.8,4.482,2,normal
2026-03-30T02:11:52.000Z,4.9597,1.1978,124.3162,7.56,4.521,2,normal
2026-03-30T02:11:53.000Z,4.9915,1.2015,124.6154,9.37,4.549,2,normal
2026-03-30T02:11:54.000Z,4.9866,1.1941,124.6154,9.48,4.56,2,normal
2026-03-30T02:11:55.000Z,4.9597,1.2088,124.359,10.53,4.449,2,normal
2026-03-30T02:11:56.000Z,4.9963,1.1941,124.8291,11.37,4.483,2,normal
2026-03-30T02:11:57.000Z,4.9744,1.1941,124.4872,10.4,4.526,2,normal
2026-03-30T02:11:58.000Z,4.989,1.2051,124.188,8.21,4.429,2,normal
2026-03-30T02:11:59.000Z,4.9695,1.1978,124.4017,9.02,4.569,2,normal
2026-03-30T02:12:00.000Z,4.9792,1.2161,124.4017,9.36,4.562,2,normal
2026-03-30T02:12:01.000Z,4.9841,1.1941,124.4444,9.41,4.524,2,normal
2026-03-30T02:12:02.000Z,4.9939,1.1941,124.2735,7.55,4.424,2,normal
2026-03-30T02:12:03.000Z,4.9817,1.1941,124.4444,9.87,4.552,2,normal
2026-03-30T02:12:04.000Z,4.9915,1.2051,124.9145,10.11,4.532,2,normal
2026-03-30T02:12:05.000Z,4.9719,1.2051,124.5299,7.77,4.506,2,normal
2026-03-30T02:12:06.000Z,4.967,1.1905,124.4444,8.42,4.496,2,normal
2026-03-30T02:12:07.000Z,4.9963,1.2015,124.3162,10.65,4.426,2,normal
2026-03-30T02:12:08.000Z,4.9841,1.2125,124.4017,9.15,4.534,2,normal
2026-03-30T02:12:09.000Z,4.9719,1.2015,124.5299,11.94,4.433,2,normal
2026-03-30T02:12:10.000Z,4.9719,1.2015,124.5726,12.4,4.457,2,normal
2026-03-30T02:12:11.000Z,4.9744,1.2051,124.5299,9.56,4.462,2,normal
2026-03-30T02:12:12.000Z,4.9695,1.2015,124.4017,11.66,4.44,2,normal
2026-03-30T02:12:13.000Z,4.967,1.1941,124.4444,10.19,4.564,2,normal
2026-03-30T02:12:14.000Z,4.9768,1.1978,124.2308,11.57,4.462,2,normal
2026-03-30T02:12:15.000Z,4.967,1.1941,124.5726,10.15,4.52,2,normal
2026-03-30T02:12:16.000Z,4.9817,1.1978,124.359,9.39,4.555,2,normal
2026-03-30T02:12:17.000Z,4.9646,1.1978,124.4444,9.04,4.507,2,normal
2026-03-30T02:12:18.000Z,4.9768,1.2051,124.6154,8.89,4.43,2,normal
2026-03-30T02:12:19.000Z,4.9792,1.1941,124.6581,9.57,4.446,2,normal
2026-03-30T02:12:20.000Z,4.9744,1.1978,124.2735,10.94,4.457,2,normal
2026-03-30T02:12:21.000Z,4.9841,1.1941,124.6154,10.53,4.571,2,normal
2026-03-30T02:12:22.000Z,4.9792,1.2088,124.2308,9.34,4.444,2,normal
2026-03-30T02:12:23.000Z,4.9768,1.1978,124.4017,10.76,4.507,2,normal
2026-03-30T02:12:24.000Z,4.9719,1.2015,124.3162,8.68,4.458,2,normal
2026-03-30T02:12:25.000Z,5.0061,1.2015,124.4444,9.19,4.434,2,normal
2026-03-30T02:12:26.000Z,4.989,1.1978,124.6154,12.41,4.462,2,normal
2026-03-30T02:12:27.000Z,4.9646,1.2088,124.4444,10.19,4.484,2,normal
2026-03-30T02:12:28.000Z,4.9719,1.1978,124.4444,8.33,4.515,2,normal
2026-03-30T02:12:29.000Z,4.9841,1.1905,124.4444,10.45,4.521,2,normal
2026-03-30T02:12:30.000Z,4.9841,1.2051,124.4444,10.03,4.576,2,normal
2026-03-30T02:12:31.000Z,4.9719,1.1978,124.4444,9.8,4.433,2,normal
2026-03-30T02:12:32.000Z,4.9792,1.1978,124.6154,9.51,4.524,2,normal
2026-03-30T02:12:33.000Z,4.9792,1.2015,124.5726,6.79,4.498,2,normal
2026-03-30T02:12:34.000Z,4.9866,1.2015,124.4872,9.8,4.426,2,normal
2026-03-30T02:12:35.000Z,4.967,1.1905,124.5726,7.96,4.534,2,normal
2026-03-30T02:12:36.000Z,4.9573,1.1978,124.2308,10.34,4.487,2,normal
2026-03-30T02:12:37.000Z,4.9841,1.1941,124.5299,8.26,4.575,2,normal
2026-03-30T02:12:38.000Z,4.9817,1.2051,124.5726,12.26,4.497,2,normal
2026-03-30T02:12:39.000Z,4.9744,1.1941,124.359,9.91,4.516,2,normal
2026-03-30T02:12:40.000Z,4.9573,1.2015,124.5299,11.45,4.501,2,normal
2026-03-30T02:12:41.000Z,4.9768,1.1978,124.3162,8.24,4.515,2,normal
2026-03-30T02:12:42.000Z,4.9621,1.2015,124.2735,11.22,4.433,2,normal
2026-03-30T02:12:43.000Z,4.9744,1.1978,124.3162,12.12,4.545,2,normal
2026-03-30T02:12:44.000Z,4.9744,1.1941,124.359,9.79,4.572,2,normal
2026-03-30T02:12:45.000Z,4.9719,1.2051,124.5299,11.69,4.536,2,normal
2026-03-30T02:12:46.000Z,4.9768,1.2015,124.6154,9.64,4.515,2,normal
2026-03-30T02:12:47.000Z,4.9744,1.2051,124.4017,9.31,4.545,2,normal
2026-03-30T02:12:48.000Z,4.9475,1.2051,124.7009,9.64,4.473,2,normal
2026-03-30T02:12:49.000Z,5.0012,1.2051,124.5299,10.6,4.508,2,normal
2026-03-30T02:12:50.000Z,4.9719,1.1941,124.4872,8.45,4.548,2,normal
2026-03-30T02:12:51.000Z,4.9841,1.2088,124.4017,10.69,4.536,2,normal
2026-03-30T02:12:52.000Z,4.9695,1.1978,124.5726,9.43,4.547,2,normal
2026-03-30T02:12:53.000Z,4.9597,1.2015,124.5299,11.12,4.467,2,normal
2026-03-30T02:12:54.000Z,4.967,1.2051,124.3162,8.44,4.523,2,normal
2026-03-30T02:12:55.000Z,4.9548,1.2015,124.4872,9.91,4.437,2,normal
2026-03-30T02:12:56.000Z,4.9817,1.1905,124.5726,9.76,4.557,2,normal
2026-03-30T02:12:57.000Z,4.9695,1.1978,124.4872,9.81,4.561,2,normal
2026-03-30T02:12:58.000Z,4.9646,1.1941,124.7009,10.97,4.447,2,normal
2026-03-30T02:12:59.000Z,4.9719,1.2051,124.2735,8.85,4.529,2,normal
2026-03-30T02:13:00.000Z,4.9719,1.1941,124.6154,8.08,4.542,2,normal
2026-03-30T02:13:01.000Z,4.9963,1.1978,124.6154,8.73,4.448,2,normal
2026-03-30T02:13:02.000Z,4.9866,1.2015,124.7436,10.7,4.546,2,normal
2026-03-30T02:13:03.000Z,4.9744,1.1978,124.4017,8.81,4.488,2,normal
2026-03-30T02:13:04.000Z,4.9792,1.2015,124.4872,9.13,4.522,2,normal
2026-03-30T02:13:05.000Z,4.9939,1.2051,124.4444,11.05,4.476,2,normal
2026-03-30T02:13:06.000Z,5.0012,1.1868,124.4017,8.46,4.537,2,normal
2026-03-30T02:13:07.000Z,4.9866,1.1978,124.3162,8.55,4.416,2,normal
2026-03-30T02:13:08.000Z,4.9646,1.2051,124.1453,8.06,4.486,2,normal
2026-03-30T02:13:09.000Z,4.9597,1.1868,124.3162,10.63,4.523,2,normal
2026-03-30T02:13:10.000Z,4.9817,1.1978,124.359,9.52,4.524,2,normal
2026-03-30T02:13:11.000Z,4.9719,1.2088,124.5299,11.21,4.544,2,normal
2026-03-30T02:13:12.000Z,4.9744,1.1941,124.5299,9.64,4.577,2,normal
2026-03-30T02:13:13.000Z,4.9768,1.1978,124.2735,11.95,4.475,2,normal
2026-03-30T02:13:14.000Z,4.9866,1.1941,124.188,8.38,4.531,2,normal
2026-03-30T02:13:15.000Z,4.9597,1.2088,124.359,9.48,4.426,2,normal
2026-03-30T02:13:16.000Z,4.9841,1.2015,124.4444,9.86,4.574,2,normal
2026-03-30T02:13:17.000Z,4.9817,1.1905,124.359,10.35,4.49,2,normal
2026-03-30T02:13:18.000Z,4.9841,1.2015,124.2735,7.2,4.473,2,normal
2026-03-30T02:13:19.000Z,4.9768,1.2051,124.359,11.11,4.493,2,normal
2026-03-30T02:13:20.000Z,4.9915,1.1978,124.4017,10.89,4.468,2,normal
2026-03-30T02:13:21.000Z,4.9792,1.1978,124.7009,9.08,4.427,2,normal
2026-03-30T02:13:22.000Z,4.9548,1.1941,124.5299,10.68,4.437,2,normal
2026-03-30T02:13:23.000Z,4.9621,1.2051,124.4017,8.19,4.551,2,normal
2026-03-30T02:13:24.000Z,4.9744,1.2051,124.6154,7.92,4.453,2,normal
2026-03-30T02:13:25.000Z,4.9744,1.2015,124.4872,12.12,4.465,2,normal
2026-03-30T02:13:26.000Z,4.9768,1.1941,124.4444,9.94,4.518,2,normal
2026-03-30T02:13:27.000Z,4.9719,1.2015,124.5299,12.45,4.546,2,normal
2026-03-30T02:13:28.000Z,4.9817,1.2015,124.359,10.03,4.551,2,normal
2026-03-30T02:13:29.000Z,4.9792,1.1978,124.4017,9.36,4.552,2,normal
2026-03-30T02:13:30.000Z,4.9792,1.2015,124.3162,10.04,4.489,2,normal
2026-03-30T02:13:31.000Z,4.9646,1.1978,124.5726,8.76,4.487,2,normal
2026-03-30T02:13:32.000Z,4.989,1.2051,124.5299,9.72,4.422,2,normal
2026-03-30T02:13:33.000Z,4.9719,1.2051,124.6154,10.29,4.517,2,normal
2026-03-30T02:13:34.000Z,4.9573,1.2051,124.6154,11.75,4.501,2,normal
2026-03-30T02:13:35.000Z,4.9768,1.1941,124.7009,10.01,4.533,2,normal
2026-03-30T02:13:36.000Z,4.9792,1.1941,124.2735,9.75,4.456,2,normal
2026-03-30T02:13:37.000Z,4.9841,1.1941,124.4872,10.68,4.479,2,normal
2026-03-30T02:13:38.000Z,4.9451,1.1941,124.2735,10.11,4.497,2,normal
2026-03-30T02:13:39.000Z,4.9744,1.2088,124.5726,7.91,4.509,2,normal
2026-03-30T02:13:40.000Z,4.9841,1.1978,124.188,11.91,4.509,2,normal
2026-03-30T02:13:41.000Z,4.9792,1.2088,124.4017,9.77,4.545,2,normal
2026-03-30T02:13:42.000Z,4.9866,1.2051,124.4872,11.24,4.427,2,normal
2026-03-30T02:13:43.000Z,4.9866,1.1978,124.4017,6.86,4.46,2,normal
2026-03-30T02:13:44.000Z,4.9719,1.2015,124.1453,10.66,4.548,2,normal
2026-03-30T02:13:45.000Z,4.989,1.2051,124.4017,8.05,4.546,2,normal
2026-03-30T02:13:46.000Z,4.967,1.1941,124.359,10.33,4.507,2,normal
2026-03-30T02:13:47.000Z,4.9719,1.2015,124.4017,9.1,4.434,2,normal
2026-03-30T02:13:48.000Z,4.9695,1.2015,124.6154,13.18,4.432,2,normal
2026-03-30T02:13:49.000Z,4.9963,1.2015,124.5299,9.52,4.433,2,normal
2026-03-30T02:13:50.000Z,4.9597,1.1941,124.4444,10.89,4.421,2,normal
2026-03-30T02:13:51.000Z,4.9866,1.2051,124.4444,10.23,4.465,2,normal
2026-03-30T02:13:52.000Z,4.9744,1.1941,124.4444,11.57,4.427,2,normal
2026-03-30T02:13:53.000Z,4.9866,1.1905,124.6581,8.24,4.497,2,normal
2026-03-30T02:13:54.000Z,4.9744,1.2051,124.4017,8.64,4.428,2,normal
2026-03-30T02:13:55.000Z,4.9744,1.2015,124.5726,8.51,4.427,2,normal
2026-03-30T02:13:56.000Z,4.9621,1.1941,124.2735,10.59,4.519,2,normal
2026-03-30T02:13:57.000Z,4.9646,1.2051,124.5726,8.53,4.468,2,normal
2026-03-30T02:13:58.000Z,4.9866,1.1905,124.7436,10.75,4.434,2,normal
2026-03-30T02:13:59.000Z,4.9768,1.2015,124.3162,11.12,4.442,2,normal
2026-03-30T02:14:00.000Z,4.9768,1.1941,124.7863,10.23,4.424,2,normal
2026-03-30T02:14:01.000Z,4.9597,1.1978,124.4444,10.41,4.577,2,normal
2026-03-30T02:14:02.000Z,4.9768,1.1905,124.6581,10.15,4.513,2,normal
2026-03-30T02:14:03.000Z,4.9621,1.2088,124.4017,13.56,4.422,2,normal
2026-03-30T02:14:04.000Z,4.9768,1.2088,124.5299,10.68,4.556,2,normal
2026-03-30T02:14:05.000Z,4.9817,1.1941,124.5726,9.45,4.541,2,normal
2026-03-30T02:14:06.000Z,4.9621,1.1941,124.4017,8.89,4.459,2,normal
2026-03-30T02:14:07.000Z,4.9719,1.1905,124.6581,8.73,4.557,2,normal
2026-03-30T02:14:08.000Z,4.9744,1.1941,124.5726,11.07,4.424,2,normal
2026-03-30T02:14:09.000Z,4.9768,1.2015,124.7436,9.16,4.461,2,normal
2026-03-30T02:14:10.000Z,4.9719,1.2051,124.4017,11.89,4.494,2,normal
2026-03-30T02:14:11.000Z,4.9719,1.1978,124.4872,10.74,4.526,2,normal
2026-03-30T02:14:12.000Z,4.9792,1.1941,124.4017,8.58,4.535,2,normal
2026-03-30T02:14:13.000Z,4.9915,1.1978,124.4444,11.88,4.431,2,normal
2026-03-30T02:14:14.000Z,4.9768,1.2051,124.4444,11.0,4.471,2,normal
2026-03-30T02:14:15.000Z,4.9817,1.2088,124.359,11.59,4.555,2,normal
2026-03-30T02:14:16.000Z,4.9841,1.2015,124.6154,8.82,4.477,2,normal
2026-03-30T02:14:17.000Z,4.9744,1.2051,124.5726,9.38,4.42,2,normal
2026-03-30T02:14:18.000Z,4.9621,1.1978,124.4872,11.15,4.561,2,normal
2026-03-30T02:14:19.000Z,4.9719,1.2015,124.4872,9.77,4.462,2,normal
2026-03-30T02:14:20.000Z,4.9817,1.1978,124.4872,8.38,4.544,2,normal
2026-03-30T02:14:21.000Z,4.9768,1.1868,124.2735,10.95,4.442,2,normal
2026-03-30T02:14:22.000Z,4.9768,1.1978,124.5726,10.11,4.485,2,normal
2026-03-30T02:14:23.000Z,4.9915,1.2015,124.4444,8.04,4.423,2,normal
2026-03-30T02:14:24.000Z,4.9646,1.2051,124.6581,12.05,4.426,2,normal
2026-03-30T02:14:25.000Z,4.967,1.1978,124.5726,9.8,4.536,2,normal
2026-03-30T02:14:26.000Z,4.9744,1.1905,124.2308,8.74,4.535,2,normal
2026-03-30T02:14:27.000Z,4.9768,1.1978,124.6154,8.28,4.476,2,normal
2026-03-30T02:14:28.000Z,4.9744,1.1978,124.3162,10.05,4.425,2,normal
2026-03-30T02:14:29.000Z,4.9792,1.1978,124.4017,8.78,4.537,2,normal
2026-03-30T02:14:30.000Z,4.9695,1.2161,124.6581,9.27,4.479,2,normal
2026-03-30T02:14:31.000Z,4.9768,1.2015,124.5299,10.47,4.568,2,normal
2026-03-30T02:14:32.000Z,4.9451,1.2015,124.4444,10.81,4.434,2,normal
2026-03-30T02:14:33.000Z,4.9719,1.2051,124.5726,9.43,4.472,2,normal
2026-03-30T02:14:34.000Z,4.9866,1.1905,124.3162,9.73,4.449,2,normal
2026-03-30T02:14:35.000Z,4.9768,1.1941,124.359,10.41,4.502,2,normal
2026-03-30T02:14:36.000Z,4.9768,1.2051,124.4872,7.02,4.47,2,normal
2026-03-30T02:14:37.000Z,4.9744,1.1905,124.2735,8.88,4.428,2,normal
2026-03-30T02:14:38.000Z,4.9817,1.2015,124.4872,9.07,4.522,2,normal
2026-03-30T02:14:39.000Z,4.9646,1.1941,124.2735,11.36,4.474,2,normal
2026-03-30T02:14:40.000Z,4.989,1.2015,124.5299,8.78,4.546,2,normal
2026-03-30T02:14:41.000Z,4.9817,1.1978,124.4444,10.86,4.567,2,normal
2026-03-30T02:14:42.000Z,4.9866,1.2015,124.5726,9.35,4.462,2,normal
2026-03-30T02:14:43.000Z,4.9792,1.1978,124.359,13.09,4.51,2,normal
2026-03-30T02:14:44.000Z,4.967,1.2015,124.4017,10.23,4.429,2,normal
2026-03-30T02:14:45.000Z,4.9548,1.2088,124.3162,10.34,4.508,2,normal
2026-03-30T02:14:46.000Z,4.9695,1.1941,124.4872,9.26,4.423,2,normal
2026-03-30T02:14:47.000Z,4.989,1.2015,124.2308,11.55,4.513,2,normal
2026-03-30T02:14:48.000Z,4.9792,1.1795,124.5299,7.4,4.478,2,normal
2026-03-30T02:14:49.000Z,4.9817,1.1905,124.4444,9.78,4.544,2,normal
2026-03-30T02:14:50.000Z,4.9792,1.1978,124.4872,10.23,4.419,2,normal
2026-03-30T02:14:51.000Z,4.9817,1.2088,124.359,9.28,4.562,2,normal
2026-03-30T02:14:52.000Z,4.9792,1.1941,124.4444,9.09,4.428,2,normal
2026-03-30T02:14:53.000Z,4.9817,1.1941,124.4872,9.59,4.525,2,normal
2026-03-30T02:14:54.000Z,4.9621,1.2088,124.5726,9.05,4.54,2,normal
2026-03-30T02:14:55.000Z,4.9744,1.2015,124.3162,9.91,4.557,2,normal
2026-03-30T02:14:56.000Z,4.9768,1.1978,124.5299,9.48,4.571,2,normal
2026-03-30T02:14:57.000Z,4.9744,1.2015,124.4444,8.69,4.422,2,normal
2026-03-30T02:14:58.000Z,4.9524,1.1978,124.2308,9.0,4.541,2,normal
2026-03-30T02:14:59.000Z,4.9939,1.1905,124.4444,10.01,4.55,2,normal
2026-03-30T02:15:00.000Z,4.9939,1.1978,124.6154,8.59,4.497,2,normal
2026-03-30T02:15:01.000Z,4.9866,1.2015,124.188,8.99,4.565,2,normal
2026-03-30T02:15:02.000Z,4.9719,1.2015,124.4444,9.68,4.466,2,normal
2026-03-30T02:15:03.000Z,4.9744,1.2015,124.359,11.81,4.573,2,normal
2026-03-30T02:15:04.000Z,4.9719,1.2051,124.3162,9.54,4.53,2,normal
2026-03-30T02:15:05.000Z,4.9817,1.2051,124.4444,11.2,4.422,2,normal
2026-03-30T02:15:06.000Z,4.9573,1.1941,124.5726,10.11,4.514,2,normal
2026-03-30T02:15:07.000Z,4.9621,1.2015,124.4017,10.43,4.571,2,normal
2026-03-30T02:15:08.000Z,4.989,1.1978,124.3162,9.96,4.424,2,normal
2026-03-30T02:15:09.000Z,4.9719,1.2051,124.4444,10.48,4.489,2,normal
2026-03-30T02:15:10.000Z,4.967,1.1978,124.4872,7.65,4.497,2,normal
2026-03-30T02:15:11.000Z,4.9866,1.2015,124.4017,10.11,4.467,2,normal
2026-03-30T02:15:12.000Z,4.9744,1.2015,124.4872,12.1,4.436,2,normal
2026-03-30T02:15:13.000Z,4.9915,1.2015,124.3162,10.83,4.503,2,normal
2026-03-30T02:15:14.000Z,4.9744,1.1978,124.4444,10.29,4.424,2,normal
2026-03-30T02:15:15.000Z,4.9719,1.1905,124.7436,10.36,4.448,2,normal
2026-03-30T02:15:16.000Z,4.9817,1.2015,124.4017,9.33,4.447,2,normal
2026-03-30T02:15:17.000Z,4.9719,1.1941,124.4444,7.42,4.445,2,normal
2026-03-30T02:15:18.000Z,4.9646,1.1905,124.6154,9.08,4.552,2,normal
2026-03-30T02:15:19.000Z,4.9792,1.2015,124.4444,9.39,4.515,2,normal
2026-03-30T02:15:20.000Z,4.9841,1.2015,124.6581,9.63,4.493,2,normal
2026-03-30T02:15:21.000Z,4.9841,1.2088,124.5726,10.32,4.476,2,normal
2026-03-30T02:15:22.000Z,4.9646,1.1941,124.4017,9.46,4.552,2,normal
2026-03-30T02:15:23.000Z,4.9915,1.2015,124.5299,9.33,4.57,2,normal
2026-03-30T02:15:24.000Z,4.9792,1.1978,124.4017,10.28,4.437,2,normal
2026-03-30T02:15:25.000Z,4.9744,1.2015,124.4872,8.61,4.478,2,normal
2026-03-30T02:15:26.000Z,4.9817,1.2015,124.5299,9.13,4.429,2,normal
2026-03-30T02:15:27.000Z,4.967,1.2015,124.4444,11.48,4.422,2,normal
2026-03-30T02:15:28.000Z,4.9792,1.2088,124.4017,7.84,4.55,2,normal
2026-03-30T02:15:29.000Z,4.9719,1.2051,124.4872,9.67,4.432,2,normal
2026-03-30T02:15:30.000Z,4.9695,1.1941,124.5299,9.0,4.472,2,normal
2026-03-30T02:15:31.000Z,4.9792,1.2015,124.4872,9.08,4.574,2,normal
2026-03-30T02:15:32.000Z,4.9744,1.1978,124.6154,10.7,4.434,2,normal
2026-03-30T02:15:33.000Z,4.9866,1.1978,124.4017,9.59,4.504,2,normal
2026-03-30T02:15:34.000Z,4.9792,1.1941,124.5299,10.64,4.432,2,normal
2026-03-30T02:15:35.000Z,4.9866,1.1978,124.4017,9.12,4.474,2,normal
2026-03-30T02:15:36.000Z,4.9719,1.2015,124.7009,10.8,4.52,2,normal
2026-03-30T02:15:37.000Z,4.9744,1.1941,124.7863,11.35,4.536,2,normal
2026-03-30T02:15:38.000Z,4.9719,1.1978,124.6154,8.25,4.428,2,normal
2026-03-30T02:15:39.000Z,4.9768,1.2015,124.2308,9.69,4.449,2,normal
2026-03-30T02:15:40.000Z,4.9768,1.1941,124.6154,11.17,4.506,2,normal
2026-03-30T02:15:41.000Z,4.9695,1.2051,124.359,9.99,4.553,2,normal
2026-03-30T02:15:42.000Z,4.9744,1.2015,124.4872,9.76,4.574,2,normal
2026-03-30T02:15:43.000Z,4.9744,1.2015,124.4017,8.67,4.518,2,normal
2026-03-30T02:15:44.000Z,4.9695,1.2051,124.4872,10.51,4.443,2,normal
2026-03-30T02:15:45.000Z,4.9866,1.1868,124.6154,9.64,4.576,2,normal
2026-03-30T02:15:46.000Z,4.9621,1.1941,124.4444,11.04,4.536,2,normal
2026-03-30T02:15:47.000Z,4.9621,1.1941,124.2735,8.27,4.442,2,normal
2026-03-30T02:15:48.000Z,4.9768,1.2051,124.4872,7.58,4.574,2,normal
2026-03-30T02:15:49.000Z,4.9768,1.2015,124.4872,11.86,4.471,2,normal
2026-03-30T02:15:50.000Z,4.9866,1.1978,124.4444,10.7,4.542,2,normal
2026-03-30T02:15:51.000Z,4.9597,1.1978,124.4444,9.29,4.563,2,normal
2026-03-30T02:15:52.000Z,4.967,1.1978,124.7863,10.3,4.467,2,normal
2026-03-30T02:15:53.000Z,4.9719,1.2125,124.359,9.06,4.424,2,normal
2026-03-30T02:15:54.000Z,4.9597,1.2088,124.2308,9.58,4.472,2,normal
2026-03-30T02:15:55.000Z,4.9817,1.1905,124.0598,10.93,4.435,2,normal
2026-03-30T02:15:56.000Z,4.9768,1.1978,124.4017,11.04,4.431,2,normal
2026-03-30T02:15:57.000Z,4.9719,1.1868,124.6581,8.82,4.46,2,normal
2026-03-30T02:15:58.000Z,4.9792,1.1978,124.6581,11.13,4.466,2,normal
2026-03-30T02:15:59.000Z,4.9817,1.1941,124.7436,10.54,4.437,2,normal
2026-03-30T02:16:00.000Z,4.9792,1.2015,124.6154,10.85,4.472,2,normal
2026-03-30T02:16:01.000Z,4.9719,1.1978,124.5299,9.26,4.537,2,normal
2026-03-30T02:16:02.000Z,4.9768,1.2015,124.359,10.09,4.508,2,normal
2026-03-30T02:16:03.000Z,4.9792,1.1941,124.4444,11.12,4.432,2,normal
2026-03-30T02:16:04.000Z,5.0037,1.1941,124.4872,9.17,4.504,2,normal
2026-03-30T02:16:05.000Z,4.9719,1.1941,124.2735,10.35,4.449,2,normal
2026-03-30T02:16:06.000Z,4.9621,1.1905,124.6154,8.22,4.423,2,normal
2026-03-30T02:16:07.000Z,4.967,1.2015,124.7009,9.72,4.513,2,normal
2026-03-30T02:16:08.000Z,4.9548,1.1978,124.2308,10.03,4.546,2,normal
2026-03-30T02:16:09.000Z,4.9524,1.1978,124.5299,10.79,4.484,2,normal
2026-03-30T02:16:10.000Z,4.9719,1.1978,124.6154,11.36,4.475,2,normal
2026-03-30T02:16:11.000Z,4.9939,1.1905,124.6154,9.02,4.427,2,normal
2026-03-30T02:16:12.000Z,4.9621,1.2125,124.359,9.82,4.456,2,normal
2026-03-30T02:16:13.000Z,4.9744,1.1978,124.8718,9.64,4.495,2,normal
2026-03-30T02:16:14.000Z,4.9768,1.2051,124.6581,8.99,4.438,2,normal
2026-03-30T02:16:15.000Z,4.9841,1.1941,124.5726,11.76,4.458,2,normal
2026-03-30T02:16:16.000Z,4.9719,1.1978,124.188,10.73,4.417,2,normal
2026-03-30T02:16:17.000Z,4.9963,1.2051,124.6154,8.85,4.483,2,normal
2026-03-30T02:16:18.000Z,4.9719,1.1978,124.4872,9.29,4.552,2,normal
2026-03-30T02:16:19.000Z,4.9646,1.2015,124.5299,9.16,4.555,2,normal
2026-03-30T02:16:20.000Z,4.9597,1.2051,124.5726,8.38,4.473,2,normal
2026-03-30T02:16:21.000Z,4.9768,1.1978,124.6154,10.1,4.525,2,normal
2026-03-30T02:16:22.000Z,4.9792,1.1941,124.4872,9.34,4.42,2,normal
2026-03-30T02:16:23.000Z,4.9621,1.1941,124.4444,10.12,4.44,2,normal
2026-03-30T02:16:24.000Z,4.9719,1.2015,124.4444,9.42,4.42,2,normal
2026-03-30T02:16:25.000Z,4.9768,1.2051,124.6581,10.67,4.515,2,normal
2026-03-30T02:16:26.000Z,4.9744,1.2015,124.5726,9.37,4.568,2,normal
2026-03-30T02:16:27.000Z,4.9963,1.1868,124.4017,7.99,4.434,2,normal
2026-03-30T02:16:28.000Z,4.9866,1.2015,124.4017,8.61,4.504,2,normal
2026-03-30T02:16:29.000Z,4.9817,1.1978,124.4444,8.34,4.536,2,normal
2026-03-30T02:16:30.000Z,4.9841,1.1941,124.359,8.86,4.49,2,normal
2026-03-30T02:16:31.000Z,4.9841,1.1978,124.5299,9.06,4.532,2,normal
2026-03-30T02:16:32.000Z,5.0012,1.2051,124.5299,9.45,4.423,2,normal
2026-03-30T02:16:33.000Z,4.9621,1.2051,124.359,10.65,4.423,2,normal
2026-03-30T02:16:34.000Z,4.9841,1.1941,124.2308,6.94,4.562,2,normal
2026-03-30T02:16:35.000Z,4.9915,1.1978,124.4444,10.08,4.488,2,normal
2026-03-30T02:16:36.000Z,4.9744,1.2015,124.188,11.02,4.496,2,normal
2026-03-30T02:16:37.000Z,4.9866,1.2051,124.2735,10.65,4.484,2,normal
2026-03-30T02:16:38.000Z,4.9695,1.1941,124.7009,8.83,4.494,2,normal
2026-03-30T02:16:39.000Z,4.9768,1.2015,124.7009,10.7,4.539,2,normal
2026-03-30T02:16:40.000Z,4.9817,1.2015,124.2308,10.66,4.422,2,normal
2026-03-30T02:16:41.000Z,4.9792,1.2015,124.4872,9.85,4.429,2,normal
2026-03-30T02:16:42.000Z,4.989,1.1978,124.359,7.81,4.535,2,normal
2026-03-30T02:16:43.000Z,4.9792,1.2125,124.5299,12.54,4.491,2,normal
2026-03-30T02:16:44.000Z,4.9744,1.1941,124.5299,10.18,4.504,2,normal
2026-03-30T02:16:45.000Z,4.9646,1.1978,124.6581,8.93,4.464,2,normal
2026-03-30T02:16:46.000Z,4.9719,1.2015,124.7863,8.79,4.469,2,normal
2026-03-30T02:16:47.000Z,4.9597,1.2015,124.8291,10.16,4.484,2,normal
2026-03-30T02:16:48.000Z,4.9744,1.1978,124.2735,10.29,4.517,2,normal
2026-03-30T02:16:49.000Z,4.9768,1.1941,124.6581,7.99,4.461,2,normal
2026-03-30T02:16:50.000Z,4.9744,1.1978,124.4444,11.49,4.493,2,normal
2026-03-30T02:16:51.000Z,4.9548,1.1905,124.4444,11.26,4.419,2,normal
2026-03-30T02:16:52.000Z,4.9744,1.1941,124.4017,7.37,4.56,2,normal
2026-03-30T02:16:53.000Z,4.9744,1.1978,124.2735,8.1,4.46,2,normal
2026-03-30T02:16:54.000Z,4.9695,1.2015,124.7436,11.23,4.447,2,normal
2026-03-30T02:16:55.000Z,4.9792,1.1978,124.5726,9.61,4.568,2,normal
2026-03-30T02:16:56.000Z,4.9744,1.2015,124.359,7.8,4.429,2,normal
2026-03-30T02:16:57.000Z,4.9695,1.1978,124.2735,9.74,4.561,2,normal
2026-03-30T02:16:58.000Z,4.9621,1.2015,124.4872,11.68,4.419,2,normal
2026-03-30T02:16:59.000Z,4.989,1.2088,124.359,9.89,4.499,2,normal
2026-03-30T02:17:00.000Z,4.967,1.2015,124.4444,10.17,4.463,2,normal
2026-03-30T02:17:01.000Z,4.9841,1.1978,124.3162,9.07,4.526,2,normal
2026-03-30T02:17:02.000Z,4.9866,1.2015,124.2308,10.61,4.531,2,normal
2026-03-30T02:17:03.000Z,4.9597,1.2015,124.2735,10.95,4.527,2,normal
2026-03-30T02:17:04.000Z,4.9719,1.1941,124.2735,11.67,4.521,2,normal
2026-03-30T02:17:05.000Z,4.989,1.1978,124.5726,9.83,4.445,2,normal
2026-03-30T02:17:06.000Z,4.9866,1.1941,124.5299,10.79,4.456,2,normal
2026-03-30T02:17:07.000Z,4.9963,1.1941,124.359,10.07,4.48,2,normal
2026-03-30T02:17:08.000Z,4.9866,1.1978,124.5726,9.78,4.443,2,normal
2026-03-30T02:17:09.000Z,4.967,1.1978,124.6581,9.83,4.473,2,normal
2026-03-30T02:17:10.000Z,4.9792,1.1941,124.6581,10.62,4.446,2,normal
2026-03-30T02:17:11.000Z,4.9744,1.1978,124.359,9.32,4.52,2,normal
2026-03-30T02:17:12.000Z,4.989,1.2015,124.359,11.75,4.425,2,normal
2026-03-30T02:17:13.000Z,4.9744,1.2015,124.4017,9.67,4.488,2,normal
2026-03-30T02:17:14.000Z,4.9744,1.1941,124.5299,10.36,4.512,2,normal
2026-03-30T02:17:15.000Z,4.9939,1.1941,124.4872,8.87,4.455,2,normal
2026-03-30T02:17:16.000Z,4.9744,1.1941,124.5726,10.5,4.548,2,normal
2026-03-30T02:17:17.000Z,4.9866,1.2051,124.2308,10.43,4.557,2,normal
2026-03-30T02:17:18.000Z,4.9597,1.2088,124.6154,12.97,4.55,2,normal
2026-03-30T02:17:19.000Z,4.9841,1.2051,124.3162,10.42,4.477,2,normal
2026-03-30T02:17:20.000Z,4.9768,1.1978,124.5299,9.44,4.441,2,normal
2026-03-30T02:17:21.000Z,4.9768,1.1978,124.4872,10.39,4.575,2,normal
2026-03-30T02:17:22.000Z,4.9744,1.1905,124.4872,9.14,4.438,2,normal
2026-03-30T02:17:23.000Z,4.9744,1.1978,124.359,10.49,4.547,2,normal
2026-03-30T02:17:24.000Z,4.9695,1.1978,124.0598,9.96,4.562,2,normal
2026-03-30T02:17:25.000Z,4.9719,1.1868,124.4872,10.77,4.421,2,normal
2026-03-30T02:17:26.000Z,4.9841,1.1941,124.2308,8.74,4.468,2,normal
2026-03-30T02:17:27.000Z,4.9792,1.1905,124.5726,9.09,4.425,2,normal
2026-03-30T02:17:28.000Z,4.9841,1.2051,124.359,10.37,4.503,2,normal
2026-03-30T02:17:29.000Z,4.9573,1.1905,124.2308,11.16,4.455,2,normal
2026-03-30T02:17:30.000Z,4.9915,1.2015,124.4872,8.84,4.43,2,normal
2026-03-30T02:17:31.000Z,4.9695,1.2015,124.5299,11.18,4.495,2,normal
2026-03-30T02:17:32.000Z,4.9768,1.1905,124.2735,9.14,4.46,2,normal
2026-03-30T02:17:33.000Z,4.9817,1.2125,124.4017,11.23,4.565,2,normal
2026-03-30T02:17:34.000Z,4.9744,1.1941,124.2308,10.17,4.555,2,normal
2026-03-30T02:17:35.000Z,4.9719,1.1868,124.5299,7.51,4.424,2,normal
2026-03-30T02:17:36.000Z,4.9817,1.2051,124.5299,9.91,4.553,2,normal
2026-03-30T02:17:37.000Z,4.9768,1.2051,124.4017,10.75,4.499,2,normal
2026-03-30T02:17:38.000Z,4.9646,1.1941,124.2735,9.06,4.427,2,normal
2026-03-30T02:17:39.000Z,4.9792,1.2015,124.4017,9.87,4.532,2,normal
2026-03-30T02:17:40.000Z,4.9817,1.1978,124.4872,10.66,4.544,2,normal
2026-03-30T02:17:41.000Z,4.9744,1.2015,124.7009,10.08,4.46,2,normal
2026-03-30T02:17:42.000Z,4.9695,1.2051,124.359,8.93,4.418,2,normal
2026-03-30T02:17:43.000Z,4.967,1.2015,124.4444,9.7,4.483,2,normal
2026-03-30T02:17:44.000Z,4.9646,1.1905,124.5726,8.47,4.419,2,normal
2026-03-30T02:17:45.000Z,4.9768,1.1941,124.2308,9.78,4.448,2,normal
2026-03-30T02:17:46.000Z,4.9792,1.1978,124.5299,10.54,4.493,2,normal
2026-03-30T02:17:47.000Z,4.9817,1.1978,124.4017,10.11,4.558,2,normal
2026-03-30T02:17:48.000Z,4.9817,1.1941,124.3162,10.81,4.499,2,normal
2026-03-30T02:17:49.000Z,4.9817,1.2015,124.4872,9.94,4.562,2,normal
2026-03-30T02:17:50.000Z,4.9768,1.2051,124.2308,9.83,4.424,2,normal
2026-03-30T02:17:51.000Z,4.9573,1.1941,124.8291,10.14,4.521,2,normal
2026-03-30T02:17:52.000Z,4.9744,1.2051,124.5726,10.26,4.542,2,normal
2026-03-30T02:17:53.000Z,4.9524,1.2015,124.4444,8.82,4.574,2,normal
2026-03-30T02:17:54.000Z,4.9719,1.1905,124.4444,12.61,4.487,2,normal
2026-03-30T02:17:55.000Z,4.9866,1.2015,124.2308,10.63,4.474,2,normal
2026-03-30T02:17:56.000Z,4.967,1.2015,124.2735,10.08,4.45,2,normal
2026-03-30T02:17:57.000Z,4.9548,1.2051,124.4872,7.76,4.574,2,normal
2026-03-30T02:17:58.000Z,4.9841,1.2015,124.4017,8.98,4.542,2,normal
2026-03-30T02:17:59.000Z,4.9792,1.2015,124.4017,9.13,4.42,2,normal
2026-03-30T02:18:00.000Z,4.9939,1.1905,124.5726,9.29,4.467,2,normal
2026-03-30T02:18:01.000Z,4.9524,1.1941,124.359,9.25,4.425,2,normal
2026-03-30T02:18:02.000Z,4.9573,1.1978,124.4017,8.12,4.5,2,normal
2026-03-30T02:18:03.000Z,4.9646,1.2015,124.4872,10.0,4.52,2,normal
2026-03-30T02:18:04.000Z,5.0012,1.2051,124.6154,9.37,4.458,2,normal
2026-03-30T02:18:05.000Z,4.9866,1.1905,124.7009,11.52,4.559,2,normal
2026-03-30T02:18:06.000Z,4.9646,1.2015,124.6154,9.4,4.537,2,normal
2026-03-30T02:18:07.000Z,4.9621,1.1941,124.2308,8.77,4.463,2,normal
2026-03-30T02:18:08.000Z,4.9744,1.2051,124.5299,11.62,4.461,2,normal
2026-03-30T02:18:09.000Z,4.9695,1.2015,124.5299,8.51,4.513,2,normal
2026-03-30T02:18:10.000Z,4.9695,1.1978,124.6154,10.85,4.555,2,normal
2026-03-30T02:18:11.000Z,4.9646,1.2015,124.4872,9.72,4.52,2,normal
2026-03-30T02:18:12.000Z,4.9719,1.2088,124.6154,7.54,4.489,2,normal
2026-03-30T02:18:13.000Z,4.9817,1.2051,124.6581,11.2,4.464,2,normal
2026-03-30T02:18:14.000Z,4.9866,1.1941,124.4872,9.99,4.494,2,normal
2026-03-30T02:18:15.000Z,4.9866,1.1978,124.359,9.12,4.436,2,normal
2026-03-30T02:18:16.000Z,4.9744,1.1941,124.5726,9.11,4.493,2,normal
2026-03-30T02:18:17.000Z,4.9695,1.1978,124.3162,10.94,4.573,2,normal
2026-03-30T02:18:18.000Z,4.9744,1.1941,124.4872,9.24,4.524,2,normal
2026-03-30T02:18:19.000Z,4.9695,1.1941,124.6154,8.67,4.563,2,normal
2026-03-30T02:18:20.000Z,4.9988,1.1941,124.5726,9.69,4.511,2,normal
2026-03-30T02:18:21.000Z,4.9817,1.2051,124.359,11.03,4.478,2,normal
2026-03-30T02:18:22.000Z,4.989,1.1941,124.4444,10.47,4.575,2,normal
2026-03-30T02:18:23.000Z,4.989,1.1941,124.2308,9.65,4.482,2,normal
2026-03-30T02:18:24.000Z,4.9744,1.2015,124.4017,9.68,4.527,2,normal
2026-03-30T02:18:25.000Z,4.9792,1.1978,124.4444,8.27,4.514,2,normal
2026-03-30T02:18:26.000Z,4.9597,1.1978,124.359,10.77,4.49,2,normal
2026-03-30T02:18:27.000Z,4.9792,1.1978,124.3162,11.66,4.492,2,normal
2026-03-30T02:18:28.000Z,4.9768,1.1978,124.4017,10.95,4.52,2,normal
2026-03-30T02:18:29.000Z,4.9744,1.2051,124.359,10.18,4.431,2,normal
2026-03-30T02:18:30.000Z,4.967,1.2051,124.3162,9.36,4.417,2,normal
2026-03-30T02:18:31.000Z,4.9768,1.1905,124.4017,8.99,4.453,2,normal
2026-03-30T02:18:32.000Z,4.989,1.1978,124.1453,9.43,4.558,2,normal
2026-03-30T02:18:33.000Z,4.9719,1.1941,124.2735,9.53,4.416,2,normal
2026-03-30T02:18:34.000Z,4.967,1.2051,124.4444,10.79,4.525,2,normal
2026-03-30T02:18:35.000Z,4.9939,1.1905,124.5299,7.48,4.48,2,normal
2026-03-30T02:18:36.000Z,4.9695,1.2198,124.7436,7.91,4.496,2,normal
2026-03-30T02:18:37.000Z,4.9597,1.2015,124.4872,7.91,4.433,2,normal
2026-03-30T02:18:38.000Z,4.9744,1.2051,124.7436,10.41,4.484,2,normal
2026-03-30T02:18:39.000Z,4.9597,1.2015,124.4444,8.91,4.482,2,normal
2026-03-30T02:18:40.000Z,4.9841,1.1978,124.4872,9.57,4.502,2,normal
2026-03-30T02:18:41.000Z,4.9988,1.2051,124.4872,11.48,4.437,2,normal
2026-03-30T02:18:42.000Z,4.9621,1.1978,124.4017,9.98,4.458,2,normal
2026-03-30T02:18:43.000Z,4.9866,1.1978,124.2308,11.12,4.419,2,normal
2026-03-30T02:18:44.000Z,4.9841,1.1978,124.4017,12.7,4.456,2,normal
2026-03-30T02:18:45.000Z,4.989,1.1978,124.4444,10.32,4.434,2,normal
2026-03-30T02:18:46.000Z,4.9768,1.2051,124.359,8.9,4.552,2,normal
2026-03-30T02:18:47.000Z,4.9573,1.1905,124.359,8.21,4.564,2,normal
2026-03-30T02:18:48.000Z,4.9768,1.2051,124.4872,10.13,4.443,2,normal
2026-03-30T02:18:49.000Z,4.9768,1.1978,124.5726,10.07,4.519,2,normal
2026-03-30T02:18:50.000Z,4.9817,1.1978,124.359,10.0,4.564,2,normal
2026-03-30T02:18:51.000Z,4.9646,1.2015,124.2308,11.68,4.466,2,normal
2026-03-30T02:18:52.000Z,4.9744,1.1978,124.4872,12.69,4.566,2,normal
2026-03-30T02:18:53.000Z,4.9695,1.1978,124.359,8.19,4.44,2,normal
2026-03-30T02:18:54.000Z,4.9817,1.2051,124.3162,8.45,4.443,2,normal
2026-03-30T02:18:55.000Z,4.9841,1.2051,124.1453,9.37,4.55,2,normal
2026-03-30T02:18:56.000Z,4.9695,1.2015,124.4872,8.79,4.552,2,normal
2026-03-30T02:18:57.000Z,4.9817,1.2015,124.4444,10.36,4.544,2,normal
2026-03-30T02:18:58.000Z,4.9841,1.2088,124.1026,10.94,4.528,2,normal
2026-03-30T02:18:59.000Z,4.9695,1.2051,124.7436,7.8,4.543,2,normal
2026-03-30T02:19:00.000Z,4.9792,1.2015,124.6154,10.22,4.504,2,normal
2026-03-30T02:19:01.000Z,4.9817,1.2051,124.6581,8.99,4.457,2,normal
2026-03-30T02:19:02.000Z,4.9841,1.2015,124.5299,9.18,4.519,2,normal
2026-03-30T02:19:03.000Z,4.9817,1.2015,124.2735,9.26,4.535,2,normal
2026-03-30T02:19:04.000Z,4.9866,1.2088,124.6154,10.64,4.504,2,normal
2026-03-30T02:19:05.000Z,4.9646,1.1978,124.4444,8.76,4.466,2,normal
2026-03-30T02:19:06.000Z,4.9817,1.2088,124.7436,9.27,4.518,2,normal
2026-03-30T02:19:07.000Z,4.9646,1.1905,124.4017,8.4,4.526,2,normal
2026-03-30T02:19:08.000Z,4.9499,1.1941,124.6581,11.7,4.462,2,normal
2026-03-30T02:19:09.000Z,4.989,1.2051,124.5726,9.62,4.55,2,normal
2026-03-30T02:19:10.000Z,4.9719,1.2015,124.188,8.24,4.494,2,normal
2026-03-30T02:19:11.000Z,4.9768,1.2015,124.5299,7.88,4.577,2,normal
2026-03-30T02:19:12.000Z,4.9915,1.2015,124.4017,7.71,4.455,2,normal
2026-03-30T02:19:13.000Z,4.9597,1.1941,124.4872,10.08,4.432,2,normal
2026-03-30T02:19:14.000Z,4.9695,1.1905,124.5726,11.56,4.56,2,normal
2026-03-30T02:19:15.000Z,4.9817,1.2015,124.5299,8.17,4.468,2,normal
2026-03-30T02:19:16.000Z,4.9915,1.2015,124.4444,10.05,4.515,2,normal
2026-03-30T02:19:17.000Z,4.9646,1.2051,124.359,10.85,4.542,2,normal
2026-03-30T02:19:18.000Z,4.9866,1.2015,124.359,11.05,4.468,2,normal
2026-03-30T02:19:19.000Z,4.9695,1.1978,124.4872,10.71,4.467,2,normal
2026-03-30T02:19:20.000Z,4.9744,1.1978,124.6581,12.34,4.54,2,normal
2026-03-30T02:19:21.000Z,4.9719,1.1978,124.2308,10.02,4.509,2,normal
2026-03-30T02:19:22.000Z,4.9939,1.1978,124.6154,9.36,4.474,2,normal
2026-03-30T02:19:23.000Z,4.9646,1.1941,124.7863,9.63,4.561,2,normal
2026-03-30T02:19:24.000Z,4.9817,1.2015,124.4017,9.9,4.538,2,normal
2026-03-30T02:19:25.000Z,4.9621,1.2015,124.3162,10.54,4.516,2,normal
2026-03-30T02:19:26.000Z,4.9719,1.2051,124.5299,8.8,4.541,2,normal
2026-03-30T02:19:27.000Z,4.9817,1.2125,124.359,8.27,4.547,2,normal
2026-03-30T02:19:28.000Z,4.9695,1.1941,124.5726,9.91,4.473,2,normal
2026-03-30T02:19:29.000Z,4.9695,1.2015,124.6154,13.16,4.455,2,normal
2026-03-30T02:19:30.000Z,4.989,1.1978,124.4872,10.3,4.509,2,normal
2026-03-30T02:19:31.000Z,4.9963,1.1941,124.2308,9.78,4.485,2,normal
2026-03-30T02:19:32.000Z,4.9841,1.2015,124.1453,8.41,4.551,2,normal
2026-03-30T02:19:33.000Z,4.9646,1.1905,124.4017,10.06,4.55,2,normal
2026-03-30T02:19:34.000Z,4.9866,1.2015,124.4872,11.52,4.428,2,normal
2026-03-30T02:19:35.000Z,4.9695,1.1941,124.359,11.1,4.554,2,normal
2026-03-30T02:19:36.000Z,4.9695,1.1978,124.4017,8.22,4.534,2,normal
2026-03-30T02:19:37.000Z,4.9621,1.1978,124.5726,10.9,4.526,2,normal
2026-03-30T02:19:38.000Z,4.967,1.1905,124.4017,10.34,4.563,2,normal
2026-03-30T02:19:39.000Z,4.9841,1.2015,124.1453,8.5,4.471,2,normal
2026-03-30T02:19:40.000Z,4.9792,1.2015,124.359,8.44,4.421,2,normal
2026-03-30T02:19:41.000Z,4.9841,1.2051,124.5726,8.78,4.438,2,normal
2026-03-30T02:19:42.000Z,4.9939,1.1978,124.4444,9.68,4.49,2,normal
2026-03-30T02:19:43.000Z,4.989,1.1941,124.4017,8.26,4.563,2,normal
2026-03-30T02:19:44.000Z,5.0085,1.2015,124.4444,10.51,4.439,2,normal
2026-03-30T02:19:45.000Z,4.9695,1.2015,124.4017,9.3,4.526,2,normal
2026-03-30T02:19:46.000Z,4.9817,1.1868,124.4872,10.13,4.521,2,normal
2026-03-30T02:19:47.000Z,4.9768,1.2015,124.4872,10.03,4.448,2,normal
2026-03-30T02:19:48.000Z,4.989,1.1905,124.188,7.85,4.426,2,normal
2026-03-30T02:19:49.000Z,4.9866,1.1978,124.2735,10.41,4.484,2,normal
2026-03-30T02:19:50.000Z,4.9744,1.1941,124.7436,11.0,4.463,2,normal
2026-03-30T02:19:51.000Z,4.9768,1.1978,124.4872,9.11,4.446,2,normal
2026-03-30T02:19:52.000Z,4.9841,1.2088,124.4017,9.72,4.503,2,normal
2026-03-30T02:19:53.000Z,4.9866,1.2051,124.6581,8.74,4.42,2,normal
2026-03-30T02:19:54.000Z,4.9768,1.2088,124.7009,11.04,4.454,2,normal
2026-03-30T02:19:55.000Z,4.9792,1.1978,124.5299,9.73,4.552,2,normal
2026-03-30T02:19:56.000Z,4.9768,1.1978,124.4017,7.51,4.53,2,normal
2026-03-30T02:19:57.000Z,5.0012,1.1978,124.4444,9.78,4.463,2,normal
2026-03-30T02:19:58.000Z,4.9719,1.2051,124.2735,10.58,4.45,2,normal
2026-03-30T02:19:59.000Z,4.9695,1.2015,124.5299,9.13,4.463,2,normal
2026-03-30T02:20:00.000Z,4.9817,1.2015,124.5726,9.5,4.49,2,normal
2026-03-30T02:20:01.000Z,4.967,1.1941,124.359,10.25,4.515,2,normal
2026-03-30T02:20:02.000Z,4.9792,1.2015,124.5299,10.15,4.443,2,normal
2026-03-30T02:20:03.000Z,4.9695,1.1978,124.3162,11.43,4.567,2,normal
2026-03-30T02:20:04.000Z,4.9744,1.2015,124.4017,10.16,4.426,2,normal
2026-03-30T02:20:05.000Z,4.9841,1.1905,124.4017,10.36,4.485,2,normal
2026-03-30T02:20:06.000Z,4.989,1.1941,124.359,10.15,4.51,2,normal
2026-03-30T02:20:07.000Z,4.9646,1.2015,124.6581,11.51,4.558,2,normal
2026-03-30T02:20:08.000Z,4.989,1.1978,124.4017,8.93,4.494,2,normal
2026-03-30T02:20:09.000Z,4.9744,1.2088,124.4017,9.49,4.538,2,normal
2026-03-30T02:20:10.000Z,4.9621,1.1941,124.4444,8.51,4.568,2,normal
2026-03-30T02:20:11.000Z,4.9744,1.2015,124.2735,9.02,4.45,2,normal
2026-03-30T02:20:12.000Z,4.9768,1.1978,124.4872,10.6,4.459,2,normal
2026-03-30T02:20:13.000Z,4.9841,1.2015,124.4872,9.22,4.543,2,normal
2026-03-30T02:20:14.000Z,4.9744,1.2051,124.4872,12.21,4.492,2,normal
2026-03-30T02:20:15.000Z,4.9841,1.2015,124.4017,11.58,4.515,2,normal
2026-03-30T02:20:16.000Z,4.9597,1.2051,124.5726,10.54,4.503,2,normal
2026-03-30T02:20:17.000Z,4.9792,1.2015,124.4444,9.36,4.574,2,normal
2026-03-30T02:20:18.000Z,4.9817,1.2015,124.4872,8.6,4.431,2,normal
2026-03-30T02:20:19.000Z,4.9695,1.1978,124.4872,10.4,4.457,2,normal
2026-03-30T02:20:20.000Z,4.9792,1.2125,124.7009,10.83,4.566,2,normal
2026-03-30T02:20:21.000Z,4.967,1.2051,124.1026,6.59,4.417,2,normal
2026-03-30T02:20:22.000Z,4.9695,1.1941,124.6154,10.67,4.436,2,normal
2026-03-30T02:20:23.000Z,4.9646,1.1978,124.4872,11.56,4.455,2,normal
2026-03-30T02:20:24.000Z,4.9817,1.2015,124.359,8.71,4.493,2,normal
2026-03-30T02:20:25.000Z,4.9792,1.2051,124.5299,10.61,4.434,2,normal
2026-03-30T02:20:26.000Z,4.967,1.2088,124.188,9.3,4.555,2,normal
2026-03-30T02:20:27.000Z,4.9768,1.2088,124.7863,9.54,4.44,2,normal
2026-03-30T02:20:28.000Z,4.9963,1.1905,124.2735,10.03,4.487,2,normal
2026-03-30T02:20:29.000Z,4.9817,1.2051,124.6154,9.95,4.484,2,normal
2026-03-30T02:20:30.000Z,4.9695,1.2088,124.4017,9.74,4.433,2,normal
2026-03-30T02:20:31.000Z,4.9768,1.2051,124.359,8.28,4.484,2,normal
2026-03-30T02:20:32.000Z,4.9744,1.1868,124.359,10.5,4.471,2,normal
2026-03-30T02:20:33.000Z,4.9866,1.1941,124.4017,10.89,4.507,2,normal
2026-03-30T02:20:34.000Z,4.9621,1.2015,124.4017,9.1,4.55,2,normal
2026-03-30T02:20:35.000Z,4.9841,1.2015,124.359,9.66,4.532,2,normal
2026-03-30T02:20:36.000Z,4.9744,1.1941,124.7009,8.35,4.424,2,normal
2026-03-30T02:20:37.000Z,4.9915,1.2015,124.4444,9.14,4.519,2,normal
2026-03-30T02:20:38.000Z,4.9792,1.1978,124.6154,9.54,4.521,2,normal
2026-03-30T02:20:39.000Z,4.9621,1.2051,124.4872,9.25,4.519,2,normal
2026-03-30T02:20:40.000Z,4.9841,1.1941,124.4872,8.79,4.495,2,normal
2026-03-30T02:20:41.000Z,4.9866,1.2015,124.359,10.07,4.518,2,normal
2026-03-30T02:20:42.000Z,4.9548,1.1941,124.2308,11.26,4.553,2,normal
2026-03-30T02:20:43.000Z,4.9939,1.2015,124.4872,9.37,4.436,2,normal
2026-03-30T02:20:44.000Z,4.9597,1.1868,124.4872,8.39,4.562,2,normal
2026-03-30T02:20:45.000Z,4.9768,1.1978,124.5726,8.53,4.469,2,normal
2026-03-30T02:20:46.000Z,4.967,1.2088,124.4017,10.56,4.562,2,normal
2026-03-30T02:20:47.000Z,4.9792,1.1941,124.8291,9.72,4.433,2,normal
2026-03-30T02:20:48.000Z,4.9744,1.2015,124.359,11.85,4.449,2,normal
2026-03-30T02:20:49.000Z,4.9866,1.2161,124.4872,11.31,4.5,2,normal
2026-03-30T02:20:50.000Z,4.9817,1.2015,124.2735,7.23,4.461,2,normal
2026-03-30T02:20:51.000Z,4.9939,1.1978,124.6581,11.7,4.492,2,normal
2026-03-30T02:20:52.000Z,4.989,1.1941,124.6154,9.96,4.421,2,normal
2026-03-30T02:20:53.000Z,4.9817,1.2051,124.3162,11.03,4.438,2,normal
2026-03-30T02:20:54.000Z,4.9744,1.1978,124.2308,9.77,4.53,2,normal
2026-03-30T02:20:55.000Z,4.967,1.1978,124.359,10.87,4.444,2,normal
2026-03-30T02:20:56.000Z,4.9744,1.1978,124.4444,10.69,4.543,2,normal
2026-03-30T02:20:57.000Z,4.9841,1.2015,124.359,9.38,4.554,2,normal
2026-03-30T02:20:58.000Z,4.9866,1.2051,124.5299,11.32,4.552,2,normal
2026-03-30T02:20:59.000Z,4.9719,1.1978,124.6154,10.42,4.459,2,normal
2026-03-30T02:21:00.000Z,4.9817,1.2015,124.6154,9.25,4.565,2,normal
2026-03-30T02:21:01.000Z,4.9768,1.2015,124.3162,11.62,4.464,2,normal
2026-03-30T02:21:02.000Z,4.967,1.2015,124.5726,7.29,4.437,2,normal
2026-03-30T02:21:03.000Z,4.9744,1.1941,124.4017,10.78,4.456,2,normal
2026-03-30T02:21:04.000Z,4.9719,1.1941,124.4444,9.52,4.52,2,normal
2026-03-30T02:21:05.000Z,4.9792,1.1978,124.6581,11.34,4.475,2,normal
2026-03-30T02:21:06.000Z,4.9719,1.1978,124.5726,11.11,4.425,2,normal
2026-03-30T02:21:07.000Z,4.9792,1.1941,124.359,10.08,4.452,2,normal
2026-03-30T02:21:08.000Z,4.9719,1.1978,124.4444,9.96,4.503,2,normal
2026-03-30T02:21:09.000Z,4.9841,1.1978,124.4872,10.57,4.563,2,normal
2026-03-30T02:21:10.000Z,4.9548,1.1978,124.5299,10.6,4.571,2,normal
2026-03-30T02:21:11.000Z,4.9646,1.1978,124.4872,10.0,4.448,2,normal
2026-03-30T02:21:12.000Z,4.9817,1.2051,124.4017,10.61,4.549,2,normal
2026-03-30T02:21:13.000Z,4.9792,1.1978,124.4444,10.4,4.539,2,normal
2026-03-30T02:21:14.000Z,4.9744,1.2051,124.4444,10.87,4.491,2,normal
2026-03-30T02:21:15.000Z,4.989,1.1978,124.4872,9.45,4.444,2,normal
2026-03-30T02:21:16.000Z,4.967,1.2015,124.2308,11.88,4.499,2,normal
2026-03-30T02:21:17.000Z,5.0037,1.1978,124.4017,8.18,4.437,2,normal
2026-03-30T02:21:18.000Z,4.9768,1.1941,124.4017,10.32,4.433,2,normal
2026-03-30T02:21:19.000Z,4.989,1.2015,124.359,9.82,4.549,2,normal
2026-03-30T02:21:20.000Z,4.9768,1.1978,124.6581,9.06,4.496,2,normal
2026-03-30T02:21:21.000Z,4.9719,1.1978,124.5726,9.85,4.449,2,normal
2026-03-30T02:21:22.000Z,4.9499,1.1978,124.5726,8.35,4.445,2,normal
2026-03-30T02:21:23.000Z,4.9744,1.1905,124.4444,11.1,4.514,2,normal
2026-03-30T02:21:24.000Z,4.967,1.1978,124.4872,9.57,4.529,2,normal
2026-03-30T02:21:25.000Z,4.9866,1.1941,124.4872,11.79,4.519,2,normal
2026-03-30T02:21:26.000Z,4.967,1.1868,124.1026,9.37,4.453,2,normal
2026-03-30T02:21:27.000Z,4.9695,1.2015,124.5726,10.96,4.576,2,normal
2026-03-30T02:21:28.000Z,4.9719,1.1905,124.3162,9.36,4.435,2,normal
2026-03-30T02:21:29.000Z,4.9744,1.2088,124.2735,9.97,4.415,2,normal
2026-03-30T02:21:30.000Z,4.9817,1.1941,124.4017,9.51,4.48,2,normal
2026-03-30T02:21:31.000Z,4.9744,1.2051,124.3162,11.39,4.551,2,normal
2026-03-30T02:21:32.000Z,4.9939,1.2015,124.6581,9.91,4.429,2,normal
2026-03-30T02:21:33.000Z,4.9744,1.2051,124.6581,9.2,4.537,2,normal
2026-03-30T02:21:34.000Z,4.9744,1.1978,124.5726,8.65,4.569,2,normal
2026-03-30T02:21:35.000Z,4.9792,1.1978,124.4017,10.91,4.573,2,normal
2026-03-30T02:21:36.000Z,4.9817,1.1941,124.6581,9.44,4.552,2,normal
2026-03-30T02:21:37.000Z,4.9719,1.1978,124.4444,8.27,4.444,2,normal
2026-03-30T02:21:38.000Z,4.9646,1.2051,124.5726,7.72,4.524,2,normal
2026-03-30T02:21:39.000Z,4.9817,1.2015,124.359,9.0,4.509,2,normal
2026-03-30T02:21:40.000Z,4.967,1.1905,124.4444,9.14,4.519,2,normal
2026-03-30T02:21:41.000Z,4.9719,1.1978,124.2735,10.83,4.513,2,normal
2026-03-30T02:21:42.000Z,4.9768,1.2015,124.5299,9.06,4.456,2,normal
2026-03-30T02:21:43.000Z,4.9841,1.1941,124.359,11.65,4.439,2,normal
2026-03-30T02:21:44.000Z,4.9744,1.1978,124.359,10.31,4.499,2,normal
2026-03-30T02:21:45.000Z,4.9621,1.2051,124.2308,10.57,4.472,2,normal
2026-03-30T02:21:46.000Z,4.9719,1.1978,124.6581,10.08,4.52,2,normal
2026-03-30T02:21:47.000Z,4.9744,1.1978,124.4017,8.32,4.538,2,normal
2026-03-30T02:21:48.000Z,4.9744,1.2051,124.7863,7.86,4.467,2,normal
2026-03-30T02:21:49.000Z,4.9817,1.1978,124.2735,9.34,4.422,2,normal
2026-03-30T02:21:50.000Z,4.9792,1.1905,124.2308,9.72,4.525,2,normal
2026-03-30T02:21:51.000Z,4.9963,1.2015,124.4017,9.63,4.427,2,normal
2026-03-30T02:21:52.000Z,4.9695,1.1978,124.8291,10.07,4.465,2,normal
2026-03-30T02:21:53.000Z,4.967,1.1978,124.4872,8.96,4.459,2,normal
2026-03-30T02:21:54.000Z,4.9646,1.2015,124.5726,10.54,4.564,2,normal
2026-03-30T02:21:55.000Z,4.9744,1.1978,124.3162,7.64,4.573,2,normal
2026-03-30T02:21:56.000Z,4.9768,1.2015,124.359,9.89,4.518,2,normal
2026-03-30T02:21:57.000Z,4.9768,1.2051,124.6154,10.1,4.498,2,normal
2026-03-30T02:21:58.000Z,4.9573,1.1905,124.7009,6.83,4.491,2,normal
2026-03-30T02:21:59.000Z,4.9621,1.1978,124.359,9.15,4.576,2,normal
2026-03-30T02:22:00.000Z,4.967,1.2015,124.6581,9.05,4.423,2,normal
2026-03-30T02:22:01.000Z,4.9695,1.2015,124.4017,8.16,4.417,2,normal
2026-03-30T02:22:02.000Z,4.989,1.2051,124.359,11.13,4.476,2,normal
2026-03-30T02:22:03.000Z,4.989,1.1978,124.6154,11.5,4.527,2,normal
2026-03-30T02:22:04.000Z,4.9621,1.2125,124.5299,9.97,4.473,2,normal
2026-03-30T02:22:05.000Z,4.9744,1.2051,124.4444,9.1,4.439,2,normal
2026-03-30T02:22:06.000Z,4.9597,1.2088,124.359,10.69,4.546,2,normal
2026-03-30T02:22:07.000Z,4.9768,1.2015,124.3162,10.63,4.492,2,normal
2026-03-30T02:22:08.000Z,4.9866,1.2125,124.4444,9.01,4.567,2,normal
2026-03-30T02:22:09.000Z,4.9744,1.2051,124.3162,10.88,4.421,2,normal
2026-03-30T02:22:10.000Z,4.9621,1.1978,124.2308,9.53,4.526,2,normal
2026-03-30T02:22:11.000Z,4.9792,1.1941,124.359,10.24,4.524,2,normal
2026-03-30T02:22:12.000Z,4.9744,1.2015,124.188,9.4,4.523,2,normal
2026-03-30T02:22:13.000Z,4.9768,1.2015,124.4872,8.42,4.557,2,normal
2026-03-30T02:22:14.000Z,4.9768,1.2015,124.359,8.63,4.505,2,normal
2026-03-30T02:22:15.000Z,4.9719,1.1941,124.4017,9.84,4.472,2,normal
2026-03-30T02:22:16.000Z,4.9817,1.1978,124.2308,10.65,4.481,2,normal
2026-03-30T02:22:17.000Z,4.9841,1.1978,124.4017,9.79,4.569,2,normal
2026-03-30T02:22:18.000Z,4.967,1.2051,124.4872,9.61,4.444,2,normal
2026-03-30T02:22:19.000Z,4.989,1.1978,124.2308,9.77,4.422,2,normal
2026-03-30T02:22:20.000Z,4.9792,1.1978,124.6154,11.55,4.472,2,normal
2026-03-30T02:22:21.000Z,4.9841,1.1978,124.4872,9.13,4.51,2,normal
2026-03-30T02:22:22.000Z,4.9548,1.1978,124.188,11.03,4.462,2,normal
2026-03-30T02:22:23.000Z,4.9866,1.1978,124.6581,10.65,4.537,2,normal
2026-03-30T02:22:24.000Z,4.9817,1.2051,124.4872,10.26,4.47,2,normal
2026-03-30T02:22:25.000Z,4.9792,1.2015,124.5299,10.58,4.437,2,normal
2026-03-30T02:22:26.000Z,4.9744,1.2051,124.3162,8.64,4.472,2,normal
2026-03-30T02:22:27.000Z,4.9744,1.1905,124.4017,8.62,4.523,2,normal
2026-03-30T02:22:28.000Z,4.9988,1.2015,124.4872,10.25,4.523,2,normal
2026-03-30T02:22:29.000Z,4.9817,1.1978,124.1026,9.89,4.497,2,normal
2026-03-30T02:22:30.000Z,4.9646,1.1941,124.6154,11.14,4.492,2,normal
2026-03-30T02:22:31.000Z,4.9744,1.2015,124.5726,10.18,4.518,2,normal
2026-03-30T02:22:32.000Z,4.9768,1.1978,124.6581,10.5,4.434,2,normal
2026-03-30T02:22:33.000Z,4.9915,1.1941,124.4444,9.45,4.456,2,normal
2026-03-30T02:22:34.000Z,4.9597,1.1978,124.1453,11.02,4.527,2,normal
2026-03-30T02:22:35.000Z,4.9744,1.1978,124.2735,8.65,4.478,2,normal
2026-03-30T02:22:36.000Z,4.9597,1.1941,124.4444,9.64,4.491,2,normal
2026-03-30T02:22:37.000Z,4.9915,1.1978,124.4017,9.79,4.463,2,normal
2026-03-30T02:22:38.000Z,4.9817,1.1978,124.6581,9.4,4.429,2,normal
2026-03-30T02:22:39.000Z,4.9573,1.1978,124.359,8.2,4.421,2,normal
2026-03-30T02:22:40.000Z,4.989,1.2015,124.359,10.74,4.475,2,normal
2026-03-30T02:22:41.000Z,4.9646,1.2088,124.4017,10.8,4.576,2,normal
2026-03-30T02:22:42.000Z,4.9719,1.2051,124.1453,9.07,4.501,2,normal
2026-03-30T02:22:43.000Z,4.9744,1.1941,124.6154,9.41,4.558,2,normal
2026-03-30T02:22:44.000Z,4.9792,1.1941,124.5299,9.8,4.497,2,normal
2026-03-30T02:22:45.000Z,4.9963,1.2051,124.4872,10.75,4.526,2,normal
2026-03-30T02:22:46.000Z,4.9939,1.2051,124.2735,11.01,4.537,2,normal
2026-03-30T02:22:47.000Z,4.9744,1.1978,124.6154,9.15,4.548,2,normal
2026-03-30T02:22:48.000Z,4.9719,1.1978,124.4444,8.91,4.468,2,normal
2026-03-30T02:22:49.000Z,4.9768,1.2015,124.1453,6.14,4.544,2,normal
2026-03-30T02:22:50.000Z,4.9792,1.1941,124.2308,12.0,4.46,2,normal
2026-03-30T02:22:51.000Z,4.989,1.2015,124.6581,11.2,4.427,2,normal
2026-03-30T02:22:52.000Z,4.9866,1.1905,124.5299,7.73,4.438,2,normal
2026-03-30T02:22:53.000Z,4.9719,1.1941,124.4444,11.23,4.553,2,normal
2026-03-30T02:22:54.000Z,4.989,1.1978,124.2308,10.58,4.523,2,normal
2026-03-30T02:22:55.000Z,4.9768,1.2088,124.7009,9.53,4.574,2,normal
2026-03-30T02:22:56.000Z,4.9915,1.1978,124.5299,10.15,4.481,2,normal
2026-03-30T02:22:57.000Z,4.9915,1.1978,124.5726,8.74,4.547,2,normal
2026-03-30T02:22:58.000Z,4.9792,1.1978,124.4444,7.55,4.46,2,normal
2026-03-30T02:22:59.000Z,4.9646,1.2088,124.3162,9.09,4.432,2,normal
2026-03-30T02:23:00.000Z,4.9817,1.1941,124.5299,10.81,4.424,2,normal
2026-03-30T02:23:01.000Z,4.9573,1.1978,124.4444,10.87,4.48,2,normal
2026-03-30T02:23:02.000Z,4.9646,1.2051,124.3162,6.63,4.47,2,normal
2026-03-30T02:23:03.000Z,4.9719,1.2015,124.4017,10.12,4.468,2,normal
2026-03-30T02:23:04.000Z,4.967,1.2015,124.4444,9.08,4.539,2,normal
2026-03-30T02:23:05.000Z,4.9597,1.2051,124.7863,9.88,4.421,2,normal
2026-03-30T02:23:06.000Z,4.9841,1.1941,124.359,9.05,4.551,2,normal
2026-03-30T02:23:07.000Z,4.9817,1.1978,124.5299,9.87,4.477,2,normal
2026-03-30T02:23:08.000Z,4.967,1.2015,124.188,9.76,4.469,2,normal
2026-03-30T02:23:09.000Z,4.9719,1.1941,124.6154,9.82,4.428,2,normal
2026-03-30T02:23:10.000Z,4.9621,1.2051,124.4872,8.81,4.542,2,normal
2026-03-30T02:23:11.000Z,4.9939,1.1978,124.4017,9.69,4.555,2,normal
2026-03-30T02:23:12.000Z,4.9646,1.2088,124.4444,9.31,4.552,2,normal
2026-03-30T02:23:13.000Z,4.9744,1.1941,124.4872,8.56,4.437,2,normal
2026-03-30T02:23:14.000Z,4.9768,1.1978,124.4444,9.72,4.457,2,normal
2026-03-30T02:23:15.000Z,4.9695,1.2051,124.5726,11.15,4.421,2,normal
2026-03-30T02:23:16.000Z,4.9866,1.1978,124.2308,10.64,4.51,2,normal
2026-03-30T02:23:17.000Z,4.9597,1.2051,124.188,10.08,4.501,2,normal
2026-03-30T02:23:18.000Z,4.9841,1.2051,124.3162,8.4,4.529,2,normal
2026-03-30T02:23:19.000Z,4.9817,1.2015,124.5299,10.68,4.42,2,normal
2026-03-30T02:23:20.000Z,4.9841,1.1905,124.2735,8.78,4.547,2,normal
2026-03-30T02:23:21.000Z,4.967,1.2051,124.5726,8.34,4.458,2,normal
2026-03-30T02:23:22.000Z,4.967,1.2051,124.4872,10.68,4.546,2,normal
2026-03-30T02:23:23.000Z,4.9524,1.2015,124.7009,10.22,4.554,2,normal
2026-03-30T02:23:24.000Z,4.9744,1.2015,124.4017,9.11,4.505,2,normal
2026-03-30T02:23:25.000Z,4.9548,1.1978,124.3162,8.92,4.531,2,normal
2026-03-30T02:23:26.000Z,4.9817,1.1978,124.5299,10.43,4.459,2,normal
2026-03-30T02:23:27.000Z,4.9719,1.1978,124.4017,10.5,4.527,2,normal
2026-03-30T02:23:28.000Z,4.9719,1.2015,124.4872,10.0,4.489,2,normal
2026-03-30T02:23:29.000Z,4.9744,1.1978,124.5726,9.32,4.524,2,normal
2026-03-30T02:23:30.000Z,4.989,1.2015,124.359,8.56,4.53,2,normal
2026-03-30T02:23:31.000Z,4.9841,1.2015,124.4872,10.73,4.478,2,normal
2026-03-30T02:23:32.000Z,4.967,1.1941,124.359,10.65,4.56,2,normal
2026-03-30T02:23:33.000Z,4.9695,1.1978,124.4444,7.81,4.463,2,normal
2026-03-30T02:23:34.000Z,4.9695,1.2088,124.6154,9.43,4.557,2,normal
2026-03-30T02:23:35.000Z,4.9817,1.2015,124.1453,10.21,4.458,2,normal
2026-03-30T02:23:36.000Z,4.9768,1.1941,124.4444,10.2,4.479,2,normal
2026-03-30T02:23:37.000Z,4.9719,1.2051,124.5726,10.34,4.448,2,normal
2026-03-30T02:23:38.000Z,4.9939,1.1905,124.7436,10.96,4.444,2,normal
2026-03-30T02:23:39.000Z,4.9841,1.2015,124.7009,9.53,4.448,2,normal
2026-03-30T02:23:40.000Z,4.9841,1.1941,124.5299,9.05,4.492,2,normal
2026-03-30T02:23:41.000Z,4.9792,1.1905,124.3162,9.31,4.526,2,normal
2026-03-30T02:23:42.000Z,4.9866,1.2051,124.5299,10.36,4.512,2,normal
2026-03-30T02:23:43.000Z,5.0037,1.2088,124.7009,9.18,4.449,2,normal
2026-03-30T02:23:44.000Z,4.9719,1.1868,124.4444,9.86,4.445,2,normal
2026-03-30T02:23:45.000Z,4.9841,1.2051,124.5299,9.84,4.495,2,normal
2026-03-30T02:23:46.000Z,4.9792,1.1978,124.6581,7.43,4.549,2,normal
2026-03-30T02:23:47.000Z,4.9792,1.2015,124.7009,10.45,4.431,2,normal
2026-03-30T02:23:48.000Z,4.9963,1.2051,124.359,12.96,4.455,2,normal
2026-03-30T02:23:49.000Z,4.9841,1.2051,124.359,10.12,4.519,2,normal
2026-03-30T02:23:50.000Z,4.9915,1.2051,124.5299,8.88,4.472,2,normal
2026-03-30T02:23:51.000Z,4.9963,1.1978,124.4017,8.36,4.446,2,normal
2026-03-30T02:23:52.000Z,4.967,1.2088,124.359,11.54,4.554,2,normal
2026-03-30T02:23:53.000Z,4.9695,1.2051,124.188,8.28,4.448,2,normal
2026-03-30T02:23:54.000Z,4.9744,1.2051,124.2735,9.44,4.515,2,normal
2026-03-30T02:23:55.000Z,4.9573,1.1941,124.4444,9.19,4.54,2,normal
2026-03-30T02:23:56.000Z,4.967,1.1978,124.2308,10.92,4.507,2,normal
2026-03-30T02:23:57.000Z,4.9817,1.2015,124.7009,11.84,4.495,2,normal
2026-03-30T02:23:58.000Z,4.9915,1.1978,124.4872,9.7,4.493,2,normal
2026-03-30T02:23:59.000Z,4.9695,1.2051,124.188,10.32,4.545,2,normal
2026-03-30T02:24:00.000Z,4.9768,1.1978,124.359,8.98,4.531,2,normal
2026-03-30T02:24:01.000Z,4.9695,1.1978,124.4872,9.25,4.457,2,normal
2026-03-30T02:24:02.000Z,4.9866,1.2015,124.3162,9.58,4.517,2,normal
2026-03-30T02:24:03.000Z,4.9792,1.2015,124.4017,8.77,4.566,2,normal
2026-03-30T02:24:04.000Z,4.9768,1.2051,124.4872,11.75,4.525,2,normal
2026-03-30T02:24:05.000Z,4.989,1.1978,124.2735,9.03,4.515,2,normal
2026-03-30T02:24:06.000Z,4.9597,1.2088,124.5299,10.61,4.477,2,normal
2026-03-30T02:24:07.000Z,4.9695,1.1978,124.4444,10.28,4.485,2,normal
2026-03-30T02:24:08.000Z,4.9817,1.1978,124.3162,9.62,4.519,2,normal
2026-03-30T02:24:09.000Z,4.9719,1.2051,124.359,10.14,4.481,2,normal
2026-03-30T02:24:10.000Z,4.9768,1.1941,124.359,10.25,4.551,2,normal
2026-03-30T02:24:11.000Z,4.9695,1.2015,124.5299,11.61,4.422,2,normal
2026-03-30T02:24:12.000Z,4.9939,1.1978,124.359,9.21,4.48,2,normal
2026-03-30T02:24:13.000Z,4.989,1.1978,124.8718,10.35,4.526,2,normal
2026-03-30T02:24:14.000Z,4.9646,1.2015,124.6581,8.77,4.474,2,normal
2026-03-30T02:24:15.000Z,4.967,1.2015,124.6581,10.45,4.516,2,normal
2026-03-30T02:24:16.000Z,4.9915,1.1978,124.3162,10.29,4.561,2,normal
2026-03-30T02:24:17.000Z,4.9621,1.1941,124.2308,11.2,4.567,2,normal
2026-03-30T02:24:18.000Z,4.9695,1.2015,124.4444,9.82,4.555,2,normal
2026-03-30T02:24:19.000Z,4.9841,1.1978,124.3162,11.25,4.425,2,normal
2026-03-30T02:24:20.000Z,4.9817,1.1978,124.2735,10.45,4.496,2,normal
2026-03-30T02:24:21.000Z,4.9621,1.2125,124.2735,10.57,4.534,2,normal
2026-03-30T02:24:22.000Z,4.9768,1.2015,124.4017,9.96,4.422,2,normal
2026-03-30T02:24:23.000Z,5.0061,1.2051,124.8718,9.7,4.42,2,normal
2026-03-30T02:24:24.000Z,4.9841,1.2015,124.3162,9.64,4.534,2,normal
2026-03-30T02:24:25.000Z,4.9768,1.1978,124.2308,9.59,4.456,2,normal
2026-03-30T02:24:26.000Z,4.9768,1.2088,124.5299,9.52,4.488,2,normal
2026-03-30T02:24:27.000Z,4.9621,1.1978,124.4017,7.78,4.564,2,normal
2026-03-30T02:24:28.000Z,4.9792,1.1978,124.4872,9.54,4.531,2,normal
2026-03-30T02:24:29.000Z,4.9768,1.1978,124.4017,10.45,4.426,2,normal
2026-03-30T02:24:30.000Z,4.9817,1.1978,124.7436,9.22,4.424,2,normal
2026-03-30T02:24:31.000Z,4.9915,1.2015,124.3162,10.9,4.499,2,normal
2026-03-30T02:24:32.000Z,4.9792,1.1978,124.359,9.97,4.485,2,normal
2026-03-30T02:24:33.000Z,4.9744,1.2015,124.6154,10.28,4.502,2,normal
2026-03-30T02:24:34.000Z,4.9792,1.1941,124.4444,10.71,4.436,2,normal
2026-03-30T02:24:35.000Z,4.9524,1.1905,124.4017,10.13,4.428,2,normal
2026-03-30T02:24:36.000Z,4.9646,1.2088,124.4872,11.84,4.437,2,normal
2026-03-30T02:24:37.000Z,4.9841,1.2015,124.6581,11.56,4.553,2,normal
2026-03-30T02:24:38.000Z,4.9939,1.1978,124.4444,9.26,4.422,2,normal
2026-03-30T02:24:39.000Z,4.989,1.2015,124.7009,9.89,4.459,2,normal
2026-03-30T02:24:40.000Z,4.9646,1.2051,124.4017,9.5,4.436,2,normal
2026-03-30T02:24:41.000Z,4.9646,1.1978,124.4017,9.85,4.44,2,normal
2026-03-30T02:24:42.000Z,4.9792,1.2051,124.359,10.17,4.465,2,normal
2026-03-30T02:24:43.000Z,4.9597,1.1978,124.5726,10.11,4.501,2,normal
2026-03-30T02:24:44.000Z,4.9744,1.1941,124.4444,8.77,4.437,2,normal
2026-03-30T02:24:45.000Z,4.9695,1.1978,124.4872,10.19,4.525,2,normal
2026-03-30T02:24:46.000Z,4.9695,1.1941,124.6581,8.67,4.544,2,normal
2026-03-30T02:24:47.000Z,4.9646,1.2051,124.5726,11.04,4.552,2,normal
2026-03-30T02:24:48.000Z,4.9744,1.1941,124.4872,8.89,4.435,2,normal
2026-03-30T02:24:49.000Z,4.9597,1.1905,124.6154,10.44,4.578,2,normal
2026-03-30T02:24:50.000Z,4.9695,1.2051,124.2735,8.45,4.498,2,normal
2026-03-30T02:24:51.000Z,4.9841,1.1978,124.1453,8.75,4.509,2,normal
2026-03-30T02:24:52.000Z,4.967,1.2015,124.6581,9.06,4.45,2,normal
2026-03-30T02:24:53.000Z,4.9573,1.2015,124.4017,10.82,4.521,2,normal
2026-03-30T02:24:54.000Z,4.9768,1.1978,124.2735,8.26,4.552,2,normal
2026-03-30T02:24:55.000Z,4.9573,1.1905,124.6581,9.2,4.425,2,normal
2026-03-30T02:24:56.000Z,4.9841,1.1905,124.7009,9.18,4.53,2,normal
2026-03-30T02:24:57.000Z,4.9792,1.2015,124.188,11.54,4.493,2,normal
2026-03-30T02:24:58.000Z,4.9768,1.1978,124.2735,8.73,4.497,2,normal
2026-03-30T02:24:59.000Z,4.9768,1.1978,124.4872,9.29,4.571,2,normal
2026-03-30T02:25:00.000Z,4.9768,1.1978,124.188,9.44,4.526,2,normal
2026-03-30T02:25:01.000Z,4.9719,1.2015,124.5299,6.25,4.49,2,normal
2026-03-30T02:25:02.000Z,4.9866,1.1941,124.5299,8.09,4.479,2,normal
2026-03-30T02:25:03.000Z,4.967,1.2015,124.5299,10.29,4.55,2,normal
2026-03-30T02:25:04.000Z,4.9695,1.2088,124.6581,9.53,4.527,2,normal
2026-03-30T02:25:05.000Z,4.989,1.1905,124.2735,11.2,4.505,2,normal
2026-03-30T02:25:06.000Z,4.9573,1.1978,124.7009,10.18,4.434,2,normal
2026-03-30T02:25:07.000Z,4.9744,1.2015,124.6581,9.92,4.423,2,normal
2026-03-30T02:25:08.000Z,4.9695,1.1905,124.2735,5.91,4.478,2,normal
2026-03-30T02:25:09.000Z,4.9768,1.2051,124.2308,9.99,4.452,2,normal
2026-03-30T02:25:10.000Z,4.9695,1.1941,124.4872,9.04,4.473,2,normal
2026-03-30T02:25:11.000Z,4.9866,1.1941,124.2735,8.77,4.416,2,normal
2026-03-30T02:25:12.000Z,4.967,1.1978,124.4444,9.82,4.423,2,normal
2026-03-30T02:25:13.000Z,4.9744,1.1941,124.4872,8.96,4.424,2,normal
2026-03-30T02:25:14.000Z,4.9719,1.2051,124.4017,10.39,4.538,2,normal
2026-03-30T02:25:15.000Z,4.967,1.2051,124.5299,9.72,4.487,2,normal
2026-03-30T02:25:16.000Z,4.9939,1.1905,124.4017,8.88,4.539,2,normal
2026-03-30T02:25:17.000Z,4.9695,1.1941,124.5299,10.45,4.477,2,normal
2026-03-30T02:25:18.000Z,4.9621,1.1978,124.4017,8.33,4.572,2,normal
2026-03-30T02:25:19.000Z,4.9768,1.2051,124.4017,10.94,4.434,2,normal
2026-03-30T02:25:20.000Z,4.9719,1.2015,124.5726,9.34,4.497,2,normal
2026-03-30T02:25:21.000Z,4.9768,1.2088,124.4444,11.93,4.489,2,normal
2026-03-30T02:25:22.000Z,4.9939,1.1941,124.4017,6.92,4.538,2,normal
2026-03-30T02:25:23.000Z,4.9792,1.2051,124.359,10.1,4.523,2,normal
2026-03-30T02:25:24.000Z,4.9768,1.1905,124.5726,9.96,4.45,2,normal
2026-03-30T02:25:25.000Z,4.9695,1.1941,124.5726,10.45,4.524,2,normal
2026-03-30T02:25:26.000Z,4.9817,1.1941,124.5299,11.52,4.457,2,normal
2026-03-30T02:25:27.000Z,4.9744,1.2015,124.4444,11.3,4.451,2,normal
2026-03-30T02:25:28.000Z,4.9768,1.1941,124.2735,10.2,4.479,2,normal
2026-03-30T02:25:29.000Z,4.9695,1.2015,124.7436,8.93,4.431,2,normal
2026-03-30T02:25:30.000Z,4.9841,1.1941,124.4017,6.82,4.462,2,normal
2026-03-30T02:25:31.000Z,4.9719,1.2015,124.4017,9.85,4.426,2,normal
2026-03-30T02:25:32.000Z,4.9719,1.1978,124.2308,9.04,4.502,2,normal
2026-03-30T02:25:33.000Z,4.9719,1.1978,124.5299,10.52,4.556,2,normal
2026-03-30T02:25:34.000Z,4.9768,1.1978,124.188,10.32,4.538,2,normal
2026-03-30T02:25:35.000Z,4.9768,1.2051,124.7009,10.12,4.497,2,normal
2026-03-30T02:25:36.000Z,4.9744,1.1941,124.188,11.71,4.479,2,normal
2026-03-30T02:25:37.000Z,4.9719,1.1941,124.3162,10.43,4.559,2,normal
2026-03-30T02:25:38.000Z,4.9792,1.1941,124.5726,8.87,4.531,2,normal
2026-03-30T02:25:39.000Z,4.9646,1.1941,124.6581,10.58,4.439,2,normal
2026-03-30T02:25:40.000Z,4.9866,1.2015,124.5299,8.83,4.486,2,normal
2026-03-30T02:25:41.000Z,4.9768,1.1941,124.5726,8.07,4.424,2,normal
2026-03-30T02:25:42.000Z,4.9744,1.2015,124.4444,8.72,4.465,2,normal
2026-03-30T02:25:43.000Z,4.967,1.1978,124.4872,10.43,4.432,2,normal
2026-03-30T02:25:44.000Z,4.9744,1.1905,124.359,9.31,4.561,2,normal
2026-03-30T02:25:45.000Z,4.967,1.2088,124.6154,8.56,4.526,2,normal
2026-03-30T02:25:46.000Z,4.9792,1.2015,124.359,11.3,4.426,2,normal
2026-03-30T02:25:47.000Z,4.9768,1.1978,124.5726,11.09,4.431,2,normal
2026-03-30T02:25:48.000Z,4.9695,1.2015,124.4017,11.65,4.453,2,normal
2026-03-30T02:25:49.000Z,4.967,1.2015,124.4017,11.81,4.52,2,normal
2026-03-30T02:25:50.000Z,4.9621,1.1941,124.2735,9.72,4.452,2,normal
2026-03-30T02:25:51.000Z,4.9621,1.1905,124.4444,10.54,4.434,2,normal
2026-03-30T02:25:52.000Z,4.9621,1.2015,124.4017,11.21,4.419,2,normal
2026-03-30T02:25:53.000Z,4.989,1.1941,124.4017,8.74,4.543,2,normal
2026-03-30T02:25:54.000Z,4.9817,1.1905,124.5299,11.55,4.43,2,normal
2026-03-30T02:25:55.000Z,4.9866,1.2015,124.8291,9.82,4.55,2,normal
2026-03-30T02:25:56.000Z,4.9768,1.2051,124.2308,7.4,4.48,2,normal
2026-03-30T02:25:57.000Z,4.9817,1.2088,124.5726,8.43,4.498,2,normal
2026-03-30T02:25:58.000Z,4.967,1.2015,124.359,10.68,4.534,2,normal
2026-03-30T02:25:59.000Z,4.9695,1.2051,124.5299,10.99,4.507,2,normal
2026-03-30T02:26:00.000Z,4.989,1.2051,124.359,9.03,4.464,2,normal
2026-03-30T02:26:01.000Z,4.9841,1.1941,124.4444,7.66,4.504,2,normal
2026-03-30T02:26:02.000Z,4.9963,1.2015,124.5726,10.73,4.574,2,normal
2026-03-30T02:26:03.000Z,4.9744,1.2015,124.6581,10.0,4.46,2,normal
2026-03-30T02:26:04.000Z,4.9695,1.2051,124.359,10.26,4.481,2,normal
2026-03-30T02:26:05.000Z,4.9817,1.1978,124.4017,8.18,4.452,2,normal
2026-03-30T02:26:06.000Z,4.9817,1.2015,124.6581,11.17,4.493,2,normal
2026-03-30T02:26:07.000Z,4.9573,1.1941,124.1026,8.39,4.528,2,normal
2026-03-30T02:26:08.000Z,4.9646,1.2015,124.4017,9.69,4.427,2,normal
2026-03-30T02:26:09.000Z,4.9621,1.2015,124.4017,12.75,4.566,2,normal
2026-03-30T02:26:10.000Z,4.9841,1.2015,124.4444,11.13,4.513,2,normal
2026-03-30T02:26:11.000Z,4.9695,1.1978,124.4017,10.34,4.45,2,normal
2026-03-30T02:26:12.000Z,4.9646,1.2051,124.4872,10.92,4.538,2,normal
2026-03-30T02:26:13.000Z,4.9695,1.1978,124.4444,10.89,4.563,2,normal
2026-03-30T02:26:14.000Z,4.9939,1.2015,124.5299,10.1,4.473,2,normal
2026-03-30T02:26:15.000Z,4.9621,1.2015,124.359,8.66,4.485,2,normal
2026-03-30T02:26:16.000Z,4.9792,1.2088,124.359,9.85,4.446,2,normal
2026-03-30T02:26:17.000Z,4.9646,1.2051,124.4872,8.97,4.561,2,normal
2026-03-30T02:26:18.000Z,4.9792,1.2015,124.4444,12.09,4.45,2,normal
2026-03-30T02:26:19.000Z,4.9768,1.2015,124.5299,10.68,4.462,2,normal
2026-03-30T02:26:20.000Z,4.9744,1.2051,124.7009,10.6,4.455,2,normal
2026-03-30T02:26:21.000Z,4.9695,1.1978,124.359,8.25,4.498,2,normal
2026-03-30T02:26:22.000Z,4.9573,1.2051,124.4872,11.35,4.522,2,normal
2026-03-30T02:26:23.000Z,4.9817,1.2051,124.3162,10.47,4.527,2,normal
2026-03-30T02:26:24.000Z,4.9621,1.1978,124.359,9.91,4.479,2,normal
2026-03-30T02:26:25.000Z,4.9988,1.2051,124.4444,10.11,4.456,2,normal
2026-03-30T02:26:26.000Z,4.9817,1.2088,124.5726,10.19,4.427,2,normal
2026-03-30T02:26:27.000Z,4.9695,1.1941,124.4444,10.58,4.449,2,normal
2026-03-30T02:26:28.000Z,4.9695,1.1905,124.5299,8.35,4.55,2,normal
2026-03-30T02:26:29.000Z,4.9792,1.2015,124.359,8.47,4.492,2,normal
2026-03-30T02:26:30.000Z,4.9817,1.2015,124.4017,10.57,4.576,2,normal
2026-03-30T02:26:31.000Z,4.967,1.2015,124.4872,10.37,4.461,2,normal
2026-03-30T02:26:32.000Z,4.9646,1.1905,124.6581,9.52,4.486,2,normal
2026-03-30T02:26:33.000Z,4.9915,1.2015,124.3162,6.89,4.444,2,normal
2026-03-30T02:26:34.000Z,4.9915,1.1941,124.4872,10.02,4.489,2,normal
2026-03-30T02:26:35.000Z,4.967,1.2015,124.4872,9.7,4.542,2,normal
2026-03-30T02:26:36.000Z,4.9621,1.2015,124.1453,6.74,4.455,2,normal
2026-03-30T02:26:37.000Z,4.9792,1.1978,124.2735,10.84,4.463,2,normal
2026-03-30T02:26:38.000Z,4.9744,1.2051,124.5726,10.35,4.488,2,normal
2026-03-30T02:26:39.000Z,4.9939,1.1941,124.3162,9.87,4.496,2,normal
2026-03-30T02:26:40.000Z,4.9695,1.1941,124.4444,8.19,4.554,2,normal
2026-03-30T02:26:41.000Z,4.9768,1.1978,124.8291,8.68,4.543,2,normal
2026-03-30T02:26:42.000Z,4.9719,1.1941,124.5299,10.19,4.456,2,normal
2026-03-30T02:26:43.000Z,4.9695,1.2051,124.1453,11.64,4.487,2,normal
2026-03-30T02:26:44.000Z,4.9695,1.1978,124.5299,9.1,4.522,2,normal
2026-03-30T02:26:45.000Z,4.9695,1.2088,124.4017,10.18,4.516,2,normal
2026-03-30T02:26:46.000Z,4.9573,1.1978,124.3162,10.83,4.46,2,normal
2026-03-30T02:26:47.000Z,4.9621,1.2051,124.6154,10.49,4.578,2,normal
2026-03-30T02:26:48.000Z,4.9963,1.2015,124.4444,8.89,4.484,2,normal
2026-03-30T02:26:49.000Z,4.9744,1.2051,124.2308,8.79,4.568,2,normal
2026-03-30T02:26:50.000Z,4.9744,1.1978,124.4444,8.73,4.559,2,normal
2026-03-30T02:26:51.000Z,4.9573,1.2015,124.6581,10.53,4.49,2,normal
2026-03-30T02:26:52.000Z,4.9768,1.1941,124.4017,10.28,4.493,2,normal
2026-03-30T02:26:53.000Z,4.9744,1.2015,124.5299,9.5,4.559,2,normal
2026-03-30T02:26:54.000Z,4.989,1.2015,124.6154,12.5,4.553,2,normal
2026-03-30T02:26:55.000Z,4.989,1.1978,124.4872,9.88,4.42,2,normal
2026-03-30T02:26:56.000Z,4.9695,1.2051,124.4017,10.65,4.436,2,normal
2026-03-30T02:26:57.000Z,4.9841,1.1978,124.188,8.61,4.464,2,normal
2026-03-30T02:26:58.000Z,4.967,1.1978,124.4017,8.47,4.509,2,normal
2026-03-30T02:26:59.000Z,4.9646,1.2015,124.4444,9.53,4.535,2,normal
2026-03-30T02:27:00.000Z,4.9768,1.1868,124.359,10.53,4.517,2,normal
2026-03-30T02:27:01.000Z,4.9841,1.1941,124.5726,7.92,4.506,2,normal
2026-03-30T02:27:02.000Z,4.9866,1.1941,124.0598,10.08,4.484,2,normal
2026-03-30T02:27:03.000Z,4.967,1.1941,124.359,9.29,4.439,2,normal
2026-03-30T02:27:04.000Z,4.9792,1.2051,124.3162,12.37,4.575,2,normal
2026-03-30T02:27:05.000Z,4.9744,1.2088,124.4444,9.83,4.447,2,normal
2026-03-30T02:27:06.000Z,4.9695,1.1941,124.4872,10.19,4.461,2,normal
2026-03-30T02:27:07.000Z,4.9768,1.2051,124.6581,8.52,4.573,2,normal
2026-03-30T02:27:08.000Z,4.9841,1.2088,124.4017,9.73,4.568,2,normal
2026-03-30T02:27:09.000Z,4.9695,1.1978,124.188,10.88,4.54,2,normal
2026-03-30T02:27:10.000Z,4.9744,1.2051,124.6154,10.11,4.523,2,normal
2026-03-30T02:27:11.000Z,4.9744,1.2015,124.6581,9.41,4.434,2,normal
2026-03-30T02:27:12.000Z,4.9573,1.1978,124.6581,10.74,4.451,2,normal
2026-03-30T02:27:13.000Z,4.9817,1.1905,124.359,12.61,4.553,2,normal
2026-03-30T02:27:14.000Z,4.9744,1.1978,124.5726,8.12,4.534,2,normal
2026-03-30T02:27:15.000Z,4.9915,1.2015,124.5726,10.03,4.569,2,normal
2026-03-30T02:27:16.000Z,4.9646,1.2015,124.4017,8.31,4.464,2,normal
2026-03-30T02:27:17.000Z,4.9695,1.2051,124.2735,8.23,4.537,2,normal
2026-03-30T02:27:18.000Z,4.9768,1.1978,124.359,8.58,4.474,2,normal
2026-03-30T02:27:19.000Z,4.9719,1.1978,124.2308,10.36,4.422,2,normal
2026-03-30T02:27:20.000Z,4.9646,1.2015,124.7009,10.89,4.482,2,normal
2026-03-30T02:27:21.000Z,4.9719,1.1941,124.5299,10.67,4.499,2,normal
2026-03-30T02:27:22.000Z,4.9499,1.2015,124.3162,11.17,4.455,2,normal
2026-03-30T02:27:23.000Z,4.9621,1.2051,124.2735,9.71,4.466,2,normal
2026-03-30T02:27:24.000Z,4.967,1.2051,124.188,10.02,4.568,2,normal
2026-03-30T02:27:25.000Z,4.9597,1.2051,124.4872,8.37,4.508,2,normal
2026-03-30T02:27:26.000Z,4.9695,1.1978,124.359,9.6,4.439,2,normal
2026-03-30T02:27:27.000Z,4.9768,1.1905,124.5726,8.36,4.539,2,normal
2026-03-30T02:27:28.000Z,4.9866,1.1978,124.7009,10.82,4.452,2,normal
2026-03-30T02:27:29.000Z,4.9621,1.2051,124.4872,10.35,4.495,2,normal
2026-03-30T02:27:30.000Z,4.9744,1.1978,124.5299,9.51,4.494,2,normal
2026-03-30T02:27:31.000Z,4.9719,1.2015,124.5299,9.55,4.442,2,normal
2026-03-30T02:27:32.000Z,4.9695,1.1905,124.3162,8.71,4.511,2,normal
2026-03-30T02:27:33.000Z,4.9744,1.1978,124.4872,9.93,4.524,2,normal
2026-03-30T02:27:34.000Z,4.9499,1.1905,124.5299,7.99,4.497,2,normal
2026-03-30T02:27:35.000Z,4.9817,1.2015,124.3162,9.8,4.516,2,normal
2026-03-30T02:27:36.000Z,4.9768,1.2015,124.4444,10.85,4.571,2,normal
2026-03-30T02:27:37.000Z,4.9792,1.1941,124.7436,12.84,4.462,2,normal
2026-03-30T02:27:38.000Z,4.9768,1.2015,124.4444,8.0,4.436,2,normal
2026-03-30T02:27:39.000Z,4.9695,1.2051,124.5299,9.29,4.564,2,normal
2026-03-30T02:27:40.000Z,4.9768,1.2088,124.359,11.27,4.435,2,normal
2026-03-30T02:27:41.000Z,4.9744,1.1941,124.5726,11.3,4.523,2,normal
2026-03-30T02:27:42.000Z,4.967,1.2015,124.3162,8.53,4.534,2,normal
2026-03-30T02:27:43.000Z,4.9817,1.2088,124.5726,9.76,4.545,2,normal
2026-03-30T02:27:44.000Z,4.9817,1.2015,124.7436,10.89,4.497,2,normal
2026-03-30T02:27:45.000Z,4.989,1.1978,124.1453,9.69,4.548,2,normal
2026-03-30T02:27:46.000Z,4.9866,1.1978,124.3162,9.63,4.479,2,normal
2026-03-30T02:27:47.000Z,4.9573,1.2125,124.8291,7.79,4.488,2,normal
2026-03-30T02:27:48.000Z,4.9744,1.2088,124.4017,11.05,4.548,2,normal
2026-03-30T02:27:49.000Z,4.9915,1.2051,124.5299,10.01,4.45,2,normal
2026-03-30T02:27:50.000Z,4.989,1.2051,124.4017,9.67,4.559,2,normal
2026-03-30T02:27:51.000Z,4.9768,1.2051,124.4017,9.88,4.422,2,normal
2026-03-30T02:27:52.000Z,4.9792,1.2015,124.5299,11.43,4.573,2,normal
2026-03-30T02:27:53.000Z,4.9768,1.2015,124.5726,8.88,4.487,2,normal
2026-03-30T02:27:54.000Z,4.9841,1.2051,124.5299,9.78,4.536,2,normal
2026-03-30T02:27:55.000Z,4.967,1.2015,124.1026,8.48,4.553,2,normal
2026-03-30T02:27:56.000Z,4.989,1.2051,124.4017,10.17,4.504,2,normal
2026-03-30T02:27:57.000Z,4.967,1.2015,124.4444,9.8,4.482,2,normal
2026-03-30T02:27:58.000Z,4.9695,1.1978,124.4444,12.03,4.56,2,normal
2026-03-30T02:27:59.000Z,4.967,1.2015,124.359,7.09,4.463,2,normal
2026-03-30T02:28:00.000Z,4.9841,1.2015,124.6581,10.65,4.434,2,normal
2026-03-30T02:28:01.000Z,4.9768,1.2015,124.6581,9.47,4.482,2,normal
2026-03-30T02:28:02.000Z,4.9646,1.1978,124.4872,8.39,4.526,2,normal
2026-03-30T02:28:03.000Z,4.9792,1.1905,124.4444,9.76,4.525,2,normal
2026-03-30T02:28:04.000Z,4.967,1.2015,124.5726,9.65,4.529,2,normal
2026-03-30T02:28:05.000Z,4.9841,1.1978,124.5299,9.72,4.544,2,normal
2026-03-30T02:28:06.000Z,4.9646,1.2051,124.4017,9.77,4.563,2,normal
2026-03-30T02:28:07.000Z,4.9719,1.1905,124.2735,10.02,4.513,2,normal
2026-03-30T02:28:08.000Z,4.9646,1.2015,124.5299,10.12,4.49,2,normal
2026-03-30T02:28:09.000Z,4.9792,1.2125,124.4872,10.83,4.543,2,normal
2026-03-30T02:28:10.000Z,4.9841,1.1978,124.2735,10.83,4.526,2,normal
2026-03-30T02:28:11.000Z,4.9792,1.2015,124.2735,9.67,4.445,2,normal
2026-03-30T02:28:12.000Z,4.9744,1.1941,124.7009,11.29,4.567,2,normal
2026-03-30T02:28:13.000Z,4.9768,1.2015,124.5299,10.11,4.531,2,normal
2026-03-30T02:28:14.000Z,4.9719,1.1978,124.4444,9.81,4.572,2,normal
2026-03-30T02:28:15.000Z,4.9744,1.1978,124.3162,9.28,4.552,2,normal
2026-03-30T02:28:16.000Z,4.9744,1.2015,124.5299,10.7,4.566,2,normal
2026-03-30T02:28:17.000Z,4.9768,1.1978,124.7009,10.92,4.47,2,normal
2026-03-30T02:28:18.000Z,4.9646,1.1978,124.6581,10.59,4.477,2,normal
2026-03-30T02:28:19.000Z,4.9792,1.2051,124.5726,9.24,4.532,2,normal
2026-03-30T02:28:20.000Z,4.9597,1.1941,124.4017,9.36,4.427,2,normal
2026-03-30T02:28:21.000Z,4.9646,1.1978,124.5726,9.4,4.442,2,normal
2026-03-30T02:28:22.000Z,4.9866,1.1978,124.4444,10.09,4.558,2,normal
2026-03-30T02:28:23.000Z,5.0012,1.2051,124.3162,11.43,4.421,2,normal
2026-03-30T02:28:24.000Z,4.9817,1.2015,124.359,7.18,4.482,2,normal
2026-03-30T02:28:25.000Z,4.9792,1.2015,124.5299,8.8,4.532,2,normal
2026-03-30T02:28:26.000Z,4.9792,1.1978,124.4444,8.29,4.417,2,normal
2026-03-30T02:28:27.000Z,4.9817,1.2015,124.7009,11.67,4.438,2,normal
2026-03-30T02:28:28.000Z,4.9817,1.1978,124.188,10.74,4.572,2,normal
2026-03-30T02:28:29.000Z,4.9573,1.2015,124.2735,11.16,4.52,2,normal
2026-03-30T02:28:30.000Z,4.9744,1.1978,124.5726,9.88,4.456,2,normal
2026-03-30T02:28:31.000Z,4.9963,1.2015,124.4017,11.07,4.535,2,normal
2026-03-30T02:28:32.000Z,4.989,1.2125,124.4444,10.98,4.498,2,normal
2026-03-30T02:28:33.000Z,4.9768,1.1978,124.7009,9.74,4.536,2,normal
2026-03-30T02:28:34.000Z,4.9866,1.2051,124.3162,8.77,4.458,2,normal
2026-03-30T02:28:35.000Z,4.9744,1.1941,124.4017,9.54,4.47,2,normal
2026-03-30T02:28:36.000Z,4.9792,1.2051,124.359,10.06,4.446,2,normal
2026-03-30T02:28:37.000Z,4.9988,1.2088,124.4017,9.22,4.475,2,normal
2026-03-30T02:28:38.000Z,4.989,1.1978,124.7863,10.98,4.558,2,normal
2026-03-30T02:28:39.000Z,4.9744,1.2015,124.188,9.01,4.469,2,normal
2026-03-30T02:28:40.000Z,4.9719,1.1978,124.2735,7.83,4.442,2,normal
2026-03-30T02:28:41.000Z,4.9792,1.1978,124.359,10.41,4.493,2,normal
2026-03-30T02:28:42.000Z,4.9817,1.1978,124.5726,11.29,4.566,2,normal
2026-03-30T02:28:43.000Z,4.9646,1.2015,124.359,10.09,4.559,2,normal
2026-03-30T02:28:44.000Z,4.967,1.1978,124.3162,10.01,4.466,2,normal
2026-03-30T02:28:45.000Z,4.9841,1.1978,124.6581,9.28,4.468,2,normal
2026-03-30T02:28:46.000Z,4.9866,1.2015,124.359,6.43,4.455,2,normal
2026-03-30T02:28:47.000Z,5.0012,1.2015,124.359,9.37,4.474,2,normal
2026-03-30T02:28:48.000Z,4.9768,1.2051,124.5299,11.59,4.453,2,normal
2026-03-30T02:28:49.000Z,4.9768,1.2051,124.5299,10.37,4.551,2,normal
2026-03-30T02:28:50.000Z,4.9841,1.1941,124.5299,10.17,4.525,2,normal
2026-03-30T02:28:51.000Z,4.9524,1.1941,124.3162,11.06,4.516,2,normal
2026-03-30T02:28:52.000Z,4.9548,1.2015,124.4444,9.81,4.524,2,normal
2026-03-30T02:28:53.000Z,4.9841,1.1941,124.2308,9.36,4.564,2,normal
2026-03-30T02:28:54.000Z,4.9792,1.2125,124.2735,9.25,4.527,2,normal
2026-03-30T02:28:55.000Z,4.989,1.1905,124.3162,10.61,4.428,2,normal
2026-03-30T02:28:56.000Z,4.9768,1.1941,124.4872,10.27,4.463,2,normal
2026-03-30T02:28:57.000Z,4.9695,1.1978,124.359,8.12,4.447,2,normal
2026-03-30T02:28:58.000Z,4.9719,1.2051,124.3162,9.41,4.562,2,normal
2026-03-30T02:28:59.000Z,4.9695,1.1978,124.359,11.39,4.541,2,normal
2026-03-30T02:29:00.000Z,4.9719,1.2015,124.4017,10.21,4.552,2,normal
2026-03-30T02:29:01.000Z,4.9597,1.2088,124.6154,9.59,4.442,2,normal
2026-03-30T02:29:02.000Z,4.9744,1.1978,124.6154,9.56,4.522,2,normal
2026-03-30T02:29:03.000Z,4.9719,1.1905,124.5726,9.22,4.455,2,normal
2026-03-30T02:29:04.000Z,4.989,1.2051,124.7009,9.55,4.483,2,normal
2026-03-30T02:29:05.000Z,4.9597,1.1905,124.6581,10.22,4.565,2,normal
2026-03-30T02:29:06.000Z,4.9817,1.1978,124.3162,9.87,4.575,2,normal
2026-03-30T02:29:07.000Z,4.9646,1.2051,124.5299,8.66,4.437,2,normal
2026-03-30T02:29:08.000Z,4.9768,1.2051,124.1453,10.88,4.56,2,normal
2026-03-30T02:29:09.000Z,4.9768,1.1905,124.3162,11.74,4.48,2,normal
2026-03-30T02:29:10.000Z,4.9841,1.2015,124.5299,12.13,4.533,2,normal
2026-03-30T02:29:11.000Z,4.9939,1.1868,124.359,9.08,4.529,2,normal
2026-03-30T02:29:12.000Z,4.9573,1.1905,124.4444,10.56,4.492,2,normal
2026-03-30T02:29:13.000Z,4.9719,1.2051,124.3162,10.11,4.473,2,normal
2026-03-30T02:29:14.000Z,4.9621,1.2125,124.4017,11.13,4.552,2,normal
2026-03-30T02:29:15.000Z,4.9744,1.1978,124.2735,10.22,4.533,2,normal
2026-03-30T02:29:16.000Z,4.9597,1.1978,124.5726,9.47,4.468,2,normal
2026-03-30T02:29:17.000Z,4.989,1.2015,124.4872,10.97,4.57,2,normal
2026-03-30T02:29:18.000Z,4.989,1.1868,124.4444,12.33,4.489,2,normal
2026-03-30T02:29:19.000Z,4.9841,1.1941,124.6154,10.68,4.536,2,normal
2026-03-30T02:29:20.000Z,4.9621,1.1978,124.4017,11.05,4.463,2,normal
2026-03-30T02:29:21.000Z,4.989,1.1978,124.1026,8.66,4.433,2,normal
2026-03-30T02:29:22.000Z,4.967,1.2015,124.6581,11.54,4.435,2,normal
2026-03-30T02:29:23.000Z,4.9744,1.1941,124.188,9.67,4.494,2,normal
2026-03-30T02:29:24.000Z,4.9719,1.2015,124.5299,10.89,4.518,2,normal
2026-03-30T02:29:25.000Z,4.9695,1.1941,124.5726,8.57,4.52,2,normal
2026-03-30T02:29:26.000Z,4.9792,1.2015,124.6154,9.5,4.561,2,normal
2026-03-30T02:29:27.000Z,4.9621,1.1978,124.2735,9.0,4.571,2,normal
2026-03-30T02:29:28.000Z,4.9768,1.1978,124.4872,9.92,4.566,2,normal
2026-03-30T02:29:29.000Z,4.9817,1.2051,124.6154,9.54,4.435,2,normal
2026-03-30T02:29:30.000Z,4.989,1.1941,124.5726,10.87,4.437,2,normal
2026-03-30T02:29:31.000Z,4.9792,1.2015,124.6154,7.42,4.444,2,normal
2026-03-30T02:29:32.000Z,4.9719,1.1941,124.5299,10.2,4.474,2,normal
2026-03-30T02:29:33.000Z,4.9963,1.1905,124.3162,11.27,4.536,2,normal
2026-03-30T02:29:34.000Z,4.9695,1.1978,124.4872,11.15,4.439,2,normal
2026-03-30T02:29:35.000Z,4.9817,1.2015,124.5299,10.02,4.484,2,normal
2026-03-30T02:29:36.000Z,4.9695,1.1941,124.5726,10.19,4.443,2,normal
2026-03-30T02:29:37.000Z,4.9841,1.1978,124.7436,8.23,4.501,2,normal
2026-03-30T02:29:38.000Z,4.9817,1.1941,124.2735,10.07,4.442,2,normal
2026-03-30T02:29:39.000Z,4.9792,1.2125,124.6581,9.74,4.536,2,normal
2026-03-30T02:29:40.000Z,4.989,1.2015,124.3162,9.78,4.444,2,normal
2026-03-30T02:29:41.000Z,4.9768,1.1978,124.4444,9.53,4.56,2,normal
2026-03-30T02:29:42.000Z,4.9841,1.1941,124.3162,8.09,4.469,2,normal
2026-03-30T02:29:43.000Z,4.9744,1.1978,124.359,9.32,4.48,2,normal
2026-03-30T02:29:44.000Z,4.9719,1.2051,124.359,10.99,4.544,2,normal
2026-03-30T02:29:45.000Z,4.9621,1.2051,124.5299,10.19,4.497,2,normal
2026-03-30T02:29:46.000Z,4.967,1.2051,124.4444,9.48,4.456,2,normal
2026-03-30T02:29:47.000Z,4.9939,1.2088,124.5726,11.91,4.491,2,normal
2026-03-30T02:29:48.000Z,4.9817,1.1978,124.5726,9.5,4.51,2,normal
2026-03-30T02:29:49.000Z,4.9792,1.1978,124.6581,10.29,4.462,2,normal
2026-03-30T02:29:50.000Z,4.9695,1.2015,124.4872,10.14,4.55,2,normal
2026-03-30T02:29:51.000Z,4.9719,1.2015,124.5726,9.55,4.491,2,normal
2026-03-30T02:29:52.000Z,4.9817,1.1941,124.4872,10.2,4.569,2,normal
2026-03-30T02:29:53.000Z,4.9597,1.1905,124.7009,9.17,4.497,2,normal
2026-03-30T02:29:54.000Z,4.989,1.1978,124.4017,10.14,4.54,2,normal
2026-03-30T02:29:55.000Z,4.9744,1.1905,124.7009,10.34,4.491,2,normal
2026-03-30T02:29:56.000Z,4.9866,1.2015,124.4872,9.59,4.433,2,normal
2026-03-30T02:29:57.000Z,4.9744,1.1941,124.4872,11.29,4.51,2,normal
2026-03-30T02:29:58.000Z,4.9719,1.1905,124.6581,12.16,4.442,2,normal
2026-03-30T02:29:59.000Z,4.9768,1.1978,124.3162,11.86,4.544,2,normal
2026-03-30T02:30:00.000Z,4.9817,1.2015,124.359,10.7,4.525,2,normal
2026-03-30T02:30:01.000Z,4.9817,1.2088,124.359,10.32,4.564,2,normal
2026-03-30T02:30:02.000Z,4.967,1.1941,124.4444,11.01,4.469,2,normal
2026-03-30T02:30:03.000Z,4.9866,1.1978,124.4017,11.54,4.507,2,normal
2026-03-30T02:30:04.000Z,4.9768,1.2051,124.5299,8.74,4.43,2,normal
2026-03-30T02:30:05.000Z,4.989,1.1978,124.2735,8.82,4.522,2,normal
2026-03-30T02:30:06.000Z,4.9792,1.1941,124.5299,9.1,4.539,2,normal
2026-03-30T02:30:07.000Z,4.9695,1.1978,124.4017,11.32,4.424,2,normal
2026-03-30T02:30:08.000Z,4.9695,1.1978,124.4872,9.94,4.516,2,normal
2026-03-30T02:30:09.000Z,4.9866,1.2015,124.188,9.83,4.466,2,normal
2026-03-30T02:30:10.000Z,4.9573,1.2015,124.5299,11.14,4.448,2,normal
2026-03-30T02:30:11.000Z,4.967,1.1978,124.4872,10.88,4.576,2,normal
2026-03-30T02:30:12.000Z,4.9817,1.2015,124.359,7.43,4.555,2,normal
2026-03-30T02:30:13.000Z,4.9817,1.2015,124.6581,9.38,4.481,2,normal
2026-03-30T02:30:14.000Z,4.9963,1.1978,124.4872,8.7,4.427,2,normal
2026-03-30T02:30:15.000Z,4.989,1.1978,124.6581,9.88,4.473,2,normal
2026-03-30T02:30:16.000Z,4.9621,1.2051,124.4017,12.56,4.429,2,normal
2026-03-30T02:30:17.000Z,4.9621,1.1978,124.188,9.19,4.551,2,normal
2026-03-30T02:30:18.000Z,4.9841,1.1978,124.5726,9.77,4.488,2,normal
2026-03-30T02:30:19.000Z,4.9646,1.2015,124.5299,9.67,4.483,2,normal
2026-03-30T02:30:20.000Z,4.9695,1.1941,124.4444,7.85,4.566,2,normal
2026-03-30T02:30:21.000Z,4.9573,1.1905,124.6581,9.62,4.457,2,normal
2026-03-30T02:30:22.000Z,4.9817,1.1941,124.3162,9.52,4.522,2,normal
2026-03-30T02:30:23.000Z,4.9768,1.2015,124.5726,9.2,4.5,2,normal
2026-03-30T02:30:24.000Z,4.9841,1.1941,124.3162,11.14,4.445,2,normal
2026-03-30T02:30:25.000Z,4.9841,1.1941,124.3162,10.76,4.502,2,normal
2026-03-30T02:30:26.000Z,4.9768,1.1978,124.6581,10.34,4.422,2,normal
2026-03-30T02:30:27.000Z,4.9817,1.2015,124.4872,9.87,4.449,2,normal
2026-03-30T02:30:28.000Z,4.9866,1.1978,124.2308,12.1,4.514,2,normal
2026-03-30T02:30:29.000Z,4.9744,1.2015,124.359,11.88,4.459,2,normal
2026-03-30T02:30:30.000Z,4.9695,1.1941,124.4444,10.08,4.445,2,normal
2026-03-30T02:30:31.000Z,4.9695,1.2015,124.5299,10.45,4.483,2,normal
2026-03-30T02:30:32.000Z,4.9646,1.1978,124.4444,11.33,4.459,2,normal
2026-03-30T02:30:33.000Z,4.9768,1.2051,124.3162,8.72,4.532,2,normal
2026-03-30T02:30:34.000Z,4.9524,1.1978,124.4872,7.56,4.5,2,normal
2026-03-30T02:30:35.000Z,4.9817,1.1978,124.5299,9.24,4.564,2,normal
2026-03-30T02:30:36.000Z,4.9915,1.2015,124.8718,8.58,4.436,2,normal
2026-03-30T02:30:37.000Z,4.9695,1.2051,124.6154,10.52,4.513,2,normal
2026-03-30T02:30:38.000Z,4.9744,1.1941,124.2308,8.94,4.425,2,normal
2026-03-30T02:30:39.000Z,4.9768,1.1978,124.5726,10.34,4.441,2,normal
2026-03-30T02:30:40.000Z,4.9841,1.2015,124.4444,9.21,4.474,2,normal
2026-03-30T02:30:41.000Z,4.9866,1.1978,124.4444,10.47,4.529,2,normal
2026-03-30T02:30:42.000Z,4.9695,1.2015,124.4444,9.54,4.468,2,normal
2026-03-30T02:30:43.000Z,4.9817,1.2015,124.4017,10.01,4.515,2,normal
2026-03-30T02:30:44.000Z,4.967,1.2051,124.2308,12.26,4.486,2,normal
2026-03-30T02:30:45.000Z,4.9792,1.1978,124.4444,8.96,4.529,2,normal
2026-03-30T02:30:46.000Z,4.9719,1.2051,124.4872,9.9,4.541,2,normal
2026-03-30T02:30:47.000Z,4.989,1.1978,124.4017,10.34,4.448,2,normal
2026-03-30T02:30:48.000Z,4.9841,1.2088,124.2308,9.86,4.469,2,normal
2026-03-30T02:30:49.000Z,4.9792,1.1978,124.188,8.89,4.534,2,normal
2026-03-30T02:30:50.000Z,4.9695,1.2015,124.6154,9.83,4.432,2,normal
2026-03-30T02:30:51.000Z,4.9744,1.2015,124.5299,9.9,4.535,2,normal
2026-03-30T02:30:52.000Z,4.9866,1.1868,124.6581,9.19,4.471,2,normal
2026-03-30T02:30:53.000Z,4.9792,1.1978,124.4444,10.29,4.509,2,normal
2026-03-30T02:30:54.000Z,4.9646,1.2088,124.359,9.8,4.572,2,normal
2026-03-30T02:30:55.000Z,4.9792,1.1905,124.2308,10.93,4.472,2,normal
2026-03-30T02:30:56.000Z,4.9646,1.2088,124.2735,11.14,4.477,2,normal
2026-03-30T02:30:57.000Z,4.9646,1.1941,124.5726,10.95,4.44,2,normal
2026-03-30T02:30:58.000Z,4.9963,1.1941,124.1453,9.13,4.541,2,normal
2026-03-30T02:30:59.000Z,4.9573,1.2015,124.359,11.54,4.535,2,normal
2026-03-30T02:31:00.000Z,4.9915,1.2051,124.5299,9.72,4.433,2,normal
2026-03-30T02:31:01.000Z,4.9817,1.2051,124.3162,10.71,4.538,2,normal
2026-03-30T02:31:02.000Z,4.9695,1.2015,124.4444,10.34,4.447,2,normal
2026-03-30T02:31:03.000Z,5.0012,1.2051,124.359,10.98,4.509,2,normal
2026-03-30T02:31:04.000Z,4.9792,1.2051,124.0598,10.79,4.542,2,normal
2026-03-30T02:31:05.000Z,4.9646,1.1978,124.188,10.57,4.488,2,normal
2026-03-30T02:31:06.000Z,4.9841,1.1941,124.6581,9.32,4.456,2,normal
2026-03-30T02:31:07.000Z,4.9744,1.1978,124.4444,9.02,4.493,2,normal
2026-03-30T02:31:08.000Z,4.9768,1.1978,124.6154,8.89,4.573,2,normal
2026-03-30T02:31:09.000Z,4.9866,1.2015,124.4017,11.49,4.463,2,normal
2026-03-30T02:31:10.000Z,4.9915,1.2051,124.4872,9.51,4.571,2,normal
2026-03-30T02:31:11.000Z,4.9719,1.1905,124.7863,11.75,4.451,2,normal
2026-03-30T02:31:12.000Z,4.9841,1.2051,124.359,10.39,4.457,2,normal
2026-03-30T02:31:13.000Z,4.9768,1.1941,124.5726,8.85,4.562,2,normal
2026-03-30T02:31:14.000Z,4.9792,1.2015,124.4444,8.49,4.571,2,normal
2026-03-30T02:31:15.000Z,4.9719,1.1941,124.4444,10.72,4.508,2,normal
2026-03-30T02:31:16.000Z,4.9597,1.1978,124.2735,11.8,4.526,2,normal
2026-03-30T02:31:17.000Z,4.9866,1.1978,124.5299,11.09,4.525,2,normal
2026-03-30T02:31:18.000Z,4.989,1.2088,124.1453,9.55,4.52,2,normal
2026-03-30T02:31:19.000Z,4.9768,1.1978,124.4017,8.75,4.463,2,normal
2026-03-30T02:31:20.000Z,4.9719,1.1978,124.4017,10.67,4.484,2,normal
2026-03-30T02:31:21.000Z,4.9792,1.1941,124.5726,9.76,4.543,2,normal
2026-03-30T02:31:22.000Z,4.9841,1.2015,124.2735,9.43,4.431,2,normal
2026-03-30T02:31:23.000Z,4.967,1.2015,124.5299,11.14,4.421,2,normal
2026-03-30T02:31:24.000Z,4.9573,1.2015,124.4872,8.89,4.431,2,normal
2026-03-30T02:31:25.000Z,4.9768,1.2051,124.359,9.88,4.562,2,normal
2026-03-30T02:31:26.000Z,4.9817,1.2015,124.4017,10.11,4.542,2,normal
2026-03-30T02:31:27.000Z,4.9646,1.2051,124.5299,8.55,4.48,2,normal
2026-03-30T02:31:28.000Z,4.9695,1.1941,124.4872,9.17,4.44,2,normal
2026-03-30T02:31:29.000Z,4.9768,1.1941,124.5299,10.56,4.428,2,normal
2026-03-30T02:31:30.000Z,4.9719,1.1941,124.4872,10.74,4.565,2,normal
2026-03-30T02:31:31.000Z,4.9695,1.1978,124.359,8.47,4.527,2,normal
2026-03-30T02:31:32.000Z,4.9768,1.2088,124.359,8.3,4.513,2,normal
2026-03-30T02:31:33.000Z,4.9841,1.1978,124.5726,10.48,4.573,2,normal
2026-03-30T02:31:34.000Z,4.9768,1.1978,124.4444,10.2,4.435,2,normal
2026-03-30T02:31:35.000Z,4.9646,1.1978,124.4017,7.21,4.425,2,normal
2026-03-30T02:31:36.000Z,4.9695,1.2015,124.3162,8.75,4.461,2,normal
2026-03-30T02:31:37.000Z,4.9817,1.1941,124.188,8.68,4.429,2,normal
2026-03-30T02:31:38.000Z,4.9939,1.1978,124.7009,8.33,4.481,2,normal
2026-03-30T02:31:39.000Z,4.9841,1.2015,124.2735,10.83,4.467,2,normal
2026-03-30T02:31:40.000Z,4.9744,1.2051,124.2735,12.36,4.439,2,normal
2026-03-30T02:31:41.000Z,4.9695,1.1905,124.359,9.66,4.554,2,normal
2026-03-30T02:31:42.000Z,4.9841,1.1978,124.4872,8.24,4.516,2,normal
2026-03-30T02:31:43.000Z,4.9841,1.2051,124.6154,9.03,4.457,2,normal
2026-03-30T02:31:44.000Z,4.9939,1.1978,124.2308,8.19,4.438,2,normal
2026-03-30T02:31:45.000Z,4.989,1.2015,124.359,9.78,4.526,2,normal
2026-03-30T02:31:46.000Z,4.9866,1.1978,124.5299,9.87,4.491,2,normal
2026-03-30T02:31:47.000Z,4.989,1.1978,124.6581,10.49,4.52,2,normal
2026-03-30T02:31:48.000Z,4.9719,1.2051,124.359,9.62,4.564,2,normal
2026-03-30T02:31:49.000Z,4.967,1.1941,124.5299,9.22,4.498,2,normal
2026-03-30T02:31:50.000Z,4.9646,1.1941,124.359,9.64,4.545,2,normal
2026-03-30T02:31:51.000Z,4.967,1.1978,124.2735,8.48,4.468,2,normal
2026-03-30T02:31:52.000Z,4.9719,1.1941,124.4017,8.99,4.54,2,normal
2026-03-30T02:31:53.000Z,4.9817,1.1978,124.4444,11.23,4.435,2,normal
2026-03-30T02:31:54.000Z,4.9792,1.1978,124.4872,11.71,4.574,2,normal
2026-03-30T02:31:55.000Z,4.9792,1.2015,124.6154,9.36,4.564,2,normal
2026-03-30T02:31:56.000Z,4.9695,1.1978,124.1026,9.79,4.418,2,normal
2026-03-30T02:31:57.000Z,4.9695,1.1978,124.4872,8.71,4.528,2,normal
2026-03-30T02:31:58.000Z,4.9744,1.2015,124.7436,10.77,4.493,2,normal
2026-03-30T02:31:59.000Z,4.989,1.2015,124.2735,9.48,4.487,2,normal
2026-03-30T02:32:00.000Z,4.9719,1.1941,124.7863,9.27,4.471,2,normal
2026-03-30T02:32:01.000Z,4.9768,1.2088,124.4444,10.18,4.473,2,normal
2026-03-30T02:32:02.000Z,4.9548,1.1978,124.6154,9.26,4.497,2,normal
2026-03-30T02:32:03.000Z,4.9524,1.1978,124.6581,11.95,4.436,2,normal
2026-03-30T02:32:04.000Z,4.967,1.1978,124.4444,9.46,4.425,2,normal
2026-03-30T02:32:05.000Z,4.9817,1.2015,124.5299,10.09,4.468,2,normal
2026-03-30T02:32:06.000Z,4.9695,1.2015,124.4872,10.0,4.528,2,normal
2026-03-30T02:32:07.000Z,4.9817,1.2051,124.7009,10.61,4.563,2,normal
2026-03-30T02:32:08.000Z,4.967,1.1978,124.5299,9.62,4.473,2,normal
2026-03-30T02:32:09.000Z,4.9792,1.1978,124.4017,9.94,4.515,2,normal
2026-03-30T02:32:10.000Z,5.0012,1.1941,124.4444,9.91,4.539,2,normal
2026-03-30T02:32:11.000Z,4.9963,1.1978,124.3162,10.44,4.476,2,normal
2026-03-30T02:32:12.000Z,4.9939,1.1978,124.5726,12.35,4.518,2,normal
2026-03-30T02:32:13.000Z,4.9744,1.1978,124.359,8.66,4.427,2,normal
2026-03-30T02:32:14.000Z,4.9719,1.1978,124.5726,10.64,4.426,2,normal
2026-03-30T02:32:15.000Z,4.9792,1.2051,124.5299,10.19,4.425,2,normal
2026-03-30T02:32:16.000Z,4.9621,1.1941,124.3162,8.23,4.545,2,normal
2026-03-30T02:32:17.000Z,4.9792,1.1978,124.6154,9.05,4.577,2,normal
2026-03-30T02:32:18.000Z,4.9744,1.1941,124.5299,10.0,4.559,2,normal
2026-03-30T02:32:19.000Z,4.9744,1.1978,124.5726,8.26,4.568,2,normal
2026-03-30T02:32:20.000Z,4.9744,1.2015,124.4444,7.68,4.563,2,normal
2026-03-30T02:32:21.000Z,4.9866,1.2088,124.6581,12.48,4.518,2,normal
2026-03-30T02:32:22.000Z,4.9744,1.1978,124.4017,9.99,4.486,2,normal
2026-03-30T02:32:23.000Z,4.9817,1.2015,124.4872,11.26,4.477,2,normal
2026-03-30T02:32:24.000Z,4.9744,1.2015,124.7009,10.24,4.548,2,normal
2026-03-30T02:32:25.000Z,4.9792,1.2015,124.7436,9.65,4.558,2,normal
2026-03-30T02:32:26.000Z,4.9695,1.2125,124.6154,7.34,4.527,2,normal
2026-03-30T02:32:27.000Z,4.967,1.2051,124.7009,11.63,4.546,2,normal
2026-03-30T02:32:28.000Z,4.9817,1.1978,124.188,10.88,4.464,2,normal
2026-03-30T02:32:29.000Z,4.9573,1.1941,124.2735,8.75,4.472,2,normal
2026-03-30T02:32:30.000Z,4.9695,1.2015,124.6154,10.95,4.513,2,normal
2026-03-30T02:32:31.000Z,4.9719,1.1978,124.3162,10.03,4.441,2,normal
2026-03-30T02:32:32.000Z,4.9768,1.1978,124.359,9.56,4.427,2,normal
2026-03-30T02:32:33.000Z,4.9646,1.1978,124.3162,9.99,4.423,2,normal
2026-03-30T02:32:34.000Z,4.9646,1.1941,124.3162,9.07,4.493,2,normal
2026-03-30T02:32:35.000Z,4.9744,1.1978,124.3162,10.88,4.508,2,normal
2026-03-30T02:32:36.000Z,4.9573,1.2015,124.2308,9.58,4.552,2,normal
2026-03-30T02:32:37.000Z,4.9768,1.2015,124.359,9.48,4.477,2,normal
2026-03-30T02:32:38.000Z,4.9744,1.2015,124.7436,9.63,4.526,2,normal
2026-03-30T02:32:39.000Z,4.9646,1.1941,124.6154,9.37,4.517,2,normal
2026-03-30T02:32:40.000Z,4.9695,1.1941,124.4444,9.35,4.533,2,normal
2026-03-30T02:32:41.000Z,4.9744,1.2125,124.4444,9.89,4.574,2,normal
2026-03-30T02:32:42.000Z,4.9548,1.2051,124.359,9.05,4.526,2,normal
2026-03-30T02:32:43.000Z,4.9841,1.2015,124.4444,8.78,4.439,2,normal
2026-03-30T02:32:44.000Z,4.9768,1.2051,124.4017,10.99,4.527,2,normal
2026-03-30T02:32:45.000Z,4.967,1.2051,124.5726,9.61,4.445,2,normal
2026-03-30T02:32:46.000Z,4.9646,1.1978,124.4444,11.26,4.439,2,normal
2026-03-30T02:32:47.000Z,4.9597,1.1905,124.5299,7.94,4.503,2,normal
2026-03-30T02:32:48.000Z,4.9744,1.2015,124.4444,9.79,4.527,2,normal
2026-03-30T02:32:49.000Z,4.9792,1.1978,124.4872,9.4,4.539,2,normal
2026-03-30T02:32:50.000Z,4.9768,1.1978,124.5299,8.33,4.445,2,normal
2026-03-30T02:32:51.000Z,4.9915,1.1978,124.3162,10.79,4.57,2,normal
2026-03-30T02:32:52.000Z,4.9817,1.2015,124.5299,10.02,4.539,2,normal
2026-03-30T02:32:53.000Z,4.9866,1.1978,124.1453,9.13,4.526,2,normal
2026-03-30T02:32:54.000Z,4.9695,1.2015,124.4872,10.56,4.487,2,normal
2026-03-30T02:32:55.000Z,4.9744,1.2015,124.2735,10.28,4.461,2,normal
2026-03-30T02:32:56.000Z,4.9915,1.2015,124.6154,10.97,4.56,2,normal
2026-03-30T02:32:57.000Z,4.9817,1.1941,124.4017,9.08,4.48,2,normal
2026-03-30T02:32:58.000Z,4.9817,1.1978,124.4017,9.51,4.566,2,normal
2026-03-30T02:32:59.000Z,4.989,1.1905,124.359,8.9,4.464,2,normal
2026-03-30T02:33:00.000Z,4.9915,1.1868,124.4017,9.87,4.537,2,normal
2026-03-30T02:33:01.000Z,4.9792,1.1941,124.359,10.28,4.53,2,normal
2026-03-30T02:33:02.000Z,4.967,1.1941,124.5299,10.36,4.499,2,normal
2026-03-30T02:33:03.000Z,4.9695,1.2051,124.1453,9.75,4.508,2,normal
2026-03-30T02:33:04.000Z,4.9719,1.1905,124.5726,9.93,4.469,2,normal
2026-03-30T02:33:05.000Z,4.9695,1.2015,124.188,9.66,4.489,2,normal
2026-03-30T02:33:06.000Z,4.9621,1.2088,124.4444,8.8,4.428,2,normal
2026-03-30T02:33:07.000Z,4.9866,1.1978,124.3162,10.41,4.575,2,normal
2026-03-30T02:33:08.000Z,4.9866,1.2088,124.359,9.88,4.484,2,normal
2026-03-30T02:33:09.000Z,4.9866,1.1978,124.3162,9.59,4.532,2,normal
2026-03-30T02:33:10.000Z,4.9817,1.1978,124.7009,8.83,4.42,2,normal
2026-03-30T02:33:11.000Z,4.9719,1.1905,124.6154,9.81,4.551,2,normal
2026-03-30T02:33:12.000Z,4.9768,1.1978,124.4444,11.01,4.539,2,normal
2026-03-30T02:33:13.000Z,4.9939,1.1978,124.3162,9.33,4.517,2,normal
2026-03-30T02:33:14.000Z,4.9841,1.2051,124.5299,11.13,4.547,2,normal
2026-03-30T02:33:15.000Z,4.9744,1.2015,124.4017,8.17,4.459,2,normal
2026-03-30T02:33:16.000Z,4.9499,1.2015,124.6581,9.49,4.499,2,normal
2026-03-30T02:33:17.000Z,5.0012,1.2088,124.4872,11.19,4.498,2,normal
2026-03-30T02:33:18.000Z,4.9963,1.1978,124.4444,9.13,4.431,2,normal
2026-03-30T02:33:19.000Z,4.9548,1.1978,124.3162,11.73,4.506,2,normal
2026-03-30T02:33:20.000Z,5.0061,1.1941,124.4872,12.14,4.574,2,normal
2026-03-30T02:33:21.000Z,4.9866,1.1941,124.4872,8.61,4.517,2,normal
2026-03-30T02:33:22.000Z,4.967,1.1978,124.3162,8.6,4.472,2,normal
2026-03-30T02:33:23.000Z,4.967,1.1941,124.7863,8.72,4.474,2,normal
2026-03-30T02:33:24.000Z,4.989,1.1978,124.6154,9.08,4.438,2,normal
2026-03-30T02:33:25.000Z,4.9768,1.2015,124.7009,10.13,4.526,2,normal
2026-03-30T02:33:26.000Z,4.9646,1.1978,124.4872,9.29,4.464,2,normal
2026-03-30T02:33:27.000Z,4.9719,1.1978,124.359,9.96,4.503,2,normal
2026-03-30T02:33:28.000Z,4.9524,1.2051,124.4017,10.42,4.463,2,normal
2026-03-30T02:33:29.000Z,4.9768,1.1978,124.6154,8.27,4.434,2,normal
2026-03-30T02:33:30.000Z,4.9573,1.2015,124.2735,9.72,4.552,2,normal
2026-03-30T02:33:31.000Z,4.9841,1.2015,124.359,9.06,4.561,2,normal
2026-03-30T02:33:32.000Z,4.9744,1.1978,124.6154,9.21,4.421,2,normal
2026-03-30T02:33:33.000Z,4.9768,1.1941,124.4444,9.81,4.431,2,normal
2026-03-30T02:33:34.000Z,4.9744,1.2051,124.2735,9.29,4.459,2,normal
2026-03-30T02:33:35.000Z,4.9792,1.1941,124.6154,10.26,4.424,2,normal
2026-03-30T02:33:36.000Z,4.9792,1.2015,124.4017,9.82,4.424,2,normal
2026-03-30T02:33:37.000Z,4.9841,1.1941,124.4872,10.29,4.417,2,normal
2026-03-30T02:33:38.000Z,4.967,1.2015,124.5299,6.2,4.523,2,normal
2026-03-30T02:33:39.000Z,4.9792,1.1905,124.7436,11.39,4.487,2,normal
2026-03-30T02:33:40.000Z,4.9817,1.1978,124.4444,10.26,4.547,2,normal
2026-03-30T02:33:41.000Z,4.9963,1.2015,124.4444,12.0,4.466,2,normal
2026-03-30T02:33:42.000Z,4.967,1.2015,124.4872,8.62,4.443,2,normal
2026-03-30T02:33:43.000Z,4.9768,1.1941,124.4017,10.71,4.437,2,normal
2026-03-30T02:33:44.000Z,4.9866,1.1941,124.6154,8.13,4.48,2,normal
2026-03-30T02:33:45.000Z,4.9573,1.1941,124.3162,9.12,4.42,2,normal
2026-03-30T02:33:46.000Z,4.9744,1.1978,124.359,9.94,4.443,2,normal
2026-03-30T02:33:47.000Z,4.9939,1.1978,124.5299,9.66,4.516,2,normal
2026-03-30T02:33:48.000Z,4.9695,1.1905,124.5726,8.86,4.511,2,normal
2026-03-30T02:33:49.000Z,4.9915,1.2015,124.3162,10.69,4.457,2,normal
2026-03-30T02:33:50.000Z,4.9841,1.1941,124.5299,8.98,4.45,2,normal
2026-03-30T02:33:51.000Z,4.9915,1.1978,124.2735,8.96,4.525,2,normal
2026-03-30T02:33:52.000Z,4.989,1.1905,124.4872,10.17,4.496,2,normal
2026-03-30T02:33:53.000Z,4.9768,1.2051,124.6581,10.98,4.529,2,normal
2026-03-30T02:33:54.000Z,4.9719,1.1978,124.4444,9.04,4.493,2,normal
2026-03-30T02:33:55.000Z,4.989,1.2015,124.359,10.49,4.458,2,normal
2026-03-30T02:33:56.000Z,4.9792,1.2015,124.4872,9.77,4.491,2,normal
2026-03-30T02:33:57.000Z,4.9719,1.1941,124.4872,9.96,4.514,2,normal
2026-03-30T02:33:58.000Z,4.9915,1.1905,124.4872,10.07,4.52,2,normal
2026-03-30T02:33:59.000Z,4.9621,1.2051,124.6154,12.51,4.446,2,normal
2026-03-30T02:34:00.000Z,4.9792,1.2051,124.6154,11.74,4.467,2,normal
2026-03-30T02:34:01.000Z,4.9744,1.1978,124.2308,7.57,4.433,2,normal
2026-03-30T02:34:02.000Z,4.9768,1.2015,124.188,9.28,4.556,2,normal
2026-03-30T02:34:03.000Z,4.9695,1.2015,124.3162,9.54,4.463,2,normal
2026-03-30T02:34:04.000Z,4.9915,1.2051,124.6581,9.83,4.42,2,normal
2026-03-30T02:34:05.000Z,4.9621,1.1978,124.5299,9.83,4.462,2,normal
2026-03-30T02:34:06.000Z,4.9768,1.2051,124.4872,11.33,4.522,2,normal
2026-03-30T02:34:07.000Z,4.9744,1.1978,124.5726,9.52,4.497,2,normal
2026-03-30T02:34:08.000Z,4.9695,1.2125,124.4017,10.59,4.562,2,normal
2026-03-30T02:34:09.000Z,4.9621,1.1978,124.6154,10.02,4.532,2,normal
2026-03-30T02:34:10.000Z,4.967,1.2015,124.359,12.4,4.5,2,normal
2026-03-30T02:34:11.000Z,4.9866,1.1978,124.4872,9.52,4.517,2,normal
2026-03-30T02:34:12.000Z,4.9817,1.2051,124.4017,9.37,4.515,2,normal
2026-03-30T02:34:13.000Z,4.9646,1.1978,123.9316,10.0,4.475,2,normal
2026-03-30T02:34:14.000Z,4.9792,1.1978,124.2735,9.99,4.437,2,normal
2026-03-30T02:34:15.000Z,4.9792,1.2088,124.5299,10.02,4.522,2,normal
2026-03-30T02:34:16.000Z,4.9817,1.1941,124.2308,8.52,4.449,2,normal
2026-03-30T02:34:17.000Z,4.9866,1.2051,124.5726,11.08,4.559,2,normal
2026-03-30T02:34:18.000Z,4.989,1.2015,124.359,10.34,4.456,2,normal
2026-03-30T02:34:19.000Z,4.9695,1.1941,124.3162,6.76,4.547,2,normal
2026-03-30T02:34:20.000Z,4.989,1.2015,124.359,9.41,4.547,2,normal
2026-03-30T02:34:21.000Z,4.9988,1.2015,124.4017,9.47,4.459,2,normal
2026-03-30T02:34:22.000Z,4.9695,1.1978,124.6154,8.67,4.475,2,normal
2026-03-30T02:34:23.000Z,4.9768,1.2015,124.4017,9.62,4.495,2,normal
2026-03-30T02:34:24.000Z,4.967,1.2015,124.4872,10.26,4.551,2,normal
2026-03-30T02:34:25.000Z,4.9817,1.1905,124.3162,8.41,4.546,2,normal
2026-03-30T02:34:26.000Z,4.9939,1.1978,124.3162,10.76,4.526,2,normal
2026-03-30T02:34:27.000Z,4.9817,1.2015,124.4017,10.25,4.467,2,normal
2026-03-30T02:34:28.000Z,4.9915,1.1941,124.359,9.74,4.522,2,normal
2026-03-30T02:34:29.000Z,4.9817,1.2051,124.359,8.04,4.513,2,normal
2026-03-30T02:34:30.000Z,4.9719,1.2051,124.5726,9.74,4.507,2,normal
2026-03-30T02:34:31.000Z,4.9817,1.1978,124.5299,9.42,4.487,2,normal
2026-03-30T02:34:32.000Z,4.9597,1.1978,124.188,10.98,4.514,2,normal
2026-03-30T02:34:33.000Z,4.9768,1.2088,124.2735,9.81,4.575,2,normal
2026-03-30T02:34:34.000Z,4.9402,1.1978,124.4444,10.52,4.46,2,normal
2026-03-30T02:34:35.000Z,4.9841,1.2015,124.5299,7.84,4.532,2,normal
2026-03-30T02:34:36.000Z,4.9646,1.1978,124.6154,10.42,4.465,2,normal
2026-03-30T02:34:37.000Z,4.9817,1.2015,124.5299,8.93,4.441,2,normal
2026-03-30T02:34:38.000Z,4.9841,1.1941,124.1453,9.17,4.546,2,normal
2026-03-30T02:34:39.000Z,4.9817,1.2015,124.7009,9.26,4.456,2,normal
2026-03-30T02:34:40.000Z,4.9695,1.1978,124.6581,8.66,4.497,2,normal
2026-03-30T02:34:41.000Z,4.9768,1.1978,124.359,10.21,4.416,2,normal
2026-03-30T02:34:42.000Z,4.9866,1.2051,124.359,9.58,4.473,2,normal
2026-03-30T02:34:43.000Z,4.967,1.2015,124.7436,6.97,4.571,2,normal
2026-03-30T02:34:44.000Z,4.9792,1.1905,124.4872,8.62,4.54,2,normal
2026-03-30T02:34:45.000Z,4.9792,1.2051,124.4017,10.37,4.539,2,normal
2026-03-30T02:34:46.000Z,4.9695,1.1905,124.2735,9.64,4.431,2,normal
2026-03-30T02:34:47.000Z,4.9792,1.2051,124.5299,9.43,4.446,2,normal
2026-03-30T02:34:48.000Z,4.989,1.1978,124.6581,9.1,4.439,2,normal
2026-03-30T02:34:49.000Z,4.967,1.2015,124.359,11.4,4.511,2,normal
2026-03-30T02:34:50.000Z,4.9524,1.1941,124.2308,11.58,4.448,2,normal
2026-03-30T02:34:51.000Z,4.9915,1.1978,124.4017,7.94,4.487,2,normal
2026-03-30T02:34:52.000Z,4.9695,1.2051,124.4017,7.8,4.525,2,normal
2026-03-30T02:34:53.000Z,4.9841,1.1978,124.4872,10.62,4.517,2,normal
2026-03-30T02:34:54.000Z,4.9573,1.2051,124.4872,8.69,4.431,2,normal
2026-03-30T02:34:55.000Z,4.9597,1.2015,124.4444,10.96,4.453,2,normal
2026-03-30T02:34:56.000Z,4.9841,1.1941,124.4444,8.46,4.523,2,normal
2026-03-30T02:34:57.000Z,4.9695,1.1978,124.4872,11.23,4.552,2,normal
2026-03-30T02:34:58.000Z,4.9524,1.2015,124.4444,10.28,4.564,2,normal
2026-03-30T02:34:59.000Z,4.9866,1.2051,124.5726,7.35,4.486,2,normal
2026-03-30T02:35:00.000Z,4.9744,1.2051,124.4017,11.64,4.508,2,normal
2026-03-30T02:35:01.000Z,4.9768,1.2015,124.188,11.56,4.574,2,normal
2026-03-30T02:35:02.000Z,4.989,1.2015,124.4017,10.13,4.477,2,normal
2026-03-30T02:35:03.000Z,4.967,1.1941,124.2308,11.47,4.502,2,normal
2026-03-30T02:35:04.000Z,4.989,1.1941,124.7863,9.41,4.511,2,normal
2026-03-30T02:35:05.000Z,4.9817,1.2015,124.5726,9.58,4.435,2,normal
2026-03-30T02:35:06.000Z,4.9744,1.1978,124.4017,12.91,4.537,2,normal
2026-03-30T02:35:07.000Z,4.9792,1.2051,124.3162,11.37,4.451,2,normal
2026-03-30T02:35:08.000Z,4.9817,1.1978,124.359,9.93,4.573,2,normal
2026-03-30T02:35:09.000Z,4.9768,1.1941,124.6154,10.66,4.494,2,normal
2026-03-30T02:35:10.000Z,4.989,1.2051,124.4017,9.3,4.519,2,normal
2026-03-30T02:35:11.000Z,4.9695,1.1941,124.188,10.29,4.542,2,normal
2026-03-30T02:35:12.000Z,4.9646,1.2015,124.4444,8.82,4.429,2,normal
2026-03-30T02:35:13.000Z,4.989,1.2015,124.2308,9.56,4.509,2,normal
2026-03-30T02:35:14.000Z,4.9792,1.1868,124.5299,11.68,4.493,2,normal
2026-03-30T02:35:15.000Z,4.989,1.2051,124.6581,10.77,4.501,2,normal
2026-03-30T02:35:16.000Z,4.9792,1.2088,124.7436,9.42,4.427,2,normal
2026-03-30T02:35:17.000Z,4.9817,1.2015,124.4017,9.9,4.541,2,normal
2026-03-30T02:35:18.000Z,4.9646,1.2051,124.359,9.13,4.442,2,normal
2026-03-30T02:35:19.000Z,4.9768,1.1941,124.6581,11.9,4.547,2,normal
2026-03-30T02:35:20.000Z,4.9915,1.1978,124.3162,8.94,4.475,2,normal
2026-03-30T02:35:21.000Z,4.967,1.2051,124.5299,10.49,4.562,2,normal
2026-03-30T02:35:22.000Z,4.9744,1.1978,124.5299,10.43,4.577,2,normal
2026-03-30T02:35:23.000Z,4.967,1.2051,124.7436,12.17,4.49,2,normal
2026-03-30T02:35:24.000Z,4.9744,1.1905,124.5726,10.95,4.537,2,normal
2026-03-30T02:35:25.000Z,4.9841,1.1978,124.5726,8.81,4.496,2,normal
2026-03-30T02:35:26.000Z,4.9646,1.1978,124.359,10.9,4.537,2,normal
2026-03-30T02:35:27.000Z,4.9695,1.1978,124.7009,11.78,4.53,2,normal
2026-03-30T02:35:28.000Z,4.989,1.1978,124.3162,13.23,4.474,2,normal
2026-03-30T02:35:29.000Z,4.9695,1.1978,124.3162,10.41,4.429,2,normal
2026-03-30T02:35:30.000Z,4.9548,1.2015,124.6581,9.77,4.523,2,normal
2026-03-30T02:35:31.000Z,4.9915,1.1941,124.4017,9.75,4.567,2,normal
2026-03-30T02:35:32.000Z,4.9792,1.2015,124.6154,10.69,4.473,2,normal
2026-03-30T02:35:33.000Z,4.967,1.1905,124.6154,11.82,4.434,2,normal
2026-03-30T02:35:34.000Z,4.9597,1.1978,124.4444,9.01,4.447,2,normal
2026-03-30T02:35:35.000Z,4.9768,1.1978,124.6154,9.1,4.553,2,normal
2026-03-30T02:35:36.000Z,4.9817,1.2051,124.0598,10.29,4.547,2,normal
2026-03-30T02:35:37.000Z,4.9792,1.2015,124.7436,11.34,4.539,2,normal
2026-03-30T02:35:38.000Z,4.9573,1.1905,124.8291,7.74,4.489,2,normal
2026-03-30T02:35:39.000Z,4.989,1.1905,124.359,10.46,4.487,2,normal
2026-03-30T02:35:40.000Z,4.9695,1.1978,124.2308,9.87,4.533,2,normal
2026-03-30T02:35:41.000Z,4.9695,1.1978,124.6581,9.6,4.542,2,normal
2026-03-30T02:35:42.000Z,4.9841,1.2015,124.4017,10.99,4.481,2,normal
2026-03-30T02:35:43.000Z,5.0037,1.2051,124.4444,8.94,4.425,2,normal
2026-03-30T02:35:44.000Z,4.9548,1.1905,124.359,9.61,4.486,2,normal
2026-03-30T02:35:45.000Z,4.9548,1.1978,124.5726,9.06,4.54,2,normal
2026-03-30T02:35:46.000Z,4.9841,1.1941,124.6154,9.59,4.488,2,normal
2026-03-30T02:35:47.000Z,4.9548,1.1941,124.3162,9.2,4.434,2,normal
2026-03-30T02:35:48.000Z,4.9719,1.2015,124.6581,12.38,4.444,2,normal
2026-03-30T02:35:49.000Z,4.9866,1.1941,124.4444,8.55,4.515,2,normal
2026-03-30T02:35:50.000Z,4.9841,1.2015,124.5299,12.29,4.42,2,normal
2026-03-30T02:35:51.000Z,4.9768,1.2015,124.5299,7.07,4.476,2,normal
2026-03-30T02:35:52.000Z,4.9695,1.1941,124.359,11.72,4.506,2,normal
2026-03-30T02:35:53.000Z,4.9768,1.1941,124.3162,11.4,4.422,2,normal
2026-03-30T02:35:54.000Z,4.967,1.2015,124.4444,11.46,4.428,2,normal
2026-03-30T02:35:55.000Z,4.9866,1.2015,124.4017,9.32,4.569,2,normal
2026-03-30T02:35:56.000Z,4.9866,1.2051,124.5726,9.71,4.522,2,normal
2026-03-30T02:35:57.000Z,4.9866,1.1978,124.5299,9.84,4.508,2,normal
2026-03-30T02:35:58.000Z,4.9695,1.1978,124.4444,7.9,4.501,2,normal
2026-03-30T02:35:59.000Z,4.9744,1.2051,124.4444,9.55,4.55,2,normal
2026-03-30T02:36:00.000Z,4.9646,1.2051,124.6581,9.5,4.518,2,normal
2026-03-30T02:36:01.000Z,4.9817,1.2015,124.5726,8.56,4.506,2,normal
2026-03-30T02:36:02.000Z,4.9792,1.1868,124.2308,10.27,4.432,2,normal
2026-03-30T02:36:03.000Z,4.9817,1.2015,124.3162,10.66,4.443,2,normal
2026-03-30T02:36:04.000Z,4.9963,1.2015,124.359,9.94,4.479,2,normal
2026-03-30T02:36:05.000Z,4.967,1.1941,124.3162,10.17,4.416,2,normal
2026-03-30T02:36:06.000Z,4.9719,1.1978,124.4444,9.81,4.518,2,normal
2026-03-30T02:36:07.000Z,4.967,1.1978,124.4017,9.41,4.418,2,normal
2026-03-30T02:36:08.000Z,4.9817,1.1978,124.6154,10.63,4.49,2,normal
2026-03-30T02:36:09.000Z,4.9768,1.2015,124.5299,9.9,4.441,2,normal
2026-03-30T02:36:10.000Z,4.989,1.2015,124.6154,10.91,4.55,2,normal
2026-03-30T02:36:11.000Z,4.9597,1.2015,124.7009,10.06,4.539,2,normal
2026-03-30T02:36:12.000Z,4.9939,1.2088,124.7436,11.12,4.506,2,normal
2026-03-30T02:36:13.000Z,4.9792,1.2015,124.6154,10.76,4.512,2,normal
2026-03-30T02:36:14.000Z,4.9768,1.1941,124.6154,10.27,4.562,2,normal
2026-03-30T02:36:15.000Z,4.9744,1.2051,124.4872,9.76,4.466,2,normal
2026-03-30T02:36:16.000Z,4.9841,1.2015,124.7009,8.73,4.552,2,normal
2026-03-30T02:36:17.000Z,4.9695,1.1941,124.2308,10.94,4.457,2,normal
2026-03-30T02:36:18.000Z,4.9963,1.1941,124.7436,9.38,4.519,2,normal
2026-03-30T02:36:19.000Z,4.9841,1.2088,124.5726,11.44,4.495,2,normal
2026-03-30T02:36:20.000Z,4.9719,1.1941,124.5299,11.88,4.544,2,normal
2026-03-30T02:36:21.000Z,4.9719,1.2015,124.359,9.99,4.46,2,normal
2026-03-30T02:36:22.000Z,4.9548,1.2051,124.4444,10.56,4.572,2,normal
2026-03-30T02:36:23.000Z,4.9841,1.2015,124.5299,8.32,4.425,2,normal
2026-03-30T02:36:24.000Z,4.9524,1.1905,124.359,7.78,4.418,2,normal
2026-03-30T02:36:25.000Z,4.9695,1.2051,124.5726,9.56,4.44,2,normal
2026-03-30T02:36:26.000Z,5.0012,1.2015,124.5299,10.4,4.49,2,normal
2026-03-30T02:36:27.000Z,4.9866,1.1978,124.4017,9.86,4.526,2,normal
2026-03-30T02:36:28.000Z,4.9768,1.2015,124.4872,9.92,4.45,2,normal
2026-03-30T02:36:29.000Z,4.9719,1.2015,124.4872,11.86,4.484,2,normal
2026-03-30T02:36:30.000Z,4.9841,1.2015,124.2308,8.96,4.498,2,normal
2026-03-30T02:36:31.000Z,4.9866,1.1978,124.5726,9.9,4.563,2,normal
2026-03-30T02:36:32.000Z,4.9744,1.2015,124.4444,9.02,4.486,2,normal
2026-03-30T02:36:33.000Z,4.9792,1.1941,124.6581,10.66,4.49,2,normal
2026-03-30T02:36:34.000Z,4.9719,1.1941,124.5299,11.01,4.569,2,normal
2026-03-30T02:36:35.000Z,4.9573,1.2051,124.4017,9.52,4.515,2,normal
2026-03-30T02:36:36.000Z,4.989,1.2088,124.8291,10.48,4.498,2,normal
2026-03-30T02:36:37.000Z,4.9744,1.2051,124.5726,9.88,4.459,2,normal
2026-03-30T02:36:38.000Z,4.9695,1.1941,124.5299,9.87,4.467,2,normal
2026-03-30T02:36:39.000Z,4.9817,1.1978,124.3162,9.26,4.526,2,normal
2026-03-30T02:36:40.000Z,4.9695,1.1978,124.6154,10.63,4.493,2,normal
2026-03-30T02:36:41.000Z,4.9695,1.2015,124.4444,8.69,4.553,2,normal
2026-03-30T02:36:42.000Z,4.9695,1.2015,124.4872,9.18,4.492,2,normal
2026-03-30T02:36:43.000Z,4.9939,1.1978,124.188,11.67,4.515,2,normal
2026-03-30T02:36:44.000Z,4.9915,1.2015,124.6581,7.95,4.464,2,normal
2026-03-30T02:36:45.000Z,4.9792,1.1941,124.359,8.64,4.446,2,normal
2026-03-30T02:36:46.000Z,4.9597,1.2015,124.4444,10.3,4.466,2,normal
2026-03-30T02:36:47.000Z,4.9817,1.2088,124.359,7.44,4.463,2,normal
2026-03-30T02:36:48.000Z,4.9719,1.2015,124.5299,9.84,4.574,2,normal
2026-03-30T02:36:49.000Z,4.9817,1.2015,124.5299,8.88,4.456,2,normal
2026-03-30T02:36:50.000Z,4.9841,1.2051,124.359,6.71,4.54,2,normal
2026-03-30T02:36:51.000Z,4.9719,1.2015,124.1026,7.67,4.537,2,normal
2026-03-30T02:36:52.000Z,4.9695,1.2015,124.4017,9.47,4.418,2,normal
2026-03-30T02:36:53.000Z,4.9695,1.1978,124.4872,8.49,4.436,2,normal
2026-03-30T02:36:54.000Z,4.989,1.1978,124.4872,9.53,4.514,2,normal
2026-03-30T02:36:55.000Z,4.967,1.1978,124.6581,9.93,4.565,2,normal
2026-03-30T02:36:56.000Z,4.9719,1.2051,124.5299,10.79,4.502,2,normal
2026-03-30T02:36:57.000Z,4.9621,1.2015,124.2735,10.86,4.514,2,normal
2026-03-30T02:36:58.000Z,4.9792,1.1941,124.4872,10.87,4.533,2,normal
2026-03-30T02:36:59.000Z,4.9768,1.2015,124.4444,8.76,4.56,2,normal
2026-03-30T02:37:00.000Z,4.9817,1.2088,124.2735,10.16,4.546,2,normal
2026-03-30T02:37:01.000Z,4.9646,1.2051,124.2735,11.59,4.475,2,normal
2026-03-30T02:37:02.000Z,4.9817,1.1978,124.8291,9.78,4.424,2,normal
2026-03-30T02:37:03.000Z,4.9719,1.1978,124.359,10.14,4.49,2,normal
2026-03-30T02:37:04.000Z,4.9915,1.1978,124.4872,8.94,4.507,2,normal
2026-03-30T02:37:05.000Z,4.9866,1.1941,124.6154,8.85,4.551,2,normal
2026-03-30T02:37:06.000Z,4.9744,1.2015,124.3162,10.48,4.479,2,normal
2026-03-30T02:37:07.000Z,4.9817,1.1978,124.2308,9.31,4.464,2,normal
2026-03-30T02:37:08.000Z,4.9768,1.1941,124.5299,11.81,4.498,2,normal
2026-03-30T02:37:09.000Z,4.9597,1.2051,124.6581,9.87,4.462,2,normal
2026-03-30T02:37:10.000Z,4.9744,1.1978,124.5726,8.95,4.513,2,normal
2026-03-30T02:37:11.000Z,4.9768,1.2015,124.6154,9.87,4.479,2,normal
2026-03-30T02:37:12.000Z,4.9915,1.1978,124.7436,9.91,4.563,2,normal
2026-03-30T02:37:13.000Z,4.9744,1.1941,124.2308,10.31,4.531,2,normal
2026-03-30T02:37:14.000Z,4.9621,1.2051,124.359,7.66,4.556,2,normal
2026-03-30T02:37:15.000Z,4.9817,1.1941,124.4017,9.99,4.543,2,normal
2026-03-30T02:37:16.000Z,4.9963,1.2051,124.4017,10.87,4.51,2,normal
2026-03-30T02:37:17.000Z,4.9695,1.1978,124.4872,11.86,4.491,2,normal
2026-03-30T02:37:18.000Z,4.967,1.1978,124.1453,9.59,4.542,2,normal
2026-03-30T02:37:19.000Z,4.989,1.2051,124.359,10.11,4.46,2,normal
2026-03-30T02:37:20.000Z,4.9768,1.1978,124.4872,11.33,4.481,2,normal
2026-03-30T02:37:21.000Z,4.989,1.1941,124.7009,10.16,4.546,2,normal
2026-03-30T02:37:22.000Z,4.9841,1.2015,124.3162,9.58,4.471,2,normal
2026-03-30T02:37:23.000Z,4.9646,1.1978,124.4017,10.25,4.536,2,normal
2026-03-30T02:37:24.000Z,4.9646,1.2015,124.2308,11.26,4.544,2,normal
2026-03-30T02:37:25.000Z,4.9695,1.2088,124.7009,10.03,4.52,2,normal
2026-03-30T02:37:26.000Z,4.9817,1.1978,124.5726,10.5,4.471,2,normal
2026-03-30T02:37:27.000Z,4.9597,1.1941,124.3162,11.12,4.489,2,normal
2026-03-30T02:37:28.000Z,4.9621,1.2015,124.5726,10.59,4.476,2,normal
2026-03-30T02:37:29.000Z,4.9866,1.2051,124.4017,8.09,4.436,2,normal
2026-03-30T02:37:30.000Z,4.9768,1.2051,124.7009,10.76,4.438,2,normal
2026-03-30T02:37:31.000Z,4.9817,1.1941,124.4872,9.46,4.559,2,normal
2026-03-30T02:37:32.000Z,4.9646,1.2015,124.5726,10.24,4.487,2,normal
2026-03-30T02:37:33.000Z,4.9817,1.1941,124.4444,9.9,4.428,2,normal
2026-03-30T02:37:34.000Z,4.9719,1.2088,124.5726,9.17,4.453,2,normal
2026-03-30T02:37:35.000Z,4.967,1.1978,124.6581,9.48,4.428,2,normal
2026-03-30T02:37:36.000Z,4.9915,1.1905,124.3162,9.36,4.574,2,normal
2026-03-30T02:37:37.000Z,4.9817,1.2015,124.4444,9.43,4.484,2,normal
2026-03-30T02:37:38.000Z,4.9915,1.2015,124.4444,10.43,4.429,2,normal
2026-03-30T02:37:39.000Z,4.989,1.1905,124.5726,8.11,4.484,2,normal
2026-03-30T02:37:40.000Z,4.9719,1.1941,124.2308,9.95,4.522,2,normal
2026-03-30T02:37:41.000Z,4.9768,1.1978,124.3162,10.89,4.486,2,normal
2026-03-30T02:37:42.000Z,4.9866,1.1868,124.6154,10.93,4.569,2,normal
2026-03-30T02:37:43.000Z,4.9792,1.1978,124.6154,9.54,4.567,2,normal
2026-03-30T02:37:44.000Z,4.9866,1.1941,124.6154,11.99,4.481,2,normal
2026-03-30T02:37:45.000Z,4.9939,1.1978,124.3162,10.99,4.546,2,normal
2026-03-30T02:37:46.000Z,4.9817,1.2015,124.4872,9.6,4.478,2,normal
2026-03-30T02:37:47.000Z,4.967,1.1978,124.359,10.09,4.478,2,normal
2026-03-30T02:37:48.000Z,4.9719,1.2088,124.4872,10.34,4.522,2,normal
2026-03-30T02:37:49.000Z,4.9768,1.2015,124.5726,9.77,4.455,2,normal
2026-03-30T02:37:50.000Z,4.9792,1.1978,124.4017,10.48,4.511,2,normal
2026-03-30T02:37:51.000Z,4.9866,1.1978,124.7009,10.38,4.561,2,normal
2026-03-30T02:37:52.000Z,4.9621,1.2015,124.5726,11.49,4.571,2,normal
2026-03-30T02:37:53.000Z,4.9841,1.1905,124.6581,9.79,4.571,2,normal
2026-03-30T02:37:54.000Z,4.9939,1.2051,124.359,10.08,4.462,2,normal
2026-03-30T02:37:55.000Z,4.989,1.2051,124.359,9.08,4.494,2,normal
2026-03-30T02:37:56.000Z,4.9744,1.2088,124.5299,8.3,4.549,2,normal
2026-03-30T02:37:57.000Z,4.9573,1.2051,124.4444,8.86,4.433,2,normal
2026-03-30T02:37:58.000Z,4.9939,1.2015,124.4872,9.34,4.542,2,normal
2026-03-30T02:37:59.000Z,4.967,1.2015,124.6581,10.89,4.536,2,normal
2026-03-30T02:38:00.000Z,4.9792,1.1905,124.2735,11.43,4.488,2,normal
2026-03-30T02:38:01.000Z,4.9817,1.2015,124.7436,9.75,4.534,2,normal
2026-03-30T02:38:02.000Z,4.9841,1.2051,124.359,9.25,4.523,2,normal
2026-03-30T02:38:03.000Z,4.9792,1.1978,124.8291,8.78,4.571,2,normal
2026-03-30T02:38:04.000Z,4.9817,1.1941,124.2735,11.45,4.533,2,normal
2026-03-30T02:38:05.000Z,4.989,1.1978,124.6154,10.82,4.435,2,normal
2026-03-30T02:38:06.000Z,4.9719,1.1978,124.4444,9.69,4.537,2,normal
2026-03-30T02:38:07.000Z,4.989,1.1941,124.4444,9.68,4.45,2,normal
2026-03-30T02:38:08.000Z,4.967,1.2015,124.2308,9.84,4.426,2,normal
2026-03-30T02:38:09.000Z,4.9719,1.2051,124.4017,9.08,4.479,2,normal
2026-03-30T02:38:10.000Z,4.9963,1.2015,124.5299,10.44,4.525,2,normal
2026-03-30T02:38:11.000Z,4.9719,1.2015,124.4017,10.1,4.511,2,normal
2026-03-30T02:38:12.000Z,4.9646,1.2088,124.5299,7.64,4.503,2,normal
2026-03-30T02:38:13.000Z,4.9719,1.1978,124.5299,9.93,4.553,2,normal
2026-03-30T02:38:14.000Z,4.9719,1.1941,124.6154,10.82,4.42,2,normal
2026-03-30T02:38:15.000Z,4.9744,1.1941,124.0598,10.28,4.549,2,normal
2026-03-30T02:38:16.000Z,4.9719,1.2051,124.4872,11.01,4.431,2,normal
2026-03-30T02:38:17.000Z,4.9841,1.2015,124.5726,11.25,4.562,2,normal
2026-03-30T02:38:18.000Z,4.9744,1.1905,124.6154,10.7,4.431,2,normal
2026-03-30T02:38:19.000Z,4.9744,1.2015,124.5726,12.03,4.541,2,normal
2026-03-30T02:38:20.000Z,4.9792,1.1978,124.359,10.69,4.438,2,normal
2026-03-30T02:38:21.000Z,4.9719,1.1978,124.7009,8.84,4.448,2,normal
2026-03-30T02:38:22.000Z,4.967,1.1978,124.5299,11.22,4.523,2,normal
2026-03-30T02:38:23.000Z,4.9841,1.2015,124.7436,9.23,4.539,2,normal
2026-03-30T02:38:24.000Z,4.9841,1.2015,124.2308,10.32,4.432,2,normal
2026-03-30T02:38:25.000Z,4.9792,1.1978,124.4872,11.12,4.448,2,normal
2026-03-30T02:38:26.000Z,4.9792,1.1978,124.4872,7.11,4.463,2,normal
2026-03-30T02:38:27.000Z,4.9841,1.2015,124.4872,10.74,4.419,2,normal
2026-03-30T02:38:28.000Z,4.9817,1.1941,124.0171,10.58,4.494,2,normal
2026-03-30T02:38:29.000Z,4.9841,1.1978,124.4017,8.64,4.466,2,normal
2026-03-30T02:38:30.000Z,4.9646,1.2051,124.4017,11.32,4.554,2,normal
2026-03-30T02:38:31.000Z,4.9768,1.1978,124.2735,9.56,4.537,2,normal
2026-03-30T02:38:32.000Z,4.9621,1.1868,124.7436,9.76,4.573,2,normal
2026-03-30T02:38:33.000Z,4.9792,1.2015,124.4444,9.47,4.54,2,normal
2026-03-30T02:38:34.000Z,4.9817,1.2015,124.4017,8.73,4.425,2,normal
2026-03-30T02:38:35.000Z,4.967,1.1978,124.4017,8.35,4.564,2,normal
2026-03-30T02:38:36.000Z,4.9695,1.1941,124.4444,9.92,4.494,2,normal
2026-03-30T02:38:37.000Z,4.9768,1.2015,124.359,10.38,4.454,2,normal
2026-03-30T02:38:38.000Z,4.9573,1.2088,124.5726,8.96,4.459,2,normal
2026-03-30T02:38:39.000Z,4.9719,1.1905,124.5299,10.8,4.55,2,normal
2026-03-30T02:38:40.000Z,4.989,1.2051,124.6154,9.68,4.489,2,normal
2026-03-30T02:38:41.000Z,4.967,1.2015,124.5299,7.09,4.542,2,normal
2026-03-30T02:38:42.000Z,4.9621,1.1941,124.6581,8.21,4.562,2,normal
2026-03-30T02:38:43.000Z,5.0037,1.1905,124.5299,10.52,4.489,2,normal
2026-03-30T02:38:44.000Z,4.9792,1.2051,124.4444,8.0,4.526,2,normal
2026-03-30T02:38:45.000Z,4.989,1.2051,124.4444,8.76,4.538,2,normal
2026-03-30T02:38:46.000Z,4.9719,1.2015,124.0171,9.82,4.521,2,normal
2026-03-30T02:38:47.000Z,4.9744,1.1978,124.4872,8.84,4.538,2,normal
2026-03-30T02:38:48.000Z,4.9915,1.2088,124.5726,11.45,4.449,2,normal
2026-03-30T02:38:49.000Z,4.9695,1.2015,124.4444,9.77,4.43,2,normal
2026-03-30T02:38:50.000Z,4.9768,1.1978,124.6154,11.11,4.476,2,normal
2026-03-30T02:38:51.000Z,4.967,1.1978,124.5726,11.26,4.5,2,normal
2026-03-30T02:38:52.000Z,4.9621,1.1941,124.4017,10.15,4.575,2,normal
2026-03-30T02:38:53.000Z,4.9866,1.1978,124.359,8.56,4.533,2,normal
2026-03-30T02:38:54.000Z,4.989,1.1978,124.3162,9.9,4.555,2,normal
2026-03-30T02:38:55.000Z,4.9866,1.1978,124.7436,9.36,4.429,2,normal
2026-03-30T02:38:56.000Z,4.9744,1.1941,124.4872,11.14,4.568,2,normal
2026-03-30T02:38:57.000Z,4.9621,1.1941,124.5299,9.42,4.421,2,normal
2026-03-30T02:38:58.000Z,4.9573,1.1978,124.7009,8.08,4.452,2,normal
2026-03-30T02:38:59.000Z,4.9841,1.1941,124.5726,9.77,4.501,2,normal
2026-03-30T02:39:00.000Z,4.989,1.2051,124.1026,9.61,4.462,2,normal
2026-03-30T02:39:01.000Z,4.9768,1.2088,124.5726,8.92,4.471,2,normal
2026-03-30T02:39:02.000Z,4.9499,1.2088,124.1453,8.01,4.458,2,normal
2026-03-30T02:39:03.000Z,4.9866,1.2051,124.6581,10.22,4.483,2,normal
2026-03-30T02:39:04.000Z,4.9451,1.2015,124.7863,10.97,4.555,2,normal
2026-03-30T02:39:05.000Z,4.9866,1.1941,124.4444,10.19,4.575,2,normal
2026-03-30T02:39:06.000Z,4.9646,1.1941,124.4872,6.47,4.504,2,normal
2026-03-30T02:39:07.000Z,4.9524,1.1978,124.5299,9.26,4.534,2,normal
2026-03-30T02:39:08.000Z,4.9768,1.1978,124.359,11.11,4.484,2,normal
2026-03-30T02:39:09.000Z,4.9768,1.1978,124.4017,8.45,4.482,2,normal
2026-03-30T02:39:10.000Z,4.9792,1.1941,124.4017,8.13,4.47,2,normal
2026-03-30T02:39:11.000Z,4.9695,1.2015,124.359,10.23,4.453,2,normal
2026-03-30T02:39:12.000Z,4.9695,1.2015,124.5299,11.49,4.5,2,normal
2026-03-30T02:39:13.000Z,4.9963,1.1905,124.5726,9.11,4.509,2,normal
2026-03-30T02:39:14.000Z,4.9646,1.2015,124.188,12.45,4.444,2,normal
2026-03-30T02:39:15.000Z,4.9768,1.1941,124.5299,9.75,4.565,2,normal
2026-03-30T02:39:16.000Z,5.0012,1.2015,124.3162,9.96,4.431,2,normal
2026-03-30T02:39:17.000Z,4.9744,1.1978,124.4444,10.36,4.558,2,normal
2026-03-30T02:39:18.000Z,4.9597,1.2015,124.5299,10.64,4.549,2,normal
2026-03-30T02:39:19.000Z,4.9792,1.2051,124.4872,9.05,4.545,2,normal
2026-03-30T02:39:20.000Z,4.9719,1.2015,124.3162,9.22,4.428,2,normal
2026-03-30T02:39:21.000Z,4.9792,1.1905,124.1453,8.17,4.545,2,normal
2026-03-30T02:39:22.000Z,4.967,1.2088,124.4444,12.02,4.515,2,normal
2026-03-30T02:39:23.000Z,4.9866,1.1941,124.7009,9.97,4.461,2,normal
2026-03-30T02:39:24.000Z,4.9719,1.1978,124.4872,10.28,4.494,2,normal
2026-03-30T02:39:25.000Z,4.9768,1.2051,124.4444,9.15,4.484,2,normal
2026-03-30T02:39:26.000Z,4.9792,1.1978,124.5299,8.32,4.534,2,normal
2026-03-30T02:39:27.000Z,4.9866,1.2088,124.4444,11.05,4.528,2,normal
2026-03-30T02:39:28.000Z,4.9744,1.1941,124.6154,9.17,4.495,2,normal
2026-03-30T02:39:29.000Z,4.9866,1.2051,124.4444,9.79,4.527,2,normal
2026-03-30T02:39:30.000Z,4.9695,1.1978,124.6154,9.87,4.542,2,normal
2026-03-30T02:39:31.000Z,4.967,1.1941,124.5726,11.27,4.492,2,normal
2026-03-30T02:39:32.000Z,4.9524,1.2015,124.2735,10.11,4.511,2,normal
2026-03-30T02:39:33.000Z,4.9719,1.1941,124.7436,8.63,4.433,2,normal
2026-03-30T02:39:34.000Z,4.9866,1.2088,124.2735,9.83,4.572,2,normal
2026-03-30T02:39:35.000Z,4.9768,1.2015,124.4444,10.95,4.555,2,normal
2026-03-30T02:39:36.000Z,4.9597,1.1978,124.4872,10.56,4.499,2,normal
2026-03-30T02:39:37.000Z,4.9573,1.2125,124.6581,9.92,4.455,2,normal
2026-03-30T02:39:38.000Z,4.9719,1.1978,124.3162,8.63,4.541,2,normal
2026-03-30T02:39:39.000Z,4.9963,1.1941,124.4017,11.1,4.533,2,normal
2026-03-30T02:39:40.000Z,4.9841,1.1941,124.7009,9.56,4.536,2,normal
2026-03-30T02:39:41.000Z,4.9646,1.1905,124.5726,9.77,4.515,2,normal
2026-03-30T02:39:42.000Z,4.9817,1.2015,124.4872,11.34,4.444,2,normal
2026-03-30T02:39:43.000Z,4.9695,1.1978,124.1453,9.78,4.524,2,normal
2026-03-30T02:39:44.000Z,4.9768,1.2088,124.3162,9.68,4.501,2,normal
2026-03-30T02:39:45.000Z,4.967,1.1905,124.4872,10.05,4.479,2,normal
2026-03-30T02:39:46.000Z,4.9768,1.2051,124.4444,11.36,4.484,2,normal
2026-03-30T02:39:47.000Z,4.9963,1.2015,124.5726,10.28,4.444,2,normal
2026-03-30T02:39:48.000Z,4.9744,1.1978,124.6154,10.53,4.486,2,normal
2026-03-30T02:39:49.000Z,4.9841,1.2015,124.4444,8.08,4.417,2,normal
2026-03-30T02:39:50.000Z,4.9963,1.1941,124.4017,11.23,4.518,2,normal
2026-03-30T02:39:51.000Z,4.9841,1.1941,124.4872,9.15,4.485,2,normal
2026-03-30T02:39:52.000Z,4.9915,1.1978,124.5726,11.13,4.417,2,normal
2026-03-30T02:39:53.000Z,4.9744,1.1978,124.5726,8.66,4.495,2,normal
2026-03-30T02:39:54.000Z,4.9768,1.1978,124.5299,11.29,4.553,2,normal
2026-03-30T02:39:55.000Z,4.9719,1.1978,124.2308,11.41,4.52,2,normal
2026-03-30T02:39:56.000Z,4.989,1.1941,124.4872,10.71,4.456,2,normal
2026-03-30T02:39:57.000Z,4.9646,1.1941,124.6581,8.43,4.517,2,normal
2026-03-30T02:39:58.000Z,4.9866,1.1978,124.5299,8.49,4.548,2,normal
2026-03-30T02:39:59.000Z,4.9744,1.1978,124.359,8.7,4.509,2,normal
2026-03-30T02:40:00.000Z,4.9744,1.2015,124.3162,10.7,4.505,2,normal
2026-03-30T02:40:01.000Z,4.9499,1.2125,124.4017,12.27,4.473,2,normal
2026-03-30T02:40:02.000Z,4.9695,1.2088,124.4444,10.34,4.519,2,normal
2026-03-30T02:40:03.000Z,4.9646,1.2015,124.5726,11.33,4.497,2,normal
2026-03-30T02:40:04.000Z,4.967,1.2051,124.4444,10.89,4.421,2,normal
2026-03-30T02:40:05.000Z,4.9744,1.2051,124.5726,9.3,4.525,2,normal
2026-03-30T02:40:06.000Z,4.967,1.2051,124.7863,12.2,4.545,2,normal
2026-03-30T02:40:07.000Z,4.9719,1.1978,124.4444,10.27,4.532,2,normal
2026-03-30T02:40:08.000Z,4.9841,1.2015,124.2735,10.27,4.424,2,normal
2026-03-30T02:40:09.000Z,4.9817,1.2088,124.3162,9.58,4.502,2,normal
2026-03-30T02:40:10.000Z,4.9817,1.1978,124.3162,8.09,4.493,2,normal
2026-03-30T02:40:11.000Z,4.9744,1.1941,124.4017,9.17,4.509,2,normal
2026-03-30T02:40:12.000Z,4.9866,1.2051,124.4444,9.39,4.507,2,normal
2026-03-30T02:40:13.000Z,4.9841,1.1978,124.4872,9.0,4.524,2,normal
2026-03-30T02:40:14.000Z,4.9817,1.1978,124.5299,10.13,4.455,2,normal
2026-03-30T02:40:15.000Z,4.9988,1.1978,124.7009,8.66,4.48,2,normal
2026-03-30T02:40:16.000Z,4.9841,1.2015,124.6154,9.36,4.504,2,normal
2026-03-30T02:40:17.000Z,4.9817,1.2015,124.359,11.31,4.419,2,normal
2026-03-30T02:40:18.000Z,4.9866,1.1941,124.4872,10.03,4.481,2,normal
2026-03-30T02:40:19.000Z,4.989,1.1978,124.5299,9.98,4.48,2,normal
2026-03-30T02:40:20.000Z,4.967,1.2015,124.4444,9.91,4.566,2,normal
2026-03-30T02:40:21.000Z,4.9573,1.1905,124.4017,9.76,4.474,2,normal
2026-03-30T02:40:22.000Z,4.9597,1.2051,124.4872,10.14,4.512,2,normal
2026-03-30T02:40:23.000Z,4.9744,1.1978,124.3162,8.18,4.442,2,normal
2026-03-30T02:40:24.000Z,4.9695,1.2051,124.4444,6.56,4.527,2,normal
2026-03-30T02:40:25.000Z,4.9744,1.1978,124.5299,10.16,4.498,2,normal
2026-03-30T02:40:26.000Z,4.9768,1.1978,124.359,8.53,4.46,2,normal
2026-03-30T02:40:27.000Z,4.9548,1.1941,124.6581,13.11,4.554,2,normal
2026-03-30T02:40:28.000Z,4.9695,1.1978,124.359,8.54,4.532,2,normal
2026-03-30T02:40:29.000Z,4.9695,1.1978,124.2735,9.99,4.438,2,normal
2026-03-30T02:40:30.000Z,4.9841,1.1941,124.188,10.99,4.535,2,normal
2026-03-30T02:40:31.000Z,4.9817,1.2015,124.4017,9.8,4.496,2,normal
2026-03-30T02:40:32.000Z,4.989,1.1978,124.6581,7.65,4.494,2,normal
2026-03-30T02:40:33.000Z,4.9866,1.2051,124.188,9.71,4.557,2,normal
2026-03-30T02:40:34.000Z,4.9817,1.2051,124.2735,8.43,4.559,2,normal
2026-03-30T02:40:35.000Z,4.9817,1.2015,124.5726,9.08,4.513,2,normal
2026-03-30T02:40:36.000Z,4.9768,1.1905,124.8291,9.73,4.445,2,normal
2026-03-30T02:40:37.000Z,4.9744,1.1978,124.4872,9.98,4.421,2,normal
2026-03-30T02:40:38.000Z,4.9646,1.1978,124.2735,9.5,4.472,2,normal
2026-03-30T02:40:39.000Z,4.9719,1.2015,124.1453,9.43,4.508,2,normal
2026-03-30T02:40:40.000Z,4.9597,1.2015,124.3162,9.17,4.473,2,normal
2026-03-30T02:40:41.000Z,4.9792,1.2015,124.359,10.31,4.535,2,normal
2026-03-30T02:40:42.000Z,4.9719,1.1978,124.2735,10.29,4.515,2,normal
2026-03-30T02:40:43.000Z,4.9621,1.1941,124.4872,7.78,4.482,2,normal
2026-03-30T02:40:44.000Z,4.9719,1.2051,124.4017,10.32,4.467,2,normal
2026-03-30T02:40:45.000Z,4.9695,1.2015,124.2735,9.87,4.534,2,normal
2026-03-30T02:40:46.000Z,4.967,1.1978,124.4017,10.16,4.551,2,normal
2026-03-30T02:40:47.000Z,4.9695,1.2051,124.5299,8.93,4.428,2,normal
2026-03-30T02:40:48.000Z,4.9915,1.1978,124.6581,11.65,4.498,2,normal
2026-03-30T02:40:49.000Z,4.9841,1.2015,124.5726,10.13,4.477,2,normal
2026-03-30T02:40:50.000Z,4.9695,1.1978,124.4872,9.79,4.468,2,normal
2026-03-30T02:40:51.000Z,4.9695,1.2015,124.1453,8.36,4.536,2,normal
2026-03-30T02:40:52.000Z,4.9695,1.1868,124.5726,9.79,4.456,2,normal
2026-03-30T02:40:53.000Z,4.9695,1.1978,124.4872,10.93,4.429,2,normal
2026-03-30T02:40:54.000Z,4.9817,1.2051,124.4017,8.74,4.446,2,normal
2026-03-30T02:40:55.000Z,4.9792,1.1978,124.5299,9.57,4.53,2,normal
2026-03-30T02:40:56.000Z,4.9719,1.1941,124.2308,9.59,4.457,2,normal
2026-03-30T02:40:57.000Z,4.9744,1.2015,124.5299,9.73,4.42,2,normal
2026-03-30T02:40:58.000Z,4.967,1.2051,124.6154,9.46,4.577,2,normal
2026-03-30T02:40:59.000Z,4.9792,1.2015,124.2735,11.07,4.55,2,normal
2026-03-30T02:41:00.000Z,4.9841,1.1978,124.8291,11.23,4.504,2,normal
2026-03-30T02:41:01.000Z,4.9792,1.2015,124.6154,10.13,4.544,2,normal
2026-03-30T02:41:02.000Z,4.9573,1.1978,124.4444,9.94,4.521,2,normal
2026-03-30T02:41:03.000Z,4.989,1.2015,124.4017,9.06,4.553,2,normal
2026-03-30T02:41:04.000Z,4.9915,1.2015,124.6581,7.95,4.453,2,normal
2026-03-30T02:41:05.000Z,4.9841,1.1941,124.4017,8.2,4.485,2,normal
2026-03-30T02:41:06.000Z,4.9866,1.1905,124.8718,12.52,4.518,2,normal
2026-03-30T02:41:07.000Z,4.9597,1.1941,124.6154,8.51,4.487,2,normal
2026-03-30T02:41:08.000Z,4.9792,1.2015,124.1453,11.81,4.506,2,normal
2026-03-30T02:41:09.000Z,4.9744,1.2015,124.6581,9.48,4.461,2,normal
2026-03-30T02:41:10.000Z,4.9817,1.2015,124.188,9.52,4.445,2,normal
2026-03-30T02:41:11.000Z,4.9719,1.2015,124.5299,7.96,4.535,2,normal
2026-03-30T02:41:12.000Z,4.9695,1.2015,124.7009,9.99,4.441,2,normal
2026-03-30T02:41:13.000Z,4.9841,1.1868,124.2308,9.85,4.538,2,normal
2026-03-30T02:41:14.000Z,4.9841,1.1978,124.4444,9.29,4.432,2,normal
2026-03-30T02:41:15.000Z,4.9646,1.2051,124.5299,11.1,4.54,2,normal
2026-03-30T02:41:16.000Z,4.9841,1.2015,124.5726,11.41,4.506,2,normal
2026-03-30T02:41:17.000Z,4.9524,1.1978,124.5299,9.75,4.564,2,normal
2026-03-30T02:41:18.000Z,4.9744,1.1978,124.4017,13.02,4.456,2,normal
2026-03-30T02:41:19.000Z,4.9719,1.2051,124.2308,9.89,4.45,2,normal
2026-03-30T02:41:20.000Z,4.9963,1.1941,124.5726,9.81,4.441,2,normal
2026-03-30T02:41:21.000Z,4.9817,1.2088,124.359,9.28,4.479,2,normal
2026-03-30T02:41:22.000Z,4.9744,1.1978,124.4872,9.0,4.506,2,normal
2026-03-30T02:41:23.000Z,4.9792,1.2051,124.7009,9.1,4.475,2,normal
2026-03-30T02:41:24.000Z,4.9646,1.1941,124.6581,9.63,4.552,2,normal
2026-03-30T02:41:25.000Z,4.9744,1.2015,124.4872,10.42,4.453,2,normal
2026-03-30T02:41:26.000Z,4.9719,1.2015,124.2308,8.83,4.502,2,normal
2026-03-30T02:41:27.000Z,4.9744,1.1941,124.4017,10.04,4.562,2,normal
2026-03-30T02:41:28.000Z,4.9621,1.1978,124.5299,9.34,4.463,2,normal
2026-03-30T02:41:29.000Z,4.9744,1.2015,124.2735,8.82,4.537,2,normal
2026-03-30T02:41:30.000Z,4.9621,1.2015,124.2735,10.45,4.485,2,normal
2026-03-30T02:41:31.000Z,4.9841,1.1978,124.6154,9.42,4.49,2,normal
2026-03-30T02:41:32.000Z,4.9817,1.1941,124.7436,10.54,4.554,2,normal
2026-03-30T02:41:33.000Z,4.9719,1.1941,124.5726,9.65,4.555,2,normal
2026-03-30T02:41:34.000Z,4.9841,1.2015,124.4017,8.24,4.48,2,normal
2026-03-30T02:41:35.000Z,4.9768,1.1941,124.188,10.29,4.514,2,normal
2026-03-30T02:41:36.000Z,4.9866,1.2015,124.359,10.56,4.461,2,normal
2026-03-30T02:41:37.000Z,4.9719,1.2051,124.4872,8.96,4.551,2,normal
2026-03-30T02:41:38.000Z,4.9841,1.2051,124.5299,9.65,4.467,2,normal
2026-03-30T02:41:39.000Z,4.967,1.1941,124.359,10.46,4.558,2,normal
2026-03-30T02:41:40.000Z,4.9744,1.2015,124.359,10.86,4.567,2,normal
2026-03-30T02:41:41.000Z,4.9621,1.2015,124.3162,11.43,4.43,2,normal
2026-03-30T02:41:42.000Z,4.9915,1.2015,124.5299,11.04,4.547,2,normal
2026-03-30T02:41:43.000Z,4.9695,1.2015,124.7863,11.12,4.496,2,normal
2026-03-30T02:41:44.000Z,4.9866,1.2051,124.4017,8.08,4.487,2,normal
2026-03-30T02:41:45.000Z,4.9695,1.1941,124.4444,8.43,4.435,2,normal
2026-03-30T02:41:46.000Z,4.9719,1.1978,124.4872,7.68,4.507,2,normal
2026-03-30T02:41:47.000Z,4.9695,1.1905,124.5726,9.4,4.502,2,normal
2026-03-30T02:41:48.000Z,4.9695,1.1978,124.7436,9.44,4.521,2,normal
2026-03-30T02:41:49.000Z,4.9597,1.1978,124.4872,8.98,4.502,2,normal
2026-03-30T02:41:50.000Z,4.9841,1.2015,124.4444,9.29,4.493,2,normal
2026-03-30T02:41:51.000Z,4.9719,1.1978,124.3162,8.77,4.471,2,normal
2026-03-30T02:41:52.000Z,4.9768,1.2015,124.2735,8.9,4.496,2,normal
2026-03-30T02:41:53.000Z,4.9841,1.2015,124.4872,10.35,4.498,2,normal
2026-03-30T02:41:54.000Z,4.9719,1.1978,124.359,11.25,4.568,2,normal
2026-03-30T02:41:55.000Z,4.9792,1.2051,124.5299,9.23,4.486,2,normal
2026-03-30T02:41:56.000Z,4.9841,1.2051,124.4444,10.35,4.54,2,normal
2026-03-30T02:41:57.000Z,4.9744,1.2015,124.4444,8.38,4.457,2,normal
2026-03-30T02:41:58.000Z,4.9719,1.1905,124.5726,13.8,4.497,2,normal
2026-03-30T02:41:59.000Z,4.9719,1.2088,124.7436,10.2,4.48,2,normal
2026-03-30T02:42:00.000Z,4.9817,1.1978,124.6154,8.91,4.569,2,normal
2026-03-30T02:42:01.000Z,4.9768,1.1978,124.6154,10.02,4.486,2,normal
2026-03-30T02:42:02.000Z,4.9744,1.1978,124.5726,9.4,4.461,2,normal
2026-03-30T02:42:03.000Z,4.967,1.2015,124.359,9.85,4.434,2,normal
2026-03-30T02:42:04.000Z,4.9866,1.1978,124.3162,9.02,4.47,2,normal
2026-03-30T02:42:05.000Z,4.9841,1.1978,124.4017,12.08,4.52,2,normal
2026-03-30T02:42:06.000Z,4.9915,1.1905,124.359,9.24,4.477,2,normal
2026-03-30T02:42:07.000Z,4.9817,1.2015,124.7436,10.96,4.535,2,normal
2026-03-30T02:42:08.000Z,4.967,1.1941,124.5726,9.71,4.502,2,normal
2026-03-30T02:42:09.000Z,4.9695,1.1941,124.5726,9.53,4.555,2,normal
2026-03-30T02:42:10.000Z,4.9499,1.1978,124.359,9.64,4.512,2,normal
2026-03-30T02:42:11.000Z,4.9817,1.2015,124.7863,8.15,4.481,2,normal
2026-03-30T02:42:12.000Z,4.9768,1.2015,124.4872,9.89,4.525,2,normal
2026-03-30T02:42:13.000Z,4.9915,1.2051,124.4444,10.97,4.424,2,normal
2026-03-30T02:42:14.000Z,4.9817,1.1978,124.6154,10.28,4.446,2,normal
2026-03-30T02:42:15.000Z,4.9695,1.1978,124.359,9.23,4.576,2,normal
2026-03-30T02:42:16.000Z,4.9817,1.1905,124.4872,9.92,4.515,2,normal
2026-03-30T02:42:17.000Z,4.9841,1.2015,124.4017,12.32,4.478,2,normal
2026-03-30T02:42:18.000Z,4.9792,1.1978,124.6581,10.75,4.452,2,normal
2026-03-30T02:42:19.000Z,4.9719,1.2015,124.5299,8.2,4.476,2,normal
2026-03-30T02:42:20.000Z,4.9744,1.2015,124.4444,7.99,4.555,2,normal
2026-03-30T02:42:21.000Z,4.9719,1.2051,124.6581,8.65,4.554,2,normal
2026-03-30T02:42:22.000Z,4.9841,1.1941,124.6581,11.22,4.488,2,normal
2026-03-30T02:42:23.000Z,4.9792,1.1978,124.4872,10.15,4.421,2,normal
2026-03-30T02:42:24.000Z,4.9695,1.2015,124.2308,10.54,4.417,2,normal
2026-03-30T02:42:25.000Z,4.9841,1.1978,124.4017,9.31,4.552,2,normal
2026-03-30T02:42:26.000Z,4.9939,1.1905,124.4017,8.43,4.528,2,normal
2026-03-30T02:42:27.000Z,4.9792,1.1978,124.3162,6.8,4.572,2,normal
2026-03-30T02:42:28.000Z,4.9841,1.1978,124.5299,11.97,4.486,2,normal
2026-03-30T02:42:29.000Z,4.9768,1.1978,124.5299,8.38,4.447,2,normal
2026-03-30T02:42:30.000Z,4.9841,1.1941,124.5299,10.87,4.563,2,normal
2026-03-30T02:42:31.000Z,4.989,1.1978,124.5299,11.24,4.476,2,normal
2026-03-30T02:42:32.000Z,4.9695,1.2015,124.6154,10.25,4.496,2,normal
2026-03-30T02:42:33.000Z,4.9695,1.1941,124.5726,8.98,4.491,2,normal
2026-03-30T02:42:34.000Z,4.9817,1.2051,124.359,11.74,4.545,2,normal
2026-03-30T02:42:35.000Z,4.9646,1.1978,124.359,10.91,4.502,2,normal
2026-03-30T02:42:36.000Z,4.9817,1.1978,124.3162,10.87,4.449,2,normal
2026-03-30T02:42:37.000Z,4.9719,1.2015,124.4444,10.18,4.453,2,normal
2026-03-30T02:42:38.000Z,4.9597,1.1941,124.4872,9.76,4.452,2,normal
2026-03-30T02:42:39.000Z,4.9597,1.2015,124.5299,10.76,4.536,2,normal
2026-03-30T02:42:40.000Z,4.9939,1.1978,124.5299,11.81,4.47,2,normal
2026-03-30T02:42:41.000Z,4.967,1.1905,124.4872,9.8,4.455,2,normal
2026-03-30T02:42:42.000Z,4.9817,1.2015,124.3162,11.51,4.473,2,normal
2026-03-30T02:42:43.000Z,4.9817,1.2088,124.4017,10.36,4.566,2,normal
2026-03-30T02:42:44.000Z,4.9548,1.1941,124.3162,12.34,4.473,2,normal
2026-03-30T02:42:45.000Z,4.9768,1.1978,124.2308,10.9,4.566,2,normal
2026-03-30T02:42:46.000Z,4.9792,1.2088,124.7436,9.4,4.521,2,normal
2026-03-30T02:42:47.000Z,4.9597,1.2051,124.5726,11.45,4.494,2,normal
2026-03-30T02:42:48.000Z,4.9744,1.1941,124.6154,12.09,4.421,2,normal
2026-03-30T02:42:49.000Z,4.9817,1.2015,124.7863,10.14,4.422,2,normal
2026-03-30T02:42:50.000Z,4.9792,1.2051,124.4872,11.04,4.571,2,normal
2026-03-30T02:42:51.000Z,4.9792,1.2015,124.5299,8.45,4.453,2,normal
2026-03-30T02:42:52.000Z,4.989,1.2015,124.5299,9.6,4.573,2,normal
2026-03-30T02:42:53.000Z,4.9719,1.2015,124.6154,10.51,4.537,2,normal
2026-03-30T02:42:54.000Z,4.9719,1.1978,124.4444,10.63,4.493,2,normal
2026-03-30T02:42:55.000Z,4.9792,1.1941,124.4444,11.82,4.479,2,normal
2026-03-30T02:42:56.000Z,4.9719,1.1905,124.3162,9.18,4.538,2,normal
2026-03-30T02:42:57.000Z,4.9719,1.1941,124.7009,8.43,4.435,2,normal
2026-03-30T02:42:58.000Z,4.9866,1.2051,124.5299,12.19,4.53,2,normal
2026-03-30T02:42:59.000Z,4.9817,1.2015,124.359,8.69,4.525,2,normal
2026-03-30T02:43:00.000Z,4.9915,1.2015,124.5299,8.55,4.447,2,normal
2026-03-30T02:43:01.000Z,4.9817,1.1978,124.7863,10.35,4.492,2,normal
2026-03-30T02:43:02.000Z,4.989,1.2015,124.5726,10.46,4.471,2,normal
2026-03-30T02:43:03.000Z,4.9841,1.1941,124.0598,9.29,4.515,2,normal
2026-03-30T02:43:04.000Z,4.9841,1.2051,124.5299,8.26,4.47,2,normal
2026-03-30T02:43:05.000Z,5.0061,1.1978,124.359,9.74,4.512,2,normal
2026-03-30T02:43:06.000Z,4.9695,1.1978,124.359,9.55,4.532,2,normal
2026-03-30T02:43:07.000Z,4.9768,1.1868,124.7009,10.98,4.577,2,normal
2026-03-30T02:43:08.000Z,4.9695,1.2015,124.2735,11.19,4.433,2,normal
2026-03-30T02:43:09.000Z,4.9695,1.2051,124.2735,8.76,4.462,2,normal
2026-03-30T02:43:10.000Z,4.9719,1.1941,124.7863,10.23,4.447,2,normal
2026-03-30T02:43:11.000Z,4.9744,1.1978,124.5299,9.74,4.44,2,normal
2026-03-30T02:43:12.000Z,4.9817,1.1868,124.5726,9.98,4.501,2,normal
2026-03-30T02:43:13.000Z,4.9792,1.2051,124.4017,9.26,4.47,2,normal
2026-03-30T02:43:14.000Z,4.9963,1.2051,124.5726,10.18,4.547,2,normal
2026-03-30T02:43:15.000Z,4.9695,1.1941,124.359,10.33,4.558,2,normal
2026-03-30T02:43:16.000Z,4.9719,1.2015,124.188,9.01,4.426,2,normal
2026-03-30T02:43:17.000Z,4.9915,1.2051,124.2308,10.43,4.479,2,normal
2026-03-30T02:43:18.000Z,4.9621,1.1978,124.6154,11.4,4.554,2,normal
2026-03-30T02:43:19.000Z,4.989,1.1941,124.5299,10.51,4.543,2,normal
2026-03-30T02:43:20.000Z,4.9719,1.1978,124.4872,10.92,4.428,2,normal
2026-03-30T02:43:21.000Z,4.9768,1.2051,124.5726,10.47,4.441,2,normal
2026-03-30T02:43:22.000Z,4.9841,1.1941,124.4017,9.28,4.574,2,normal
2026-03-30T02:43:23.000Z,4.9646,1.1941,124.4872,8.87,4.576,2,normal
2026-03-30T02:43:24.000Z,4.9695,1.1978,124.5726,10.57,4.434,2,normal
2026-03-30T02:43:25.000Z,4.9695,1.2015,124.2308,10.27,4.471,2,normal
2026-03-30T02:43:26.000Z,4.9597,1.1941,124.7009,10.42,4.522,2,normal
2026-03-30T02:43:27.000Z,4.9597,1.2015,124.4872,9.54,4.425,2,normal
2026-03-30T02:43:28.000Z,4.9915,1.2051,124.4444,8.54,4.533,2,normal
2026-03-30T02:43:29.000Z,4.9719,1.2088,124.4017,11.94,4.536,2,normal
2026-03-30T02:43:30.000Z,4.9841,1.2051,124.4444,10.25,4.523,2,normal
2026-03-30T02:43:31.000Z,4.9621,1.1941,124.4017,9.97,4.443,2,normal
2026-03-30T02:43:32.000Z,4.9695,1.2015,124.359,11.01,4.428,2,normal
2026-03-30T02:43:33.000Z,4.9915,1.1978,124.5726,10.48,4.528,2,normal
2026-03-30T02:43:34.000Z,4.9621,1.1978,124.359,9.12,4.471,2,normal
2026-03-30T02:43:35.000Z,4.967,1.2051,124.2735,9.9,4.456,2,normal
2026-03-30T02:43:36.000Z,4.9744,1.1978,124.4017,11.43,4.439,2,normal
2026-03-30T02:43:37.000Z,4.9548,1.1978,124.3162,7.8,4.546,2,normal
2026-03-30T02:43:38.000Z,4.9841,1.1978,124.2735,9.08,4.542,2,normal
2026-03-30T02:43:39.000Z,4.9719,1.2015,124.6154,9.73,4.434,2,normal
2026-03-30T02:43:40.000Z,4.9719,1.2051,124.4444,11.51,4.54,2,normal
2026-03-30T02:43:41.000Z,4.9915,1.2051,124.188,8.46,4.5,2,normal
2026-03-30T02:43:42.000Z,4.9695,1.2015,124.3162,11.16,4.551,2,normal
2026-03-30T02:43:43.000Z,4.9744,1.1941,124.4444,10.2,4.556,2,normal
2026-03-30T02:43:44.000Z,4.9866,1.1978,124.7009,10.34,4.493,2,normal
2026-03-30T02:43:45.000Z,4.9695,1.1978,124.4017,10.08,4.552,2,normal
2026-03-30T02:43:46.000Z,4.9719,1.1978,124.5726,9.85,4.48,2,normal
2026-03-30T02:43:47.000Z,4.989,1.1941,124.4017,10.11,4.471,2,normal
2026-03-30T02:43:48.000Z,4.9792,1.2015,124.2308,10.27,4.437,2,normal
2026-03-30T02:43:49.000Z,4.967,1.1978,124.4017,10.11,4.449,2,normal
2026-03-30T02:43:50.000Z,4.9695,1.1905,124.5726,11.6,4.485,2,normal
2026-03-30T02:43:51.000Z,4.9792,1.2015,124.359,9.4,4.561,2,normal
2026-03-30T02:43:52.000Z,4.9768,1.2051,124.5299,10.53,4.454,2,normal
2026-03-30T02:43:53.000Z,4.989,1.2015,124.4017,8.91,4.438,2,normal
2026-03-30T02:43:54.000Z,4.9695,1.1941,124.4017,11.61,4.42,2,normal
2026-03-30T02:43:55.000Z,4.967,1.2051,124.6154,9.87,4.523,2,normal
2026-03-30T02:43:56.000Z,4.989,1.1978,124.4017,10.93,4.477,2,normal
2026-03-30T02:43:57.000Z,4.9915,1.1978,124.3162,8.64,4.429,2,normal
2026-03-30T02:43:58.000Z,4.9817,1.2015,124.359,9.42,4.429,2,normal
2026-03-30T02:43:59.000Z,4.9719,1.2015,124.5726,11.66,4.44,2,normal
2026-03-30T02:44:00.000Z,4.9817,1.2015,124.5726,10.86,4.523,2,normal
2026-03-30T02:44:01.000Z,4.9573,1.1941,124.4444,8.76,4.509,2,normal
2026-03-30T02:44:02.000Z,4.9621,1.1868,124.4017,11.57,4.49,2,normal
2026-03-30T02:44:03.000Z,4.9646,1.2015,123.9316,10.44,4.52,2,normal
2026-03-30T02:44:04.000Z,4.9768,1.1978,124.0598,9.85,4.483,2,normal
2026-03-30T02:44:05.000Z,4.9792,1.1978,124.5299,7.99,4.52,2,normal
2026-03-30T02:44:06.000Z,4.9792,1.1941,124.4444,12.86,4.497,2,normal
2026-03-30T02:44:07.000Z,4.9768,1.2015,124.8291,9.83,4.484,2,normal
2026-03-30T02:44:08.000Z,4.9866,1.2051,124.6154,9.47,4.509,2,normal
2026-03-30T02:44:09.000Z,4.9963,1.1978,124.4444,9.33,4.568,2,normal
2026-03-30T02:44:10.000Z,4.9719,1.2088,124.4017,8.69,4.443,2,normal
2026-03-30T02:44:11.000Z,4.9695,1.2015,124.7009,12.09,4.571,2,normal
2026-03-30T02:44:12.000Z,4.9841,1.1978,124.4444,10.97,4.483,2,normal
2026-03-30T02:44:13.000Z,4.9621,1.1941,124.3162,9.04,4.522,2,normal
2026-03-30T02:44:14.000Z,4.9841,1.2051,124.3162,9.33,4.498,2,normal
2026-03-30T02:44:15.000Z,4.9744,1.2015,124.4444,8.15,4.45,2,normal
2026-03-30T02:44:16.000Z,4.9866,1.1905,124.6154,9.13,4.533,2,normal
2026-03-30T02:44:17.000Z,4.9695,1.1978,124.7436,9.89,4.522,2,normal
2026-03-30T02:44:18.000Z,4.9866,1.2051,124.188,10.82,4.425,2,normal
2026-03-30T02:44:19.000Z,4.9695,1.2051,124.5299,10.68,4.437,2,normal
2026-03-30T02:44:20.000Z,4.967,1.2125,124.4444,8.91,4.535,2,normal
2026-03-30T02:44:21.000Z,4.9646,1.1941,124.5299,9.37,4.529,2,normal
2026-03-30T02:44:22.000Z,4.9866,1.1978,124.2308,9.74,4.44,2,normal
2026-03-30T02:44:23.000Z,4.9768,1.1978,124.2735,9.39,4.54,2,normal
2026-03-30T02:44:24.000Z,4.9621,1.1978,124.4872,10.17,4.567,2,normal
2026-03-30T02:44:25.000Z,4.967,1.2015,124.3162,11.56,4.569,2,normal
2026-03-30T02:44:26.000Z,4.9792,1.2051,124.2735,9.1,4.543,2,normal
2026-03-30T02:44:27.000Z,4.9792,1.2015,124.6581,11.88,4.559,2,normal
2026-03-30T02:44:28.000Z,4.9915,1.2088,124.5299,9.37,4.548,2,normal
2026-03-30T02:44:29.000Z,4.9719,1.2015,124.7009,10.1,4.494,2,normal
2026-03-30T02:44:30.000Z,4.9792,1.2015,124.7436,10.58,4.503,2,normal
2026-03-30T02:44:31.000Z,4.967,1.1941,124.5299,9.42,4.557,2,normal
2026-03-30T02:44:32.000Z,4.9841,1.1978,124.6581,9.55,4.57,2,normal
2026-03-30T02:44:33.000Z,4.9768,1.2015,124.4017,10.07,4.476,2,normal
2026-03-30T02:44:34.000Z,4.9744,1.1941,124.359,9.1,4.474,2,normal
2026-03-30T02:44:35.000Z,4.9792,1.2015,124.5299,11.83,4.516,2,normal
2026-03-30T02:44:36.000Z,4.9768,1.2015,124.2308,9.39,4.547,2,normal
2026-03-30T02:44:37.000Z,4.9768,1.1941,124.4017,9.44,4.573,2,normal
2026-03-30T02:44:38.000Z,4.9695,1.1978,124.7436,10.08,4.508,2,normal
2026-03-30T02:44:39.000Z,4.9817,1.2015,124.4444,7.78,4.538,2,normal
2026-03-30T02:44:40.000Z,4.9695,1.1978,124.5299,11.53,4.545,2,normal
2026-03-30T02:44:41.000Z,4.9841,1.2015,124.359,12.17,4.441,2,normal
2026-03-30T02:44:42.000Z,4.9768,1.1978,124.6581,11.52,4.554,2,normal
2026-03-30T02:44:43.000Z,4.9621,1.1978,124.2735,9.43,4.497,2,normal
2026-03-30T02:44:44.000Z,4.9768,1.2015,124.4017,8.7,4.426,2,normal
2026-03-30T02:44:45.000Z,4.9768,1.1978,124.4872,12.45,4.452,2,normal
2026-03-30T02:44:46.000Z,4.9817,1.2051,124.5726,10.8,4.436,2,normal
2026-03-30T02:44:47.000Z,4.9744,1.1941,124.7009,8.78,4.459,2,normal
2026-03-30T02:44:48.000Z,4.989,1.2161,124.5299,9.77,4.537,2,normal
2026-03-30T02:44:49.000Z,5.0012,1.2015,124.4017,10.15,4.453,2,normal
2026-03-30T02:44:50.000Z,4.9695,1.2015,124.5726,8.53,4.509,2,normal
2026-03-30T02:44:51.000Z,4.9597,1.2015,124.7436,11.02,4.576,2,normal
2026-03-30T02:44:52.000Z,4.9621,1.2051,124.3162,11.13,4.43,2,normal
2026-03-30T02:44:53.000Z,4.9817,1.1978,124.4017,8.77,4.445,2,normal
2026-03-30T02:44:54.000Z,4.9646,1.1941,124.5726,9.72,4.557,2,normal
2026-03-30T02:44:55.000Z,4.9719,1.1978,124.6581,10.18,4.5,2,normal
2026-03-30T02:44:56.000Z,4.9768,1.2015,124.4872,9.28,4.531,2,normal
2026-03-30T02:44:57.000Z,4.9792,1.1868,124.4444,10.26,4.445,2,normal
2026-03-30T02:44:58.000Z,4.9695,1.1978,124.5299,11.7,4.438,2,normal
2026-03-30T02:44:59.000Z,4.9695,1.2015,124.7009,10.96,4.548,2,normal
2026-03-30T02:45:00.000Z,4.9866,1.2088,124.4872,10.79,4.482,2,normal
2026-03-30T02:45:01.000Z,4.967,1.1905,124.4872,10.74,4.461,2,normal
2026-03-30T02:45:02.000Z,4.9792,1.2051,124.188,12.02,4.424,2,normal
2026-03-30T02:45:03.000Z,4.967,1.2051,124.6581,8.5,4.523,2,normal
2026-03-30T02:45:04.000Z,4.9719,1.2051,124.6154,8.15,4.556,2,normal
2026-03-30T02:45:05.000Z,4.9573,1.1941,124.359,9.4,4.564,2,normal
2026-03-30T02:45:06.000Z,4.9719,1.1978,124.4872,10.21,4.448,2,normal
2026-03-30T02:45:07.000Z,4.9695,1.1941,124.4444,11.58,4.573,2,normal
2026-03-30T02:45:08.000Z,4.9744,1.2088,124.2735,10.0,4.569,2,normal
2026-03-30T02:45:09.000Z,4.9719,1.1978,124.188,8.82,4.451,2,normal
2026-03-30T02:45:10.000Z,4.9817,1.1978,124.6154,10.15,4.49,2,normal
2026-03-30T02:45:11.000Z,4.9841,1.1905,124.3162,10.39,4.504,2,normal
2026-03-30T02:45:12.000Z,4.9866,1.2015,124.4444,7.85,4.57,2,normal
2026-03-30T02:45:13.000Z,4.9695,1.2015,124.188,12.51,4.452,2,normal
2026-03-30T02:45:14.000Z,4.9768,1.1978,124.1453,8.72,4.429,2,normal
2026-03-30T02:45:15.000Z,4.9621,1.1978,124.3162,8.55,4.575,2,normal
2026-03-30T02:45:16.000Z,4.9744,1.2015,124.6581,11.19,4.569,2,normal
2026-03-30T02:45:17.000Z,4.9915,1.1978,124.5299,7.81,4.444,2,normal
2026-03-30T02:45:18.000Z,4.9621,1.2015,124.2735,8.97,4.454,2,normal
2026-03-30T02:45:19.000Z,4.9841,1.1941,124.4444,10.73,4.517,2,normal
2026-03-30T02:45:20.000Z,4.9939,1.1978,124.4017,9.54,4.508,2,normal
2026-03-30T02:45:21.000Z,4.9744,1.2015,124.4872,9.94,4.489,2,normal
2026-03-30T02:45:22.000Z,4.9744,1.2015,124.2308,10.72,4.416,2,normal
2026-03-30T02:45:23.000Z,4.989,1.2015,124.4444,10.12,4.517,2,normal
2026-03-30T02:45:24.000Z,4.9866,1.1941,124.4872,10.61,4.493,2,normal
2026-03-30T02:45:25.000Z,4.9915,1.1941,124.188,10.99,4.503,2,normal
2026-03-30T02:45:26.000Z,4.9866,1.2015,124.4444,8.49,4.562,2,normal
2026-03-30T02:45:27.000Z,4.9499,1.2051,124.5726,9.31,4.439,2,normal
2026-03-30T02:45:28.000Z,4.9866,1.2015,124.4017,9.47,4.433,2,normal
2026-03-30T02:45:29.000Z,4.9817,1.2051,124.359,11.38,4.456,2,normal
2026-03-30T02:45:30.000Z,4.9841,1.1905,124.4444,10.69,4.466,2,normal
2026-03-30T02:45:31.000Z,4.9695,1.2015,124.4872,7.93,4.483,2,normal
2026-03-30T02:45:32.000Z,5.0012,1.2051,124.6154,11.38,4.51,2,normal
2026-03-30T02:45:33.000Z,4.989,1.2051,124.1453,9.49,4.561,2,normal
2026-03-30T02:45:34.000Z,4.9719,1.1978,124.6154,7.71,4.429,2,normal
2026-03-30T02:45:35.000Z,4.9744,1.2088,124.4444,10.57,4.485,2,normal
2026-03-30T02:45:36.000Z,4.9548,1.1978,124.6154,11.14,4.435,2,normal
2026-03-30T02:45:37.000Z,4.9744,1.1978,124.3162,9.56,4.471,2,normal
2026-03-30T02:45:38.000Z,4.9695,1.2051,124.7009,9.14,4.548,2,normal
2026-03-30T02:45:39.000Z,4.9792,1.2015,124.4444,9.03,4.49,2,normal
2026-03-30T02:45:40.000Z,4.9597,1.2015,124.5726,9.02,4.572,2,normal
2026-03-30T02:45:41.000Z,4.9915,1.1978,124.2308,11.52,4.465,2,normal
2026-03-30T02:45:42.000Z,4.9841,1.1941,124.359,11.54,4.567,2,normal
2026-03-30T02:45:43.000Z,4.9719,1.2051,124.7436,12.02,4.422,2,normal
2026-03-30T02:45:44.000Z,4.9744,1.1978,124.2308,8.3,4.538,2,normal
2026-03-30T02:45:45.000Z,4.9841,1.1941,124.5299,10.64,4.546,2,normal
2026-03-30T02:45:46.000Z,4.9573,1.2015,124.5726,11.57,4.473,2,normal
2026-03-30T02:45:47.000Z,4.9841,1.1941,124.359,11.31,4.562,2,normal
2026-03-30T02:45:48.000Z,4.9744,1.1941,124.5726,11.65,4.546,2,normal
2026-03-30T02:45:49.000Z,4.9744,1.2051,124.359,10.24,4.427,2,normal
2026-03-30T02:45:50.000Z,4.9841,1.1978,124.2308,8.51,4.568,2,normal
2026-03-30T02:45:51.000Z,4.9573,1.2015,124.4872,12.6,4.444,2,normal
2026-03-30T02:45:52.000Z,4.967,1.1941,124.2735,9.85,4.437,2,normal
2026-03-30T02:45:53.000Z,4.9646,1.2088,124.6154,9.94,4.454,2,normal
2026-03-30T02:45:54.000Z,4.9695,1.2015,124.3162,11.28,4.461,2,normal
2026-03-30T02:45:55.000Z,4.9792,1.2015,124.6154,8.8,4.507,2,normal
2026-03-30T02:45:56.000Z,4.9573,1.1941,124.6154,8.5,4.422,2,normal
2026-03-30T02:45:57.000Z,4.9744,1.1978,124.4872,10.75,4.417,2,normal
2026-03-30T02:45:58.000Z,4.967,1.1905,124.5299,10.01,4.549,2,normal
2026-03-30T02:45:59.000Z,4.967,1.1978,124.3162,9.42,4.563,2,normal
2026-03-30T02:46:00.000Z,4.9621,1.1978,124.4444,10.61,4.514,2,normal
2026-03-30T02:46:01.000Z,4.9817,1.1978,124.6581,9.66,4.541,2,normal
2026-03-30T02:46:02.000Z,4.9646,1.1978,124.4872,11.79,4.448,2,normal
2026-03-30T02:46:03.000Z,4.9866,1.2015,124.6154,9.76,4.53,2,normal
2026-03-30T02:46:04.000Z,4.9841,1.2088,124.359,9.34,4.489,2,normal
2026-03-30T02:46:05.000Z,4.967,1.1941,124.4444,8.81,4.526,2,normal
2026-03-30T02:46:06.000Z,4.9524,1.2015,124.359,8.13,4.517,2,normal
2026-03-30T02:46:07.000Z,4.9817,1.1941,124.4017,9.45,4.564,2,normal
2026-03-30T02:46:08.000Z,4.9744,1.1978,124.4017,9.46,4.439,2,normal
2026-03-30T02:46:09.000Z,4.9817,1.1905,124.4444,10.59,4.422,2,normal
2026-03-30T02:46:10.000Z,4.9792,1.2051,124.6581,9.75,4.472,2,normal
2026-03-30T02:46:11.000Z,4.9817,1.1978,124.4444,11.91,4.429,2,normal
2026-03-30T02:46:12.000Z,4.9573,1.1978,124.4444,8.02,4.504,2,normal
2026-03-30T02:46:13.000Z,4.9573,1.1868,124.2735,10.86,4.531,2,normal
2026-03-30T02:46:14.000Z,4.9719,1.2015,124.5299,9.52,4.51,2,normal
2026-03-30T02:46:15.000Z,4.9744,1.2088,124.4017,8.8,4.429,2,normal
2026-03-30T02:46:16.000Z,4.9744,1.2015,124.4872,12.06,4.548,2,normal
2026-03-30T02:46:17.000Z,4.9573,1.2015,124.5299,13.12,4.538,2,normal
2026-03-30T02:46:18.000Z,4.9719,1.2088,124.2308,10.92,4.418,2,normal
2026-03-30T02:46:19.000Z,4.9817,1.1905,124.359,9.48,4.447,2,normal
2026-03-30T02:46:20.000Z,4.9841,1.1978,124.359,9.04,4.522,2,normal
2026-03-30T02:46:21.000Z,4.9768,1.2051,124.359,10.34,4.418,2,normal
2026-03-30T02:46:22.000Z,4.9915,1.1978,124.359,11.4,4.461,2,normal
2026-03-30T02:46:23.000Z,4.9621,1.2015,124.7863,10.32,4.54,2,normal
2026-03-30T02:46:24.000Z,4.9744,1.1941,124.7863,9.41,4.516,2,normal
2026-03-30T02:46:25.000Z,4.9744,1.1905,124.4017,10.3,4.447,2,normal
2026-03-30T02:46:26.000Z,4.9646,1.2051,124.4872,9.25,4.43,2,normal
2026-03-30T02:46:27.000Z,4.967,1.1905,124.6154,7.53,4.523,2,normal
2026-03-30T02:46:28.000Z,4.967,1.2015,124.5726,7.38,4.463,2,normal
2026-03-30T02:46:29.000Z,4.9768,1.2051,124.4017,10.03,4.435,2,normal
2026-03-30T02:46:30.000Z,4.9695,1.2015,124.4872,8.88,4.573,2,normal
2026-03-30T02:46:31.000Z,4.989,1.2015,124.359,10.13,4.575,2,normal
2026-03-30T02:46:32.000Z,4.9744,1.1941,124.4444,9.68,4.538,2,normal
2026-03-30T02:46:33.000Z,4.9548,1.1978,124.7436,10.14,4.549,2,normal
2026-03-30T02:46:34.000Z,4.967,1.2051,124.4872,10.41,4.552,2,normal
2026-03-30T02:46:35.000Z,4.9621,1.2088,124.4872,10.51,4.534,2,normal
2026-03-30T02:46:36.000Z,4.9695,1.1905,124.6154,10.74,4.563,2,normal
2026-03-30T02:46:37.000Z,4.9817,1.1941,124.4872,10.31,4.445,2,normal
2026-03-30T02:46:38.000Z,4.9719,1.1978,124.5726,8.93,4.492,2,normal
2026-03-30T02:46:39.000Z,4.9817,1.1941,124.5299,10.04,4.536,2,normal
2026-03-30T02:46:40.000Z,4.9719,1.2015,124.7009,10.47,4.512,2,drift_anomaly
2026-03-30T02:46:41.000Z,4.9719,1.2125,124.7863,10.24,4.568,2,drift_anomaly
2026-03-30T02:46:42.000Z,4.9866,1.2088,124.4872,9.56,4.507,2,drift_anomaly
2026-03-30T02:46:43.000Z,4.9963,1.1941,124.5726,9.66,4.581,2,drift_anomaly
2026-03-30T02:46:44.000Z,4.9817,1.2051,124.5299,10.53,4.56,2,drift_anomaly
2026-03-30T02:46:45.000Z,4.9695,1.1941,124.4872,9.61,4.595,2,drift_anomaly
2026-03-30T02:46:46.000Z,4.9792,1.1941,124.7009,10.85,4.648,2,drift_anomaly
2026-03-30T02:46:47.000Z,4.9719,1.2015,124.4872,10.22,4.599,2,drift_anomaly
2026-03-30T02:46:48.000Z,4.9817,1.2051,124.4872,10.59,4.664,2,drift_anomaly
2026-03-30T02:46:49.000Z,4.9695,1.1978,124.6581,10.16,4.675,2,drift_anomaly
2026-03-30T02:46:50.000Z,4.9646,1.2015,124.4872,10.31,4.687,2,drift_anomaly
2026-03-30T02:46:51.000Z,4.9499,1.1978,124.7436,10.53,4.734,2,drift_anomaly
2026-03-30T02:46:52.000Z,4.9719,1.1978,124.5299,10.67,4.721,2,drift_anomaly
2026-03-30T02:46:53.000Z,4.9646,1.1978,124.6154,10.21,4.761,2,drift_anomaly
2026-03-30T02:46:54.000Z,4.9695,1.1941,125.0,10.4,4.851,2,drift_anomaly
2026-03-30T02:46:55.000Z,4.9792,1.2015,124.9573,9.98,4.787,2,drift_anomaly
2026-03-30T02:46:56.000Z,4.9768,1.2015,125.2137,11.28,4.794,2,drift_anomaly
2026-03-30T02:46:57.000Z,4.9866,1.2015,124.7863,10.1,4.826,2,drift_anomaly
2026-03-30T02:46:58.000Z,4.967,1.1978,124.8291,10.54,4.925,2,drift_anomaly
2026-03-30T02:46:59.000Z,4.9695,1.2051,124.7863,10.5,4.83,2,drift_anomaly
2026-03-30T02:47:00.000Z,4.9817,1.1978,124.6154,11.02,4.916,2,drift_anomaly
2026-03-30T02:47:01.000Z,4.9768,1.1941,125.0855,10.67,4.916,2,drift_anomaly
2026-03-30T02:47:02.000Z,4.9792,1.2015,125.0427,11.32,4.938,2,drift_anomaly
2026-03-30T02:47:03.000Z,4.9866,1.1941,125.2137,11.6,4.992,2,drift_anomaly
2026-03-30T02:47:04.000Z,4.967,1.2088,125.0855,11.42,4.977,2,drift_anomaly
2026-03-30T02:47:05.000Z,4.9597,1.2051,125.0,11.52,4.991,2,drift_anomaly
2026-03-30T02:47:06.000Z,4.9597,1.2015,125.4274,11.24,5.076,2,drift_anomaly
2026-03-30T02:47:07.000Z,4.9719,1.2051,125.3846,11.37,5.049,2,drift_anomaly
2026-03-30T02:47:08.000Z,4.9744,1.1978,125.6838,12.13,5.082,2,drift_anomaly
2026-03-30T02:47:09.000Z,4.9817,1.2015,125.5983,12.63,5.083,2,drift_anomaly
2026-03-30T02:47:10.000Z,4.9792,1.1978,125.4701,11.09,5.083,2,drift_anomaly
2026-03-30T02:47:11.000Z,4.9597,1.2051,125.7265,12.58,5.1,2,drift_anomaly
2026-03-30T02:47:12.000Z,4.9841,1.2088,125.7692,12.56,5.17,2,drift_anomaly
2026-03-30T02:47:13.000Z,4.9719,1.2015,125.9402,11.97,5.181,2,drift_anomaly
2026-03-30T02:47:14.000Z,4.9768,1.2015,125.8547,11.41,5.233,2,drift_anomaly
2026-03-30T02:47:15.000Z,4.9841,1.2015,125.8974,12.36,5.204,2,drift_anomaly
2026-03-30T02:47:16.000Z,4.9695,1.1978,125.9829,11.82,5.221,2,drift_anomaly
2026-03-30T02:47:17.000Z,4.9695,1.2015,125.8547,11.91,5.236,2,drift_anomaly
2026-03-30T02:47:18.000Z,4.9744,1.2088,126.2393,12.56,5.251,2,drift_anomaly
2026-03-30T02:47:19.000Z,4.9621,1.1978,125.9829,12.21,5.326,2,drift_anomaly
2026-03-30T02:47:20.000Z,4.9841,1.2051,126.0256,12.33,5.265,2,drift_anomaly
2026-03-30T02:47:21.000Z,4.9695,1.2015,126.0684,12.81,5.326,2,drift_anomaly
2026-03-30T02:47:22.000Z,4.9841,1.2015,126.2393,12.67,5.385,2,drift_anomaly
2026-03-30T02:47:23.000Z,4.9621,1.2015,126.4957,12.6,5.399,2,drift_anomaly
2026-03-30T02:47:24.000Z,4.967,1.1978,126.5385,13.09,5.388,2,drift_anomaly
2026-03-30T02:47:25.000Z,4.9841,1.2051,126.453,12.91,5.376,2,drift_anomaly
2026-03-30T02:47:26.000Z,4.9768,1.2051,126.453,12.9,5.461,2,drift_anomaly
2026-03-30T02:47:27.000Z,4.9524,1.2088,126.5385,12.34,5.454,2,drift_anomaly
2026-03-30T02:47:28.000Z,4.9719,1.2051,126.5385,13.17,5.475,2,drift_anomaly
2026-03-30T02:47:29.000Z,4.9841,1.2015,126.6239,13.28,5.523,2,drift_anomaly
2026-03-30T02:47:30.000Z,4.9817,1.2088,126.8376,12.86,5.528,2,drift_anomaly
2026-03-30T02:47:31.000Z,4.9768,1.2088,127.0513,13.68,5.547,2,drift_anomaly
2026-03-30T02:47:32.000Z,4.9719,1.2161,126.9658,13.48,5.596,2,drift_anomaly
2026-03-30T02:47:33.000Z,4.9915,1.2015,127.1795,13.2,5.577,2,drift_anomaly
2026-03-30T02:47:34.000Z,4.9817,1.1978,127.0513,14.05,5.588,2,drift_anomaly
2026-03-30T02:47:35.000Z,4.9792,1.2051,127.0085,14.09,5.62,2,drift_anomaly
2026-03-30T02:47:36.000Z,4.967,1.2015,127.3932,13.62,5.65,2,drift_anomaly
2026-03-30T02:47:37.000Z,4.9866,1.2161,127.3932,13.23,5.674,2,drift_anomaly
2026-03-30T02:47:38.000Z,4.9963,1.1978,127.3932,13.68,5.697,2,drift_anomaly
2026-03-30T02:47:39.000Z,4.9744,1.2088,127.6496,12.65,5.75,2,drift_anomaly
2026-03-30T02:47:40.000Z,4.9939,1.2088,127.6496,12.79,5.777,2,drift_anomaly
2026-03-30T02:47:41.000Z,4.9621,1.2015,128.0342,13.89,5.765,2,drift_anomaly
2026-03-30T02:47:42.000Z,4.9792,1.2051,127.6068,13.8,5.761,2,drift_anomaly
2026-03-30T02:47:43.000Z,4.9719,1.2015,127.6496,13.47,5.806,2,drift_anomaly
2026-03-30T02:47:44.000Z,4.9621,1.1978,127.9487,13.88,5.819,2,drift_anomaly
2026-03-30T02:47:45.000Z,4.989,1.2015,128.0769,14.48,5.813,2,drift_anomaly
2026-03-30T02:47:46.000Z,4.9719,1.1978,128.2051,14.41,5.861,2,drift_anomaly
2026-03-30T02:47:47.000Z,4.9744,1.2015,128.3333,14.21,5.862,2,drift_anomaly
2026-03-30T02:47:48.000Z,4.989,1.2051,128.4188,14.67,5.833,2,drift_anomaly
2026-03-30T02:47:49.000Z,4.9573,1.2051,128.4615,14.48,5.863,2,drift_anomaly
2026-03-30T02:47:50.000Z,4.9573,1.2088,128.3333,15.38,5.928,2,drift_anomaly
2026-03-30T02:47:51.000Z,4.967,1.2125,128.7179,15.21,5.943,2,drift_anomaly
2026-03-30T02:47:52.000Z,4.9695,1.2125,128.4188,15.28,5.934,2,drift_anomaly
2026-03-30T02:47:53.000Z,4.9939,1.2051,128.8034,15.15,5.973,2,drift_anomaly
2026-03-30T02:47:54.000Z,4.9719,1.2088,128.6752,15.62,5.991,2,drift_anomaly
2026-03-30T02:47:55.000Z,4.9695,1.2051,129.0171,16.18,6.008,2,drift_anomaly
2026-03-30T02:47:56.000Z,4.9744,1.2051,128.7607,15.34,6.09,2,drift_anomaly
2026-03-30T02:47:57.000Z,4.9792,1.2088,128.9744,15.09,6.041,2,drift_anomaly
2026-03-30T02:47:58.000Z,4.9768,1.2015,128.8889,14.76,6.084,2,drift_anomaly
2026-03-30T02:47:59.000Z,4.9817,1.2125,129.1453,15.16,6.096,2,drift_anomaly
2026-03-30T02:48:00.000Z,4.9915,1.2088,129.3162,16.04,6.118,2,drift_anomaly
2026-03-30T02:48:01.000Z,4.9915,1.1941,129.3162,15.21,6.145,2,drift_anomaly
2026-03-30T02:48:02.000Z,4.9792,1.2051,129.2308,14.98,6.15,2,drift_anomaly
2026-03-30T02:48:03.000Z,4.967,1.2051,129.3162,15.51,6.178,2,drift_anomaly
2026-03-30T02:48:04.000Z,4.9744,1.2051,129.5299,15.34,6.189,2,drift_anomaly
2026-03-30T02:48:05.000Z,4.9695,1.2015,129.5726,15.93,6.14,2,drift_anomaly
2026-03-30T02:48:06.000Z,4.9866,1.2088,129.7436,16.43,6.27,2,drift_anomaly
2026-03-30T02:48:07.000Z,4.9792,1.2088,129.8291,16.62,6.265,2,drift_anomaly
2026-03-30T02:48:08.000Z,4.9768,1.2125,129.9145,16.29,6.31,2,drift_anomaly
2026-03-30T02:48:09.000Z,4.9817,1.2088,130.0427,16.38,6.312,2,drift_anomaly
2026-03-30T02:48:10.000Z,4.9695,1.1978,129.8718,17.28,6.378,2,drift_anomaly
2026-03-30T02:48:11.000Z,4.9866,1.2088,130.2137,16.96,6.376,2,drift_anomaly
2026-03-30T02:48:12.000Z,4.9744,1.2125,130.2564,16.89,6.36,2,drift_anomaly
2026-03-30T02:48:13.000Z,4.967,1.2088,130.2991,16.13,6.385,2,drift_anomaly
2026-03-30T02:48:14.000Z,4.9548,1.2088,130.4274,16.94,6.405,2,drift_anomaly
2026-03-30T02:48:15.000Z,4.9744,1.2015,130.5556,16.61,6.42,2,drift_anomaly
2026-03-30T02:48:16.000Z,4.9792,1.2125,130.4274,17.05,6.478,2,drift_anomaly
2026-03-30T02:48:17.000Z,4.9939,1.2088,130.5983,16.94,6.499,2,drift_anomaly
2026-03-30T02:48:18.000Z,4.9939,1.2161,130.641,17.22,6.52,2,drift_anomaly
2026-03-30T02:48:19.000Z,4.9573,1.2088,130.812,17.84,6.546,2,drift_anomaly
2026-03-30T02:48:20.000Z,4.9719,1.2161,130.8547,16.86,6.51,2,drift_anomaly
2026-03-30T02:48:21.000Z,4.9695,1.2051,130.6838,17.4,6.518,2,drift_anomaly
2026-03-30T02:48:22.000Z,4.9792,1.2051,130.9829,17.43,6.555,2,drift_anomaly
2026-03-30T02:48:23.000Z,4.967,1.2015,131.2821,17.04,6.643,2,drift_anomaly
2026-03-30T02:48:24.000Z,4.9792,1.2088,131.3248,17.78,6.697,2,drift_anomaly
2026-03-30T02:48:25.000Z,4.9915,1.2088,131.3675,18.09,6.721,2,drift_anomaly
2026-03-30T02:48:26.000Z,4.9792,1.2015,131.3248,17.87,6.713,2,drift_anomaly
2026-03-30T02:48:27.000Z,4.9768,1.2161,131.6667,18.2,6.712,2,drift_anomaly
2026-03-30T02:48:28.000Z,4.989,1.2051,131.4957,17.67,6.718,2,drift_anomaly
2026-03-30T02:48:29.000Z,4.9792,1.1978,131.8376,18.17,6.723,2,drift_anomaly
2026-03-30T02:48:30.000Z,4.9744,1.2088,132.0085,18.56,6.749,2,drift_anomaly
2026-03-30T02:48:31.000Z,4.967,1.2088,131.9231,18.06,6.769,2,drift_anomaly
2026-03-30T02:48:32.000Z,4.9719,1.2088,131.9658,18.42,6.825,2,drift_anomaly
2026-03-30T02:48:33.000Z,5.0012,1.2161,132.0513,18.25,6.811,2,drift_anomaly
2026-03-30T02:48:34.000Z,4.9695,1.2051,132.0513,18.51,6.854,2,drift_anomaly
2026-03-30T02:48:35.000Z,4.9866,1.2088,132.5641,18.71,6.85,2,drift_anomaly
2026-03-30T02:48:36.000Z,4.9939,1.2051,132.5641,18.75,6.9,2,drift_anomaly
2026-03-30T02:48:37.000Z,5.0012,1.2051,132.3504,18.8,6.922,2,drift_anomaly
2026-03-30T02:48:38.000Z,4.9744,1.2051,132.265,19.03,6.924,2,drift_anomaly
2026-03-30T02:48:39.000Z,4.989,1.2161,132.3932,19.87,6.984,2,drift_anomaly
2026-03-30T02:48:40.000Z,4.9915,1.2125,132.6923,19.55,7.009,2,drift_anomaly
2026-03-30T02:48:41.000Z,4.9744,1.2161,132.8205,18.92,6.974,2,drift_anomaly
2026-03-30T02:48:42.000Z,4.9768,1.2088,133.0342,19.51,6.958,2,drift_anomaly
2026-03-30T02:48:43.000Z,4.9817,1.2088,132.906,20.38,7.069,2,drift_anomaly
2026-03-30T02:48:44.000Z,4.9817,1.2198,133.0342,19.56,7.078,2,drift_anomaly
2026-03-30T02:48:45.000Z,4.9939,1.2161,133.0769,20.83,7.046,2,drift_anomaly
2026-03-30T02:48:46.000Z,4.9939,1.2088,133.1624,19.95,7.113,2,drift_anomaly
2026-03-30T02:48:47.000Z,4.9695,1.2125,133.2906,20.25,7.053,2,drift_anomaly
2026-03-30T02:48:48.000Z,4.9768,1.2088,133.2479,20.03,7.144,2,drift_anomaly
2026-03-30T02:48:49.000Z,4.9646,1.2161,133.4615,19.93,7.153,2,drift_anomaly
2026-03-30T02:48:50.000Z,4.9573,1.2051,133.7179,20.1,7.172,2,drift_anomaly
2026-03-30T02:48:51.000Z,4.9817,1.2125,133.4615,19.72,7.211,2,drift_anomaly
2026-03-30T02:48:52.000Z,4.9768,1.2051,134.1026,21.31,7.259,2,drift_anomaly
2026-03-30T02:48:53.000Z,4.9792,1.2088,133.9744,20.07,7.205,2,drift_anomaly
2026-03-30T02:48:54.000Z,4.9475,1.2088,133.7607,21.12,7.26,2,drift_anomaly
2026-03-30T02:48:55.000Z,4.9768,1.2198,134.188,20.49,7.355,2,drift_anomaly
2026-03-30T02:48:56.000Z,4.9695,1.2198,134.0171,20.85,7.31,2,drift_anomaly
2026-03-30T02:48:57.000Z,4.9695,1.2088,134.1453,20.69,7.298,2,drift_anomaly
2026-03-30T02:48:58.000Z,4.9841,1.2125,134.0598,21.5,7.313,2,drift_anomaly
2026-03-30T02:48:59.000Z,4.9719,1.2161,134.4017,21.04,7.341,2,drift_anomaly
2026-03-30T02:49:00.000Z,4.9915,1.2161,134.4017,21.8,7.394,2,drift_anomaly
2026-03-30T02:49:01.000Z,4.9768,1.2051,134.359,21.28,7.419,2,drift_anomaly
2026-03-30T02:49:02.000Z,4.9719,1.2161,134.6154,22.39,7.375,2,drift_anomaly
2026-03-30T02:49:03.000Z,4.9719,1.2051,134.6581,21.38,7.47,2,drift_anomaly
2026-03-30T02:49:04.000Z,4.9744,1.2125,134.9145,22.13,7.466,2,drift_anomaly
2026-03-30T02:49:05.000Z,4.9573,1.2125,134.8291,21.85,7.518,2,drift_anomaly
2026-03-30T02:49:06.000Z,4.9695,1.2198,134.6581,21.48,7.525,2,drift_anomaly
2026-03-30T02:49:07.000Z,4.9988,1.2125,134.9573,22.58,7.475,2,drift_anomaly
2026-03-30T02:49:08.000Z,4.9817,1.2125,134.9145,22.67,7.562,2,drift_anomaly
2026-03-30T02:49:09.000Z,4.9841,1.2234,135.0427,21.4,7.56,2,drift_anomaly
2026-03-30T02:49:10.000Z,4.9841,1.2271,135.5128,23.22,7.572,2,drift_anomaly
2026-03-30T02:49:11.000Z,4.9841,1.2161,135.4274,23.15,7.673,2,drift_anomaly
2026-03-30T02:49:12.000Z,4.9768,1.2198,135.3846,22.86,7.531,2,drift_anomaly
2026-03-30T02:49:13.000Z,4.9866,1.2198,135.7265,23.26,7.656,2,drift_anomaly
2026-03-30T02:49:14.000Z,4.9744,1.2234,135.641,23.24,7.676,2,drift_anomaly
2026-03-30T02:49:15.000Z,4.9768,1.2234,135.7265,23.01,7.67,2,drift_anomaly
2026-03-30T02:49:16.000Z,4.989,1.2125,136.0684,23.2,7.722,2,drift_anomaly
2026-03-30T02:49:17.000Z,4.9792,1.2125,135.9402,23.48,7.687,2,drift_anomaly
2026-03-30T02:49:18.000Z,4.9841,1.2088,136.1111,22.91,7.778,2,drift_anomaly
2026-03-30T02:49:19.000Z,4.9646,1.2161,135.9829,23.71,7.789,2,drift_anomaly
2026-03-30T02:49:20.000Z,4.9621,1.2198,136.0684,23.51,7.834,2,drift_anomaly
2026-03-30T02:49:21.000Z,4.9744,1.2051,136.4103,23.41,7.83,2,drift_anomaly
2026-03-30T02:49:22.000Z,4.989,1.2125,136.6667,23.6,7.856,2,drift_anomaly
2026-03-30T02:49:23.000Z,4.989,1.2125,136.7949,23.8,7.867,2,drift_anomaly
2026-03-30T02:49:24.000Z,4.9841,1.2198,137.094,24.43,7.828,2,drift_anomaly
2026-03-30T02:49:25.000Z,4.9695,1.2088,136.6667,24.11,7.856,2,drift_anomaly
2026-03-30T02:49:26.000Z,4.9768,1.2198,136.9658,25.48,7.961,2,drift_anomaly
2026-03-30T02:49:27.000Z,4.967,1.2198,136.6667,23.97,7.92,2,drift_anomaly
2026-03-30T02:49:28.000Z,4.9621,1.2161,137.0085,24.65,7.936,2,drift_anomaly
2026-03-30T02:49:29.000Z,4.9719,1.2161,137.1368,24.77,7.94,2,drift_anomaly
2026-03-30T02:49:30.000Z,4.9744,1.2161,137.0513,24.42,7.991,2,drift_anomaly
2026-03-30T02:49:31.000Z,4.9841,1.2088,137.2222,24.4,8.043,2,drift_anomaly
2026-03-30T02:49:32.000Z,4.9939,1.2198,137.094,24.13,8.034,2,drift_anomaly
2026-03-30T02:49:33.000Z,4.967,1.2161,137.265,25.7,8.048,2,drift_anomaly
2026-03-30T02:49:34.000Z,4.9695,1.2088,137.6496,25.55,8.094,2,drift_anomaly
2026-03-30T02:49:35.000Z,4.9963,1.2198,137.3932,25.12,8.144,2,drift_anomaly
2026-03-30T02:49:36.000Z,4.9792,1.2161,137.6068,25.34,8.065,2,drift_anomaly
2026-03-30T02:49:37.000Z,4.9768,1.2234,137.8205,25.47,8.149,2,drift_anomaly
2026-03-30T02:49:38.000Z,4.9841,1.2198,138.0342,26.41,8.11,2,drift_anomaly
2026-03-30T02:49:39.000Z,4.9646,1.2198,137.9487,25.7,8.156,2,drift_anomaly
2026-03-30T02:49:40.000Z,4.9719,1.2125,138.1624,26.58,8.207,2,drift_anomaly
2026-03-30T02:49:41.000Z,5.0085,1.2161,138.0342,26.39,8.218,2,drift_anomaly
2026-03-30T02:49:42.000Z,4.9768,1.2161,138.2479,27.02,8.23,2,drift_anomaly
2026-03-30T02:49:43.000Z,4.9792,1.2125,138.1624,27.28,8.211,2,drift_anomaly
2026-03-30T02:49:44.000Z,4.9744,1.2271,138.6752,26.61,8.302,2,drift_anomaly
2026-03-30T02:49:45.000Z,4.9768,1.2088,138.3761,26.14,8.338,2,drift_anomaly
2026-03-30T02:49:46.000Z,4.9792,1.2234,138.7607,27.71,8.371,2,drift_anomaly
2026-03-30T02:49:47.000Z,4.9719,1.2198,138.7179,26.86,8.313,2,drift_anomaly
2026-03-30T02:49:48.000Z,4.9646,1.2234,138.7607,27.68,8.415,2,drift_anomaly
2026-03-30T02:49:49.000Z,4.9768,1.2234,139.0171,27.01,8.366,2,drift_anomaly
2026-03-30T02:49:50.000Z,4.9768,1.2125,138.6325,27.36,8.434,2,drift_anomaly
2026-03-30T02:49:51.000Z,4.9744,1.2161,139.0171,27.84,8.454,2,drift_anomaly
2026-03-30T02:49:52.000Z,4.967,1.2161,139.188,27.63,8.436,2,drift_anomaly
2026-03-30T02:49:53.000Z,4.9792,1.2271,139.188,27.91,8.428,2,drift_anomaly
2026-03-30T02:49:54.000Z,4.9792,1.2308,139.5299,28.63,8.462,2,drift_anomaly
2026-03-30T02:49:55.000Z,4.9792,1.2088,139.2308,27.96,8.519,2,drift_anomaly
2026-03-30T02:49:56.000Z,4.9719,1.2198,139.4444,28.03,8.554,2,drift_anomaly
2026-03-30T02:49:57.000Z,4.9817,1.2161,139.5299,28.53,8.532,2,drift_anomaly
2026-03-30T02:49:58.000Z,4.9817,1.2161,139.9145,28.27,8.591,2,drift_anomaly
2026-03-30T02:49:59.000Z,4.9744,1.2271,139.8291,28.06,8.565,2,drift_anomaly
2026-03-30T02:50:00.000Z,4.9939,1.2198,140.0427,28.86,8.58,2,drift_anomaly
2026-03-30T02:50:01.000Z,5.0012,1.2161,139.9573,28.94,8.649,2,drift_anomaly
2026-03-30T02:50:02.000Z,4.9841,1.2198,140.2137,29.01,8.728,2,drift_anomaly
2026-03-30T02:50:03.000Z,4.9597,1.2308,140.2564,28.89,8.659,2,drift_anomaly
2026-03-30T02:50:04.000Z,4.9988,1.2161,140.1709,29.28,8.722,2,drift_anomaly
2026-03-30T02:50:05.000Z,4.9792,1.2198,140.2991,29.32,8.736,2,drift_anomaly
2026-03-30T02:50:06.000Z,4.9744,1.2308,140.812,29.08,8.726,2,drift_anomaly
2026-03-30T02:50:07.000Z,4.9499,1.2308,140.7265,29.63,8.808,2,drift_anomaly
2026-03-30T02:50:08.000Z,4.9841,1.2271,140.5556,30.34,8.769,2,drift_anomaly
2026-03-30T02:50:09.000Z,4.967,1.2271,140.812,29.95,8.812,2,drift_anomaly
2026-03-30T02:50:10.000Z,4.9792,1.2234,140.6838,30.24,8.846,2,drift_anomaly
2026-03-30T02:50:11.000Z,5.0037,1.2234,140.641,30.37,8.86,2,drift_anomaly
2026-03-30T02:50:12.000Z,4.9817,1.2271,140.8547,29.72,8.824,2,drift_anomaly
2026-03-30T02:50:13.000Z,4.9646,1.2198,140.8974,29.81,8.893,2,drift_anomaly
2026-03-30T02:50:14.000Z,4.9695,1.2308,141.2393,30.97,8.954,2,drift_anomaly
2026-03-30T02:50:15.000Z,4.9719,1.2344,141.5812,30.92,8.973,2,drift_anomaly
2026-03-30T02:50:16.000Z,4.967,1.2234,141.3248,30.97,8.976,2,drift_anomaly
2026-03-30T02:50:17.000Z,4.9915,1.2234,141.4957,31.53,8.989,2,drift_anomaly
2026-03-30T02:50:18.000Z,4.9817,1.2308,141.8803,31.24,8.977,2,drift_anomaly
2026-03-30T02:50:19.000Z,4.9744,1.2198,141.5812,31.36,8.994,2,drift_anomaly
2026-03-30T02:50:20.000Z,4.9744,1.2308,141.7949,31.66,8.983,2,drift_anomaly
2026-03-30T02:50:21.000Z,4.9524,1.2308,141.7094,31.82,9.042,2,drift_anomaly
2026-03-30T02:50:22.000Z,4.9499,1.2234,141.9658,32.26,9.119,2,drift_anomaly
2026-03-30T02:50:23.000Z,4.989,1.2308,142.0513,31.72,9.074,2,drift_anomaly
2026-03-30T02:50:24.000Z,4.9744,1.2234,142.1795,32.31,9.074,2,drift_anomaly
2026-03-30T02:50:25.000Z,4.9792,1.2271,142.1368,32.55,9.129,2,drift_anomaly
2026-03-30T02:50:26.000Z,5.0061,1.2308,142.094,32.59,9.124,2,drift_anomaly
2026-03-30T02:50:27.000Z,4.9963,1.2344,142.6068,33.03,9.15,2,drift_anomaly
2026-03-30T02:50:28.000Z,4.9475,1.2271,142.3932,32.37,9.21,2,drift_anomaly
2026-03-30T02:50:29.000Z,4.9792,1.2381,142.265,31.84,9.246,2,drift_anomaly
2026-03-30T02:50:30.000Z,4.9695,1.2308,142.6923,33.85,9.233,2,drift_anomaly
2026-03-30T02:50:31.000Z,4.9695,1.2308,142.6923,32.62,9.248,2,drift_anomaly
2026-03-30T02:50:32.000Z,4.9841,1.2271,142.6923,33.1,9.273,2,drift_anomaly
2026-03-30T02:50:33.000Z,4.9621,1.2271,142.9487,33.59,9.297,2,drift_anomaly
2026-03-30T02:50:34.000Z,5.0037,1.2271,143.1197,33.78,9.322,2,drift_anomaly
2026-03-30T02:50:35.000Z,4.9841,1.2308,143.0342,33.47,9.36,2,drift_anomaly
2026-03-30T02:50:36.000Z,4.9548,1.2271,143.2479,33.23,9.414,2,drift_anomaly
2026-03-30T02:50:37.000Z,4.9646,1.2198,143.3333,33.73,9.287,2,drift_anomaly
2026-03-30T02:50:38.000Z,4.9621,1.2344,143.3761,34.54,9.402,2,drift_anomaly
2026-03-30T02:50:39.000Z,4.9817,1.2234,143.5043,33.76,9.421,2,drift_anomaly
2026-03-30T02:50:40.000Z,4.9866,1.2308,143.7179,34.78,9.398,2,drift_anomaly
2026-03-30T02:50:41.000Z,4.9817,1.2308,143.6325,34.87,9.495,2,drift_anomaly
2026-03-30T02:50:42.000Z,4.9866,1.2234,143.8462,34.35,9.455,2,drift_anomaly
2026-03-30T02:50:43.000Z,4.967,1.2234,143.4188,34.7,9.498,2,drift_anomaly
2026-03-30T02:50:44.000Z,4.9695,1.2308,144.0171,35.26,9.551,2,drift_anomaly
2026-03-30T02:50:45.000Z,4.9573,1.2308,144.2308,35.29,9.526,2,drift_anomaly
2026-03-30T02:50:46.000Z,4.9695,1.2308,144.188,35.73,9.645,2,drift_anomaly
2026-03-30T02:50:47.000Z,4.9792,1.2161,144.3162,35.14,9.587,2,drift_anomaly
2026-03-30T02:50:48.000Z,4.9695,1.2234,144.3162,35.79,9.592,2,drift_anomaly
2026-03-30T02:50:49.000Z,4.9744,1.2308,144.5299,35.61,9.671,2,drift_anomaly
2026-03-30T02:50:50.000Z,4.9719,1.2271,144.5726,35.79,9.647,2,drift_anomaly
2026-03-30T02:50:51.000Z,4.9744,1.2344,144.7436,36.15,9.702,2,drift_anomaly
2026-03-30T02:50:52.000Z,4.9744,1.2308,144.6581,36.06,9.726,2,drift_anomaly
2026-03-30T02:50:53.000Z,4.989,1.2271,144.8291,36.17,9.686,2,drift_anomaly
2026-03-30T02:50:54.000Z,4.9768,1.2308,144.6154,36.6,9.723,2,drift_anomaly
2026-03-30T02:50:55.000Z,4.9695,1.2344,145.0427,37.18,9.745,2,drift_anomaly
2026-03-30T02:50:56.000Z,4.989,1.2344,145.0427,37.16,9.784,2,drift_anomaly
2026-03-30T02:50:57.000Z,4.9817,1.2418,145.2991,37.01,9.809,2,drift_anomaly
2026-03-30T02:50:58.000Z,4.9695,1.2344,145.2564,37.14,9.784,2,drift_anomaly
2026-03-30T02:50:59.000Z,4.9792,1.2344,145.4274,37.7,9.876,2,drift_anomaly
2026-03-30T02:51:00.000Z,4.9475,1.2308,145.5556,38.02,9.853,2,drift_anomaly
2026-03-30T02:51:01.000Z,5.0012,1.2381,145.6838,38.15,9.857,2,drift_anomaly
2026-03-30T02:51:02.000Z,4.9768,1.2308,145.8974,38.12,9.844,2,drift_anomaly
2026-03-30T02:51:03.000Z,4.9768,1.2344,145.812,38.31,9.903,2,drift_anomaly
2026-03-30T02:51:04.000Z,4.9744,1.2308,145.9402,37.81,9.951,2,drift_anomaly
2026-03-30T02:51:05.000Z,4.9719,1.2344,145.9402,38.16,9.961,2,drift_anomaly
2026-03-30T02:51:06.000Z,4.9646,1.2344,146.1111,38.43,10.013,2,drift_anomaly
2026-03-30T02:51:07.000Z,4.9768,1.2344,146.0684,39.28,10.014,2,drift_anomaly
2026-03-30T02:51:08.000Z,4.9841,1.2234,146.4103,38.8,10.064,2,drift_anomaly
2026-03-30T02:51:09.000Z,4.9597,1.2308,146.1538,39.33,9.994,2,drift_anomaly
2026-03-30T02:51:10.000Z,4.9939,1.2308,146.4957,38.7,10.072,2,drift_anomaly
2026-03-30T02:51:11.000Z,4.9719,1.2344,146.7094,39.7,10.112,2,drift_anomaly
2026-03-30T02:51:12.000Z,4.9768,1.2308,146.7094,39.31,10.136,2,drift_anomaly
2026-03-30T02:51:13.000Z,4.9768,1.2308,146.8376,40.17,10.153,2,drift_anomaly
2026-03-30T02:51:14.000Z,4.967,1.2381,147.0513,40.47,10.095,2,drift_anomaly
2026-03-30T02:51:15.000Z,4.9621,1.2308,146.9658,40.26,10.162,2,drift_anomaly
2026-03-30T02:51:16.000Z,4.9646,1.2381,147.0085,40.54,10.201,2,drift_anomaly
2026-03-30T02:51:17.000Z,4.9817,1.2308,147.094,40.36,10.224,2,drift_anomaly
2026-03-30T02:51:18.000Z,4.9719,1.2308,147.4786,39.86,10.235,2,drift_anomaly
2026-03-30T02:51:19.000Z,4.989,1.2418,147.4786,41.93,10.32,2,drift_anomaly
2026-03-30T02:51:20.000Z,4.9719,1.2308,147.5641,42.0,10.278,2,drift_anomaly
2026-03-30T02:51:21.000Z,4.9817,1.2381,147.4786,40.87,10.262,2,drift_anomaly
2026-03-30T02:51:22.000Z,4.9768,1.2344,147.735,41.95,10.287,2,drift_anomaly
2026-03-30T02:51:23.000Z,4.9792,1.2454,147.7778,41.22,10.26,2,drift_anomaly
2026-03-30T02:51:24.000Z,4.9695,1.2308,148.0769,41.81,10.358,2,drift_anomaly
2026-03-30T02:51:25.000Z,4.967,1.2491,147.906,41.75,10.369,2,drift_anomaly
2026-03-30T02:51:26.000Z,4.9597,1.2344,148.1624,41.42,10.376,2,drift_anomaly
2026-03-30T02:51:27.000Z,4.9573,1.2308,147.8632,42.07,10.413,2,drift_anomaly
2026-03-30T02:51:28.000Z,4.9695,1.2418,148.1197,42.01,10.53,2,drift_anomaly
2026-03-30T02:51:29.000Z,4.9719,1.2344,148.4615,42.36,10.43,2,drift_anomaly
2026-03-30T02:51:30.000Z,4.9792,1.2381,148.5897,43.7,10.524,2,drift_anomaly
2026-03-30T02:51:31.000Z,4.9939,1.2454,148.4188,43.03,10.529,2,drift_anomaly
2026-03-30T02:51:32.000Z,4.9719,1.2418,148.8889,43.62,10.6,2,drift_anomaly
2026-03-30T02:51:33.000Z,4.9695,1.2344,148.6752,43.34,10.62,2,drift_anomaly
2026-03-30T02:51:34.000Z,4.9744,1.2344,149.0598,43.35,10.587,2,drift_anomaly
2026-03-30T02:51:35.000Z,4.9719,1.2418,148.9744,43.95,10.585,2,drift_anomaly
2026-03-30T02:51:36.000Z,4.9621,1.2381,149.188,43.53,10.603,2,drift_anomaly
2026-03-30T02:51:37.000Z,4.9744,1.2381,149.2308,44.6,10.673,2,drift_anomaly
2026-03-30T02:51:38.000Z,4.9866,1.2418,149.1453,44.41,10.63,2,drift_anomaly
2026-03-30T02:51:39.000Z,4.9744,1.2418,149.4444,44.66,10.698,2,drift_anomaly
2026-03-30T02:51:40.000Z,4.9768,1.2491,149.3162,44.54,10.684,2,drift_anomaly
2026-03-30T02:51:41.000Z,4.9792,1.2418,149.359,45.37,10.756,2,drift_anomaly
2026-03-30T02:51:42.000Z,4.9817,1.2381,149.6154,45.37,10.753,2,drift_anomaly
2026-03-30T02:51:43.000Z,4.9719,1.2527,149.8291,45.51,10.737,2,drift_anomaly
2026-03-30T02:51:44.000Z,4.9646,1.2381,149.7009,45.15,10.748,2,drift_anomaly
2026-03-30T02:51:45.000Z,4.9646,1.2308,149.8291,45.94,10.813,2,drift_anomaly
2026-03-30T02:51:46.000Z,4.9817,1.2418,150.1282,46.46,10.829,2,drift_anomaly
2026-03-30T02:51:47.000Z,4.9719,1.2381,150.0855,45.56,10.877,2,drift_anomaly
2026-03-30T02:51:48.000Z,4.9719,1.2564,150.0427,46.26,10.855,2,drift_anomaly
2026-03-30T02:51:49.000Z,4.9939,1.2454,150.2991,46.43,10.883,2,drift_anomaly
2026-03-30T02:51:50.000Z,4.9695,1.2344,150.2991,46.34,10.898,2,drift_anomaly
2026-03-30T02:51:51.000Z,4.9963,1.2381,150.4274,47.09,10.941,2,drift_anomaly
2026-03-30T02:51:52.000Z,4.9744,1.2418,150.6838,46.74,10.951,2,drift_anomaly
2026-03-30T02:51:53.000Z,4.9744,1.2418,150.4274,46.67,10.987,2,drift_anomaly
2026-03-30T02:51:54.000Z,4.9646,1.2381,150.8974,47.12,11.004,2,drift_anomaly
2026-03-30T02:51:55.000Z,4.9719,1.2454,150.9402,47.22,10.994,2,drift_anomaly
2026-03-30T02:51:56.000Z,4.9792,1.2491,150.9829,46.56,10.984,2,drift_anomaly
2026-03-30T02:51:57.000Z,4.9841,1.2418,150.9402,47.89,11.083,2,drift_anomaly
2026-03-30T02:51:58.000Z,4.9695,1.2381,151.0684,48.4,11.06,2,drift_anomaly
2026-03-30T02:51:59.000Z,4.9621,1.2491,151.2821,47.75,11.112,2,drift_anomaly
2026-03-30T02:52:00.000Z,4.9939,1.2454,151.2393,48.32,11.075,2,drift_anomaly
2026-03-30T02:52:01.000Z,4.9792,1.2344,151.5385,48.38,11.154,2,drift_anomaly
2026-03-30T02:52:02.000Z,4.9744,1.2381,151.6239,48.48,11.151,2,drift_anomaly
2026-03-30T02:52:03.000Z,4.9915,1.2454,151.4103,48.73,11.155,2,drift_anomaly
2026-03-30T02:52:04.000Z,4.9817,1.2418,151.9658,49.35,11.145,2,drift_anomaly
2026-03-30T02:52:05.000Z,4.9866,1.2491,151.9231,50.31,11.272,2,drift_anomaly
2026-03-30T02:52:06.000Z,4.9841,1.2418,152.094,49.84,11.209,2,drift_anomaly
2026-03-30T02:52:07.000Z,4.9719,1.2418,151.9231,49.75,11.223,2,drift_anomaly
2026-03-30T02:52:08.000Z,4.9817,1.2454,152.3077,50.36,11.339,2,drift_anomaly
2026-03-30T02:52:09.000Z,4.9719,1.2491,152.3077,49.72,11.31,2,drift_anomaly
2026-03-30T02:52:10.000Z,4.9744,1.2454,152.4359,51.23,11.374,2,drift_anomaly
2026-03-30T02:52:11.000Z,4.9597,1.2381,152.8205,51.1,11.357,2,drift_anomaly
2026-03-30T02:52:12.000Z,4.9817,1.2418,152.5641,51.25,11.4,2,drift_anomaly
2026-03-30T02:52:13.000Z,4.9841,1.2454,152.6923,51.1,11.376,2,drift_anomaly
2026-03-30T02:52:14.000Z,4.9646,1.2564,152.5214,51.21,11.446,2,drift_anomaly
2026-03-30T02:52:15.000Z,4.9744,1.2527,152.906,51.58,11.421,2,drift_anomaly
2026-03-30T02:52:16.000Z,4.989,1.2454,152.9487,52.28,11.468,2,drift_anomaly
2026-03-30T02:52:17.000Z,4.9621,1.2527,153.3333,52.07,11.479,2,drift_anomaly
2026-03-30T02:52:18.000Z,4.967,1.2527,153.3761,51.59,11.485,2,drift_anomaly
2026-03-30T02:52:19.000Z,4.9915,1.2454,153.0342,51.98,11.475,2,drift_anomaly
2026-03-30T02:52:20.000Z,4.9841,1.2381,153.2051,52.54,11.551,2,drift_anomaly
2026-03-30T02:52:21.000Z,4.9866,1.2601,153.3333,52.77,11.604,2,drift_anomaly
2026-03-30T02:52:22.000Z,4.9646,1.2491,153.6325,53.14,11.595,2,drift_anomaly
2026-03-30T02:52:23.000Z,4.9695,1.2491,153.6752,53.58,11.612,2,drift_anomaly
2026-03-30T02:52:24.000Z,4.9792,1.2418,153.9744,53.64,11.592,2,drift_anomaly
2026-03-30T02:52:25.000Z,4.9646,1.2418,154.1453,54.25,11.639,2,drift_anomaly
2026-03-30T02:52:26.000Z,4.9792,1.2564,154.1026,54.59,11.636,2,drift_anomaly
2026-03-30T02:52:27.000Z,4.9866,1.2454,154.188,53.78,11.725,2,drift_anomaly
2026-03-30T02:52:28.000Z,4.9744,1.2454,154.4017,54.36,11.714,2,drift_anomaly
2026-03-30T02:52:29.000Z,4.9548,1.2491,154.2308,54.77,11.767,2,drift_anomaly
2026-03-30T02:52:30.000Z,4.9768,1.2491,154.359,54.57,11.758,2,drift_anomaly
2026-03-30T02:52:31.000Z,4.9768,1.2491,154.6581,54.72,11.68,2,drift_anomaly
2026-03-30T02:52:32.000Z,4.9695,1.2527,154.7009,56.1,11.807,2,drift_anomaly
2026-03-30T02:52:33.000Z,4.9817,1.2527,154.9145,56.19,11.766,2,drift_anomaly
2026-03-30T02:52:34.000Z,4.9792,1.2527,155.1282,55.86,11.822,2,drift_anomaly
2026-03-30T02:52:35.000Z,4.9621,1.2527,154.9145,56.08,11.794,2,drift_anomaly
2026-03-30T02:52:36.000Z,4.9792,1.2527,154.9573,55.79,11.851,2,drift_anomaly
2026-03-30T02:52:37.000Z,4.9695,1.2564,155.3419,57.63,11.863,2,drift_anomaly
2026-03-30T02:52:38.000Z,4.9719,1.2527,155.0855,56.69,11.865,2,drift_anomaly
2026-03-30T02:52:39.000Z,4.9817,1.2491,155.3419,56.56,11.95,2,drift_anomaly
2026-03-30T02:52:40.000Z,4.9792,1.2491,155.5128,56.35,11.921,2,drift_anomaly
2026-03-30T02:52:41.000Z,4.9573,1.2527,155.641,57.32,11.981,2,drift_anomaly
2026-03-30T02:52:42.000Z,4.9646,1.2527,155.4701,57.6,12.027,2,drift_anomaly
2026-03-30T02:52:43.000Z,4.9573,1.2491,155.8974,58.06,12.01,2,drift_anomaly
2026-03-30T02:52:44.000Z,4.9744,1.2601,155.5556,58.02,12.071,2,drift_anomaly
2026-03-30T02:52:45.000Z,4.9719,1.2564,155.812,58.36,12.006,2,drift_anomaly
2026-03-30T02:52:46.000Z,4.9597,1.2527,156.3675,58.76,12.103,2,drift_anomaly
2026-03-30T02:52:47.000Z,4.989,1.2527,156.2821,58.74,12.148,2,drift_anomaly
2026-03-30T02:52:48.000Z,4.9817,1.2637,156.453,59.64,12.108,2,drift_anomaly
2026-03-30T02:52:49.000Z,4.9695,1.2564,156.6239,59.16,12.14,2,drift_anomaly
2026-03-30T02:52:50.000Z,4.9841,1.2527,156.3248,59.08,12.161,2,drift_anomaly
2026-03-30T02:52:51.000Z,4.9841,1.2564,156.7521,59.96,12.166,2,drift_anomaly
2026-03-30T02:52:52.000Z,4.9841,1.2637,156.6667,59.84,12.254,2,drift_anomaly
2026-03-30T02:52:53.000Z,4.9646,1.2564,157.094,61.34,12.211,2,drift_anomaly
2026-03-30T02:52:54.000Z,4.9695,1.2564,156.8803,60.44,12.254,2,drift_anomaly
2026-03-30T02:52:55.000Z,4.9792,1.2601,157.094,61.0,12.254,2,drift_anomaly
2026-03-30T02:52:56.000Z,4.9744,1.2637,157.2222,61.06,12.298,2,drift_anomaly
2026-03-30T02:52:57.000Z,4.9841,1.2564,157.4786,62.02,12.321,2,drift_anomaly
2026-03-30T02:52:58.000Z,4.9646,1.2564,157.1795,61.38,12.334,2,drift_anomaly
2026-03-30T02:52:59.000Z,4.9817,1.2564,157.4786,61.76,12.337,2,drift_anomaly
2026-03-30T02:53:00.000Z,4.9621,1.2564,157.5641,61.73,12.414,2,drift_anomaly
2026-03-30T02:53:01.000Z,4.967,1.2601,157.735,63.26,12.405,2,drift_anomaly
2026-03-30T02:53:02.000Z,4.9695,1.2564,157.735,61.96,12.406,2,drift_anomaly
2026-03-30T02:53:03.000Z,4.9792,1.2564,157.6068,62.85,12.441,2,drift_anomaly
2026-03-30T02:53:04.000Z,4.9915,1.2564,158.2479,62.94,12.472,2,drift_anomaly
2026-03-30T02:53:05.000Z,4.9719,1.2564,158.0769,62.57,12.437,2,drift_anomaly
2026-03-30T02:53:06.000Z,4.967,1.2527,158.2906,63.83,12.525,2,drift_anomaly
2026-03-30T02:53:07.000Z,4.9695,1.2564,158.2906,63.62,12.49,2,drift_anomaly
2026-03-30T02:53:08.000Z,4.9792,1.2491,158.1197,63.46,12.567,2,drift_anomaly
2026-03-30T02:53:09.000Z,4.9841,1.2601,158.3333,64.07,12.573,2,drift_anomaly
2026-03-30T02:53:10.000Z,4.9719,1.2637,158.3761,63.96,12.609,2,drift_anomaly
2026-03-30T02:53:11.000Z,4.9744,1.2527,158.6752,63.99,12.603,2,drift_anomaly
2026-03-30T02:53:12.000Z,4.9817,1.2564,158.7607,65.34,12.631,2,drift_anomaly
2026-03-30T02:53:13.000Z,4.9744,1.2637,159.0598,66.17,12.661,2,drift_anomaly
2026-03-30T02:53:14.000Z,4.9646,1.2601,159.0171,65.93,12.614,2,drift_anomaly
2026-03-30T02:53:15.000Z,4.9768,1.2601,158.9744,65.64,12.677,2,drift_anomaly
2026-03-30T02:53:16.000Z,4.9744,1.2527,158.9744,65.78,12.706,2,drift_anomaly
2026-03-30T02:53:17.000Z,4.9817,1.2674,159.359,66.27,12.74,2,drift_anomaly
2026-03-30T02:53:18.000Z,4.9719,1.2527,159.3162,66.56,12.747,2,drift_anomaly
2026-03-30T02:53:19.000Z,4.9573,1.2601,159.359,66.09,12.783,2,drift_anomaly
2026-03-30T02:53:20.000Z,4.9695,1.2637,159.7436,67.16,12.778,2,drift_anomaly
2026-03-30T02:53:21.000Z,4.9719,1.2637,159.8291,67.42,12.787,2,drift_anomaly
2026-03-30T02:53:22.000Z,4.9866,1.2601,160.0,67.82,12.824,2,drift_anomaly
2026-03-30T02:53:23.000Z,4.9768,1.2674,159.8718,67.06,12.859,2,drift_anomaly
2026-03-30T02:53:24.000Z,4.9695,1.2637,160.0,67.73,12.84,2,drift_anomaly
2026-03-30T02:53:25.000Z,4.9597,1.2711,160.0855,68.1,12.87,2,drift_anomaly
2026-03-30T02:53:26.000Z,4.9866,1.2674,160.1709,68.66,12.938,2,drift_anomaly
2026-03-30T02:53:27.000Z,4.9817,1.2564,160.7265,68.67,12.948,2,drift_anomaly
2026-03-30T02:53:28.000Z,4.9988,1.2674,160.5556,69.17,13.002,2,drift_anomaly
2026-03-30T02:53:29.000Z,4.9695,1.2601,160.641,69.19,12.984,2,drift_anomaly
2026-03-30T02:53:30.000Z,4.9792,1.2747,160.8547,69.75,12.937,2,drift_anomaly
2026-03-30T02:53:31.000Z,4.9866,1.2674,160.6838,69.18,12.949,2,drift_anomaly
2026-03-30T02:53:32.000Z,4.9719,1.2711,160.812,69.9,13.078,2,drift_anomaly
2026-03-30T02:53:33.000Z,4.9792,1.2747,161.1538,70.55,13.08,2,drift_anomaly
2026-03-30T02:53:34.000Z,4.9695,1.2637,161.0256,70.39,13.078,2,drift_anomaly
2026-03-30T02:53:35.000Z,4.9646,1.2637,161.2393,70.97,13.07,2,drift_anomaly
2026-03-30T02:53:36.000Z,4.9939,1.2601,161.6239,72.39,13.102,2,drift_anomaly
2026-03-30T02:53:37.000Z,4.9524,1.2674,161.3675,71.54,13.065,2,drift_anomaly
2026-03-30T02:53:38.000Z,4.9573,1.2674,161.4103,71.96,13.138,2,drift_anomaly
2026-03-30T02:53:39.000Z,4.9817,1.2637,161.6667,71.68,13.22,2,drift_anomaly
2026-03-30T02:53:40.000Z,4.9744,1.2674,161.8376,72.33,13.174,2,drift_anomaly
2026-03-30T02:53:41.000Z,4.9719,1.2674,161.7949,72.6,13.266,2,drift_anomaly
2026-03-30T02:53:42.000Z,4.9817,1.2637,162.0085,73.41,13.252,2,drift_anomaly
2026-03-30T02:53:43.000Z,4.9768,1.2674,162.094,72.88,13.227,2,drift_anomaly
2026-03-30T02:53:44.000Z,4.9719,1.2674,161.8376,73.23,13.347,2,drift_anomaly
2026-03-30T02:53:45.000Z,4.9939,1.2674,162.5214,74.25,13.339,2,drift_anomaly
2026-03-30T02:53:46.000Z,4.9719,1.2747,162.1795,73.9,13.358,2,drift_anomaly
2026-03-30T02:53:47.000Z,4.9768,1.2711,162.8205,74.76,13.277,2,drift_anomaly
2026-03-30T02:53:48.000Z,4.9621,1.2601,162.8205,75.46,13.357,2,drift_anomaly
2026-03-30T02:53:49.000Z,4.9792,1.2601,162.735,74.64,13.404,2,drift_anomaly
2026-03-30T02:53:50.000Z,4.9695,1.2747,162.8205,75.84,13.394,2,drift_anomaly
2026-03-30T02:53:51.000Z,4.989,1.2674,162.9915,74.72,13.373,2,drift_anomaly
2026-03-30T02:53:52.000Z,4.9744,1.2674,162.9915,75.5,13.435,2,drift_anomaly
2026-03-30T02:53:53.000Z,4.967,1.2637,163.1197,75.59,13.44,2,drift_anomaly
2026-03-30T02:53:54.000Z,4.9792,1.2674,163.3761,76.9,13.508,2,drift_anomaly
2026-03-30T02:53:55.000Z,4.9744,1.2894,163.5043,76.72,13.519,2,drift_anomaly
2026-03-30T02:53:56.000Z,4.9768,1.2747,163.4188,77.15,13.513,2,drift_anomaly
2026-03-30T02:53:57.000Z,4.9719,1.2747,163.7607,78.07,13.57,2,drift_anomaly
2026-03-30T02:53:58.000Z,4.9792,1.2711,163.7607,76.91,13.535,2,drift_anomaly
2026-03-30T02:53:59.000Z,4.9719,1.2674,164.188,78.89,13.577,2,drift_anomaly
2026-03-30T02:54:00.000Z,4.9817,1.2784,163.8889,78.67,13.657,2,drift_anomaly
2026-03-30T02:54:01.000Z,4.989,1.2674,163.9744,78.16,13.624,2,drift_anomaly
2026-03-30T02:54:02.000Z,4.967,1.2784,164.2308,79.66,13.611,2,drift_anomaly
2026-03-30T02:54:03.000Z,5.0012,1.2747,164.1453,79.28,13.629,2,drift_anomaly
2026-03-30T02:54:04.000Z,4.9768,1.2784,164.4872,79.67,13.705,2,drift_anomaly
2026-03-30T02:54:05.000Z,4.9866,1.2711,164.3162,79.75,13.661,2,drift_anomaly
2026-03-30T02:54:06.000Z,4.9646,1.2711,164.4872,79.56,13.708,2,drift_anomaly
2026-03-30T02:54:07.000Z,4.9768,1.2747,164.8718,80.48,13.74,2,drift_anomaly
2026-03-30T02:54:08.000Z,4.9548,1.2784,164.8718,81.19,13.828,2,drift_anomaly
2026-03-30T02:54:09.000Z,4.9817,1.2747,164.8718,81.3,13.896,2,drift_anomaly
2026-03-30T02:54:10.000Z,4.9792,1.2784,165.1709,81.55,13.856,2,drift_anomaly
2026-03-30T02:54:11.000Z,4.9768,1.2821,164.8718,81.0,13.845,2,drift_anomaly
2026-03-30T02:54:12.000Z,4.967,1.2784,165.4701,82.3,13.927,2,drift_anomaly
2026-03-30T02:54:13.000Z,4.9695,1.2711,165.3419,82.51,13.922,2,drift_anomaly
2026-03-30T02:54:14.000Z,4.9744,1.2821,165.5128,82.52,13.946,2,drift_anomaly
2026-03-30T02:54:15.000Z,4.9597,1.2784,165.5983,82.81,13.926,2,drift_anomaly
2026-03-30T02:54:16.000Z,4.9695,1.2674,165.8974,83.13,13.95,2,drift_anomaly
2026-03-30T02:54:17.000Z,4.9695,1.2821,165.812,83.84,13.951,2,drift_anomaly
2026-03-30T02:54:18.000Z,4.9621,1.2747,165.9829,83.77,13.994,2,drift_anomaly
2026-03-30T02:54:19.000Z,4.9744,1.2784,165.8974,83.33,14.005,2,drift_anomaly
2026-03-30T02:54:20.000Z,4.9646,1.2821,166.1966,84.03,14.038,2,drift_anomaly
2026-03-30T02:54:21.000Z,4.9719,1.2747,166.2393,84.65,14.042,2,drift_anomaly
2026-03-30T02:54:22.000Z,4.9621,1.2821,166.1111,85.3,14.034,2,drift_anomaly
2026-03-30T02:54:23.000Z,4.9646,1.2821,166.4103,85.26,14.07,2,drift_anomaly
2026-03-30T02:54:24.000Z,4.9768,1.2784,166.4957,85.75,14.054,2,drift_anomaly
2026-03-30T02:54:25.000Z,4.9646,1.2784,166.453,85.63,14.123,2,drift_anomaly
2026-03-30T02:54:26.000Z,4.9792,1.2857,166.9658,86.77,14.164,2,drift_anomaly
2026-03-30T02:54:27.000Z,4.9719,1.2857,166.6667,86.75,14.165,2,drift_anomaly
2026-03-30T02:54:28.000Z,4.9646,1.2857,167.1368,87.58,14.203,2,drift_anomaly
2026-03-30T02:54:29.000Z,4.967,1.2821,167.094,87.91,14.21,2,drift_anomaly
2026-03-30T02:54:30.000Z,4.9695,1.2784,167.3504,88.14,14.241,2,drift_anomaly
2026-03-30T02:54:31.000Z,4.9792,1.2821,167.4786,89.07,14.247,2,drift_anomaly
2026-03-30T02:54:32.000Z,4.9866,1.2857,167.3504,88.26,14.311,2,drift_anomaly
2026-03-30T02:54:33.000Z,4.9646,1.2857,167.735,88.87,14.305,2,drift_anomaly
2026-03-30T02:54:34.000Z,4.9792,1.2821,167.6496,88.81,14.32,2,drift_anomaly
2026-03-30T02:54:35.000Z,4.9768,1.2821,167.906,89.29,14.299,2,drift_anomaly
2026-03-30T02:54:36.000Z,4.9719,1.2857,167.906,90.03,14.359,2,drift_anomaly
2026-03-30T02:54:37.000Z,4.9792,1.2857,168.0769,90.26,14.377,2,drift_anomaly
2026-03-30T02:54:38.000Z,4.9792,1.2821,168.3761,91.25,14.317,2,drift_anomaly
2026-03-30T02:54:39.000Z,4.9695,1.2784,168.1624,91.13,14.45,2,drift_anomaly
2026-03-30T02:54:40.000Z,4.9548,1.2857,168.547,91.98,14.455,2,drift_anomaly
2026-03-30T02:54:41.000Z,4.9744,1.293,168.6325,91.54,14.465,2,drift_anomaly
2026-03-30T02:54:42.000Z,4.9573,1.2821,168.7179,92.13,14.452,2,drift_anomaly
2026-03-30T02:54:43.000Z,4.9597,1.2857,168.8034,92.23,14.53,2,drift_anomaly
2026-03-30T02:54:44.000Z,4.989,1.2894,168.9744,93.17,14.512,2,drift_anomaly
2026-03-30T02:54:45.000Z,4.9792,1.2857,168.8034,92.57,14.541,2,drift_anomaly
2026-03-30T02:54:46.000Z,4.9915,1.2857,169.0171,93.64,14.56,2,drift_anomaly
2026-03-30T02:54:47.000Z,4.9817,1.2821,169.188,93.55,14.557,2,drift_anomaly
2026-03-30T02:54:48.000Z,4.989,1.2894,169.5299,93.89,14.61,2,drift_anomaly
2026-03-30T02:54:49.000Z,4.9719,1.2894,169.3162,94.92,14.587,2,drift_anomaly
2026-03-30T02:54:50.000Z,4.9939,1.2857,169.6154,95.56,14.634,2,drift_anomaly
2026-03-30T02:54:51.000Z,4.9939,1.2857,169.8718,95.82,14.685,2,drift_anomaly
2026-03-30T02:54:52.000Z,4.9719,1.2894,169.8718,96.18,14.73,2,drift_anomaly
2026-03-30T02:54:53.000Z,4.9817,1.2857,169.9573,96.52,14.71,2,drift_anomaly
2026-03-30T02:54:54.000Z,4.9963,1.293,170.0,96.64,14.726,2,drift_anomaly
2026-03-30T02:54:55.000Z,4.9548,1.2967,170.2137,96.74,14.74,2,drift_anomaly
2026-03-30T02:54:56.000Z,4.9719,1.2967,170.3419,96.62,14.796,2,drift_anomaly
2026-03-30T02:54:57.000Z,4.9817,1.293,170.2564,97.0,14.828,2,drift_anomaly
2026-03-30T02:54:58.000Z,4.9646,1.2967,170.6838,98.89,14.878,2,drift_anomaly
2026-03-30T02:54:59.000Z,4.9866,1.293,170.6838,98.36,14.831,2,drift_anomaly
2026-03-30T02:55:00.000Z,4.9695,1.293,170.7265,98.5,14.86,2,drift_anomaly
2026-03-30T02:55:01.000Z,4.9719,1.293,170.812,98.42,14.851,2,drift_anomaly
2026-03-30T02:55:02.000Z,4.9695,1.2857,170.812,99.24,14.92,2,drift_anomaly
2026-03-30T02:55:03.000Z,4.989,1.3004,171.3248,100.5,14.956,2,drift_anomaly
2026-03-30T02:55:04.000Z,4.9817,1.2967,171.4103,101.41,14.976,2,drift_anomaly
2026-03-30T02:55:05.000Z,4.9768,1.2821,171.1111,99.96,14.953,2,drift_anomaly
2026-03-30T02:55:06.000Z,4.9792,1.293,171.4957,101.13,15.0,2,drift_anomaly
2026-03-30T02:55:07.000Z,4.9719,1.293,171.7094,101.62,15.0,2,drift_anomaly
2026-03-30T02:55:08.000Z,4.9719,1.293,171.6667,101.04,15.0,2,drift_anomaly
2026-03-30T02:55:09.000Z,4.9597,1.2821,171.7094,102.11,15.0,2,drift_anomaly
2026-03-30T02:55:10.000Z,4.9792,1.2967,171.9658,102.34,15.0,2,drift_anomaly
2026-03-30T02:55:11.000Z,4.9841,1.3004,171.6239,101.79,15.0,2,drift_anomaly
2026-03-30T02:55:12.000Z,4.9573,1.293,172.1368,103.25,15.0,2,drift_anomaly
2026-03-30T02:55:13.000Z,4.967,1.2894,172.265,103.53,15.0,2,drift_anomaly
2026-03-30T02:55:14.000Z,4.967,1.3004,172.6923,104.72,15.0,2,drift_anomaly
2026-03-30T02:55:15.000Z,4.9744,1.3004,172.3077,103.28,15.0,2,drift_anomaly
2026-03-30T02:55:16.000Z,4.9524,1.304,172.9915,105.0,15.0,2,drift_anomaly
2026-03-30T02:55:17.000Z,4.9792,1.2894,172.4359,104.59,15.0,2,drift_anomaly
2026-03-30T02:55:18.000Z,4.9866,1.2967,172.7778,105.36,15.0,2,drift_anomaly
2026-03-30T02:55:19.000Z,4.9792,1.2894,173.0342,105.34,15.0,2,drift_anomaly
2026-03-30T02:55:20.000Z,4.9768,1.3004,173.0342,106.82,15.0,2,drift_anomaly
2026-03-30T02:55:21.000Z,4.9841,1.2967,172.9487,106.72,15.0,2,drift_anomaly
2026-03-30T02:55:22.000Z,4.9744,1.304,173.3761,107.06,15.0,2,drift_anomaly
2026-03-30T02:55:23.000Z,4.9621,1.304,173.4188,107.8,15.0,2,drift_anomaly
2026-03-30T02:55:24.000Z,4.9719,1.3077,173.2906,107.13,15.0,2,drift_anomaly
2026-03-30T02:55:25.000Z,4.9768,1.2967,173.6752,108.15,15.0,2,drift_anomaly
2026-03-30T02:55:26.000Z,4.9915,1.3004,173.9316,108.94,15.0,2,drift_anomaly
2026-03-30T02:55:27.000Z,4.9866,1.3004,174.2308,110.48,15.0,2,drift_anomaly
2026-03-30T02:55:28.000Z,4.9768,1.3004,174.2735,109.45,15.0,2,drift_anomaly
2026-03-30T02:55:29.000Z,4.9792,1.3004,174.2735,110.98,15.0,2,drift_anomaly
2026-03-30T02:55:30.000Z,4.9841,1.3077,174.5299,110.66,15.0,2,drift_anomaly
2026-03-30T02:55:31.000Z,4.9548,1.3004,174.4017,110.9,15.0,2,drift_anomaly
2026-03-30T02:55:32.000Z,4.9866,1.304,174.7009,111.25,15.0,2,drift_anomaly
2026-03-30T02:55:33.000Z,4.9744,1.315,174.8291,112.14,15.0,2,drift_anomaly
2026-03-30T02:55:34.000Z,4.9621,1.304,174.9573,112.43,15.0,2,drift_anomaly
2026-03-30T02:55:35.000Z,4.9695,1.3077,175.0427,112.51,15.0,2,drift_anomaly
2026-03-30T02:55:36.000Z,0.398,8.0037,123.0769,116.12,10.579,2,short_anomaly
2026-03-30T02:55:37.000Z,0.3883,8.0073,121.453,127.71,10.402,2,short_anomaly
2026-03-30T02:55:38.000Z,0.3883,8.0,119.7863,125.33,10.477,2,short_anomaly
2026-03-30T02:55:39.000Z,0.4005,8.0037,117.9915,129.29,10.151,2,short_anomaly
2026-03-30T02:55:40.000Z,0.4103,8.0073,116.1538,117.87,10.957,2,short_anomaly
2026-03-30T02:55:41.000Z,0.4005,7.9963,115.1282,106.59,10.947,2,short_anomaly
2026-03-30T02:55:42.000Z,0.4029,7.9927,113.8889,120.55,9.037,2,short_anomaly
2026-03-30T02:55:43.000Z,0.3883,8.0037,112.265,95.34,10.886,2,short_anomaly
2026-03-30T02:55:44.000Z,0.4054,8.0,111.1111,101.61,9.412,2,short_anomaly
2026-03-30T02:55:45.000Z,0.3932,8.0,109.6581,126.93,10.142,2,short_anomaly
2026-03-30T02:55:46.000Z,0.4005,8.0,108.2906,119.87,10.102,2,short_anomaly
2026-03-30T02:55:47.000Z,0.398,8.0037,106.8803,119.7,10.082,2,short_anomaly
2026-03-30T02:55:48.000Z,0.3956,7.9927,105.9402,129.5,9.925,2,short_anomaly
2026-03-30T02:55:49.000Z,0.4054,7.9927,105.0,106.64,9.078,2,short_anomaly
2026-03-30T02:55:50.000Z,0.381,7.9927,103.7607,95.59,10.603,2,short_anomaly
2026-03-30T02:55:51.000Z,0.3834,7.9927,102.7778,89.24,9.078,2,short_anomaly
2026-03-30T02:55:52.000Z,0.4029,8.0037,102.1368,104.3,9.92,2,short_anomaly
2026-03-30T02:55:53.000Z,0.4029,8.0037,100.9402,87.86,9.775,2,short_anomaly
2026-03-30T02:55:54.000Z,0.4127,8.0037,100.1709,96.58,9.786,2,short_anomaly
2026-03-30T02:55:55.000Z,0.4029,7.9963,99.4872,118.74,10.693,2,short_anomaly
2026-03-30T02:55:56.000Z,0.4029,7.9963,98.1197,97.33,9.129,2,short_anomaly
2026-03-30T02:55:57.000Z,0.398,8.0037,97.6068,92.49,10.556,2,short_anomaly
2026-03-30T02:55:58.000Z,0.4029,8.0037,96.9658,105.67,9.029,2,short_anomaly
2026-03-30T02:55:59.000Z,0.4078,8.0073,96.3248,100.19,9.603,2,short_anomaly
2026-03-30T02:56:00.000Z,0.4005,8.0,95.5128,92.26,10.463,2,short_anomaly
2026-03-30T02:56:01.000Z,0.3907,8.0037,95.0855,122.41,9.316,2,short_anomaly
2026-03-30T02:56:02.000Z,0.3932,7.9927,94.359,92.56,10.557,2,short_anomaly
2026-03-30T02:56:03.000Z,0.3761,7.9963,93.4615,123.94,10.402,2,short_anomaly
2026-03-30T02:56:04.000Z,0.4005,8.0037,92.8205,102.37,10.916,2,short_anomaly
2026-03-30T02:56:05.000Z,0.4054,7.9927,92.3504,120.76,9.878,2,short_anomaly
2026-03-30T02:56:06.000Z,0.3883,8.0,91.8803,114.41,10.018,2,short_anomaly
2026-03-30T02:56:07.000Z,0.4029,8.0037,91.2821,127.87,10.837,2,short_anomaly
2026-03-30T02:56:08.000Z,0.3883,8.011,91.0684,97.89,10.519,2,short_anomaly
2026-03-30T02:56:09.000Z,0.4029,7.9963,90.4274,114.1,10.909,2,short_anomaly
2026-03-30T02:56:10.000Z,0.4029,7.9927,89.7863,107.04,9.854,2,short_anomaly
2026-03-30T02:56:11.000Z,0.4274,8.0,89.2735,110.42,10.527,2,short_anomaly
2026-03-30T02:56:12.000Z,0.3932,8.0,88.7179,119.58,9.651,2,short_anomaly
2026-03-30T02:56:13.000Z,0.3858,8.0147,88.5043,125.95,9.171,2,short_anomaly
2026-03-30T02:56:14.000Z,0.4029,8.0,87.8632,123.23,9.942,2,short_anomaly
2026-03-30T02:56:15.000Z,0.42,8.0073,87.735,129.12,10.465,2,short_anomaly
2026-03-30T02:56:16.000Z,0.4029,8.0073,87.3504,88.18,10.08,2,short_anomaly
2026-03-30T02:56:17.000Z,0.398,8.0037,86.9658,87.54,10.03,2,short_anomaly
2026-03-30T02:56:18.000Z,0.3956,7.9963,86.6239,115.33,9.322,2,short_anomaly
2026-03-30T02:56:19.000Z,0.398,8.0,86.453,114.69,9.7,2,short_anomaly
2026-03-30T02:56:20.000Z,0.4176,8.0,86.1538,126.05,10.894,2,short_anomaly
2026-03-30T02:56:21.000Z,0.4078,7.9963,85.4274,98.06,10.594,2,short_anomaly
2026-03-30T02:56:22.000Z,0.4054,7.9927,85.1709,105.69,10.631,2,short_anomaly
2026-03-30T02:56:23.000Z,0.4005,8.0073,85.1282,105.22,10.541,2,short_anomaly
2026-03-30T02:56:24.000Z,0.4005,7.9963,84.7863,85.26,10.544,2,short_anomaly
2026-03-30T02:56:25.000Z,0.4078,7.9963,84.7436,92.44,9.905,2,short_anomaly
2026-03-30T02:56:26.000Z,0.4103,8.0037,84.2735,99.27,10.441,2,short_anomaly
2026-03-30T02:56:27.000Z,0.3858,8.0,84.3162,107.16,10.719,2,short_anomaly
2026-03-30T02:56:28.000Z,0.398,8.0,83.9316,88.15,10.001,2,short_anomaly
2026-03-30T02:56:29.000Z,0.4103,8.011,84.0171,94.78,10.596,2,short_anomaly
2026-03-30T02:56:30.000Z,0.4176,7.9963,83.3761,90.02,9.869,2,short_anomaly
2026-03-30T02:56:31.000Z,0.4029,8.0037,83.3761,116.92,10.512,2,short_anomaly
2026-03-30T02:56:32.000Z,0.398,7.9927,83.0342,93.64,9.839,2,short_anomaly
2026-03-30T02:56:33.000Z,0.3834,8.0037,82.9915,106.93,9.367,2,short_anomaly
2026-03-30T02:56:34.000Z,0.381,7.9963,82.6068,107.5,9.056,2,short_anomaly
2026-03-30T02:56:35.000Z,0.3883,7.9963,82.7778,87.63,9.531,2,short_anomaly
2026-03-30T02:56:36.000Z,0.4054,8.0073,82.5641,88.13,9.313,2,short_anomaly
2026-03-30T02:56:37.000Z,0.3956,7.9963,82.2222,102.88,9.838,2,short_anomaly
2026-03-30T02:56:38.000Z,0.4127,7.9963,82.3932,108.09,9.052,2,short_anomaly
2026-03-30T02:56:39.000Z,0.398,7.9963,82.094,112.68,9.432,2,short_anomaly
2026-03-30T02:56:40.000Z,0.4103,8.0,81.7094,94.59,9.832,2,short_anomaly
2026-03-30T02:56:41.000Z,0.3932,8.0037,81.7949,98.64,10.306,2,short_anomaly
2026-03-30T02:56:42.000Z,0.3956,7.9927,81.3248,107.26,10.229,2,short_anomaly
2026-03-30T02:56:43.000Z,0.4005,8.0,81.453,113.06,9.006,2,short_anomaly
2026-03-30T02:56:44.000Z,0.398,7.9963,81.4103,112.97,9.853,2,short_anomaly
2026-03-30T02:56:45.000Z,0.4127,8.0037,81.1538,86.76,10.872,2,short_anomaly
2026-03-30T02:56:46.000Z,0.3834,7.9963,81.1538,100.61,10.613,2,short_anomaly
2026-03-30T02:56:47.000Z,0.3956,8.0,80.8547,89.47,10.671,2,short_anomaly
2026-03-30T02:56:48.000Z,0.3956,8.0037,81.1966,105.38,10.628,2,short_anomaly
2026-03-30T02:56:49.000Z,0.3932,8.0073,80.5983,100.29,10.571,2,short_anomaly
2026-03-30T02:56:50.000Z,0.3956,7.9963,80.9402,90.79,9.349,2,short_anomaly
2026-03-30T02:56:51.000Z,0.3858,8.0037,80.2991,124.88,9.369,2,short_anomaly
2026-03-30T02:56:52.000Z,0.3907,8.0,80.2564,124.61,10.355,2,short_anomaly
2026-03-30T02:56:53.000Z,0.3956,8.0,80.2564,115.64,9.906,2,short_anomaly
2026-03-30T02:56:54.000Z,0.398,8.0037,80.3419,96.31,9.856,2,short_anomaly
2026-03-30T02:56:55.000Z,0.398,7.9963,80.2991,106.82,9.383,2,short_anomaly
2026-03-30T02:56:56.000Z,0.4103,8.0,80.0427,125.23,9.814,2,short_anomaly
2026-03-30T02:56:57.000Z,0.398,8.0037,79.9145,112.97,9.598,2,short_anomaly
2026-03-30T02:56:58.000Z,0.3907,7.9963,80.2564,123.55,9.077,2,short_anomaly
2026-03-30T02:56:59.000Z,0.4151,8.0073,80.0,90.01,9.78,2,short_anomaly
2026-03-30T02:57:00.000Z,0.3932,8.0,80.2137,88.1,10.269,2,short_anomaly
2026-03-30T02:57:01.000Z,0.3907,8.0073,79.8291,111.78,10.826,2,short_anomaly
2026-03-30T02:57:02.000Z,0.3932,7.9963,79.7863,85.87,10.658,2,short_anomaly
2026-03-30T02:57:03.000Z,0.3907,7.9963,79.7009,97.21,9.359,2,short_anomaly
2026-03-30T02:57:04.000Z,0.4054,8.0037,80.0427,99.76,9.803,2,short_anomaly
2026-03-30T02:57:05.000Z,0.3956,7.989,79.5726,125.62,9.164,2,short_anomaly
2026-03-30T02:57:06.000Z,0.3907,8.0,79.3162,127.23,10.022,2,short_anomaly
2026-03-30T02:57:07.000Z,0.4054,8.0,79.359,87.08,10.078,2,short_anomaly
2026-03-30T02:57:08.000Z,0.398,8.0,79.6581,85.27,10.891,2,short_anomaly
2026-03-30T02:57:09.000Z,0.3932,8.0,79.4872,101.86,9.383,2,short_anomaly
2026-03-30T02:57:10.000Z,0.3907,8.0037,79.3162,124.13,10.76,2,short_anomaly
2026-03-30T02:57:11.000Z,0.4029,8.0,79.5299,126.59,9.153,2,short_anomaly
2026-03-30T02:57:12.000Z,0.4078,7.9963,79.4444,111.62,9.794,2,short_anomaly
2026-03-30T02:57:13.000Z,0.3907,8.0073,79.2735,112.39,9.973,2,short_anomaly
2026-03-30T02:57:14.000Z,0.4127,8.0,79.2735,99.4,10.775,2,short_anomaly
2026-03-30T02:57:15.000Z,0.3932,8.011,78.9744,122.76,9.852,2,short_anomaly
2026-03-30T02:57:16.000Z,0.3883,8.0037,79.1453,113.08,9.66,2,short_anomaly
2026-03-30T02:57:17.000Z,0.4078,8.0,79.2735,105.04,10.288,2,short_anomaly
2026-03-30T02:57:18.000Z,0.398,7.9963,78.8889,93.13,9.949,2,short_anomaly
2026-03-30T02:57:19.000Z,0.4029,7.9963,78.8889,97.83,9.954,2,short_anomaly
2026-03-30T02:57:20.000Z,0.398,8.0,79.1453,86.78,10.54,2,short_anomaly
2026-03-30T02:57:21.000Z,0.3834,7.9927,79.0598,93.59,10.081,2,short_anomaly
2026-03-30T02:57:22.000Z,0.3932,8.0037,78.9316,118.88,10.438,2,short_anomaly
2026-03-30T02:57:23.000Z,0.3907,8.0,79.2308,128.84,9.142,2,short_anomaly
2026-03-30T02:57:24.000Z,0.4054,7.9963,78.8034,91.77,9.908,2,short_anomaly
2026-03-30T02:57:25.000Z,0.3883,7.9927,79.188,102.23,9.779,2,short_anomaly
2026-03-30T02:57:26.000Z,0.4103,7.9963,79.188,109.2,10.08,2,short_anomaly
2026-03-30T02:57:27.000Z,0.3956,8.0073,78.8889,86.19,10.117,2,short_anomaly
2026-03-30T02:57:28.000Z,0.4005,8.0037,78.8034,89.59,10.438,2,short_anomaly
2026-03-30T02:57:29.000Z,0.3761,8.0,78.8462,128.9,9.804,2,short_anomaly
2026-03-30T02:57:30.000Z,0.3932,8.0073,78.7607,123.79,9.478,2,short_anomaly
2026-03-30T02:57:31.000Z,0.4127,7.9927,78.6752,94.07,10.604,2,short_anomaly
2026-03-30T02:57:32.000Z,0.4005,8.0037,78.7179,111.16,10.302,2,short_anomaly
2026-03-30T02:57:33.000Z,0.4054,7.9963,78.6752,92.41,10.602,2,short_anomaly
2026-03-30T02:57:34.000Z,0.4054,8.0,78.8889,85.36,10.874,2,short_anomaly
2026-03-30T02:57:35.000Z,0.4078,8.0,78.5897,105.18,10.396,2,short_anomaly
2026-03-30T02:57:36.000Z,0.4103,8.0037,78.8889,85.96,10.688,2,short_anomaly
2026-03-30T02:57:37.000Z,0.4005,8.011,78.6752,118.64,9.798,2,short_anomaly
2026-03-30T02:57:38.000Z,0.4054,7.9963,78.7179,85.59,10.435,2,short_anomaly
2026-03-30T02:57:39.000Z,0.3834,7.9963,78.7607,116.69,10.786,2,short_anomaly
2026-03-30T02:57:40.000Z,0.3785,8.0073,78.8462,127.9,10.39,2,short_anomaly
2026-03-30T02:57:41.000Z,0.3907,8.0037,78.6752,119.34,10.868,2,short_anomaly
2026-03-30T02:57:42.000Z,0.4029,8.0,78.8034,88.83,9.266,2,short_anomaly
2026-03-30T02:57:43.000Z,0.3956,8.0037,78.6752,105.54,10.973,2,short_anomaly
2026-03-30T02:57:44.000Z,0.4054,8.0,78.547,106.65,10.918,2,short_anomaly
2026-03-30T02:57:45.000Z,0.4029,7.9963,78.4615,92.52,9.273,2,short_anomaly
2026-03-30T02:57:46.000Z,0.4005,7.9963,78.6325,108.87,9.219,2,short_anomaly
2026-03-30T02:57:47.000Z,0.3858,7.9927,78.4615,90.2,9.922,2,short_anomaly
2026-03-30T02:57:48.000Z,0.4078,7.9963,78.5897,102.83,10.078,2,short_anomaly
2026-03-30T02:57:49.000Z,0.4127,7.9963,78.5043,106.93,9.647,2,short_anomaly
2026-03-30T02:57:50.000Z,0.3834,8.0037,78.6752,126.35,9.19,2,short_anomaly
2026-03-30T02:57:51.000Z,0.4054,8.0037,78.5897,115.72,9.545,2,short_anomaly
2026-03-30T02:57:52.000Z,0.3932,8.0,78.6325,122.67,9.573,2,short_anomaly
2026-03-30T02:57:53.000Z,0.3858,8.0037,78.3333,100.68,9.596,2,short_anomaly
2026-03-30T02:57:54.000Z,0.3907,8.0037,78.5043,118.15,10.389,2,short_anomaly
2026-03-30T02:57:55.000Z,0.398,8.0037,78.2906,112.43,9.908,2,short_anomaly
2026-03-30T02:57:56.000Z,0.4054,7.9963,78.8462,114.15,9.891,2,short_anomaly
2026-03-30T02:57:57.000Z,0.4029,7.9927,78.4188,127.25,10.556,2,short_anomaly
2026-03-30T02:57:58.000Z,0.381,8.0037,78.4615,101.49,9.712,2,short_anomaly
2026-03-30T02:57:59.000Z,0.398,8.0037,78.4615,115.19,10.133,2,short_anomaly
2026-03-30T02:58:00.000Z,0.42,8.0073,78.6325,111.64,10.179,2,short_anomaly
2026-03-30T02:58:01.000Z,0.4054,8.0037,78.547,95.65,9.015,2,short_anomaly
2026-03-30T02:58:02.000Z,0.4005,7.9963,78.3333,97.22,10.461,2,short_anomaly
2026-03-30T02:58:03.000Z,0.4054,7.9963,78.7179,96.53,10.356,2,short_anomaly
2026-03-30T02:58:04.000Z,0.3956,8.0,78.3761,99.09,10.541,2,short_anomaly
2026-03-30T02:58:05.000Z,0.4029,7.9963,78.5043,109.54,9.953,2,short_anomaly
2026-03-30T02:58:06.000Z,0.398,8.0,78.3761,122.68,10.27,2,short_anomaly
2026-03-30T02:58:07.000Z,0.4005,8.0037,78.547,126.3,10.609,2,short_anomaly
2026-03-30T02:58:08.000Z,0.4078,8.0,78.5043,109.36,10.218,2,short_anomaly
2026-03-30T02:58:09.000Z,0.4029,8.0037,78.3761,109.81,9.627,2,short_anomaly
2026-03-30T02:58:10.000Z,0.4078,8.0073,78.3333,99.9,9.867,2,short_anomaly
2026-03-30T02:58:11.000Z,0.3907,8.0037,78.3761,87.48,10.493,2,short_anomaly
2026-03-30T02:58:12.000Z,0.3956,8.0037,78.5043,121.29,9.92,2,short_anomaly
2026-03-30T02:58:13.000Z,0.4029,7.9963,78.8034,117.95,10.24,2,short_anomaly
2026-03-30T02:58:14.000Z,0.3932,7.9927,78.5043,103.52,10.147,2,short_anomaly
2026-03-30T02:58:15.000Z,0.4054,8.0037,78.8462,108.24,9.985,2,short_anomaly
2026-03-30T02:58:16.000Z,0.398,7.9963,78.2906,108.6,10.555,2,short_anomaly
2026-03-30T02:58:17.000Z,0.3834,8.0073,78.4615,110.91,10.773,2,short_anomaly
2026-03-30T02:58:18.000Z,0.4029,8.0,78.3333,124.44,10.271,2,short_anomaly
2026-03-30T02:58:19.000Z,0.4029,8.0037,78.547,93.79,9.015,2,short_anomaly
2026-03-30T02:58:20.000Z,0.4103,8.0,78.4188,105.8,9.497,2,short_anomaly
2026-03-30T02:58:21.000Z,0.4078,7.9963,78.4615,117.84,9.432,2,short_anomaly
2026-03-30T02:58:22.000Z,0.4005,8.0073,78.3333,102.76,10.594,2,short_anomaly
2026-03-30T02:58:23.000Z,0.3932,7.9927,78.4615,98.68,9.422,2,short_anomaly
2026-03-30T02:58:24.000Z,0.4005,8.0073,78.5043,118.31,10.791,2,short_anomaly
2026-03-30T02:58:25.000Z,0.4005,8.0,78.3761,96.55,9.965,2,short_anomaly
2026-03-30T02:58:26.000Z,0.4225,7.9963,78.7607,96.2,9.112,2,short_anomaly
2026-03-30T02:58:27.000Z,0.3956,7.9963,78.2906,109.36,10.39,2,short_anomaly
2026-03-30T02:58:28.000Z,0.4127,8.0037,78.6752,89.73,9.087,2,short_anomaly
2026-03-30T02:58:29.000Z,0.3907,8.0073,78.547,94.74,9.072,2,short_anomaly
2026-03-30T02:58:30.000Z,0.4005,7.9927,78.4188,87.4,10.162,2,short_anomaly
2026-03-30T02:58:31.000Z,0.3956,8.0,78.4615,122.75,10.394,2,short_anomaly
2026-03-30T02:58:32.000Z,0.4127,8.0037,78.5897,106.63,10.914,2,short_anomaly
2026-03-30T02:58:33.000Z,0.4005,7.9963,78.1624,115.18,9.311,2,short_anomaly
2026-03-30T02:58:34.000Z,0.3883,8.0073,78.4615,104.79,10.045,2,short_anomaly
2026-03-30T02:58:35.000Z,0.4029,7.9927,78.2479,98.2,10.938,2,short_anomaly
2026-03-30T02:58:36.000Z,0.3907,7.9963,78.4615,100.36,9.173,2,short_anomaly
2026-03-30T02:58:37.000Z,0.4176,8.0037,78.4188,104.86,10.22,2,short_anomaly
2026-03-30T02:58:38.000Z,0.4054,8.0037,78.4615,123.14,9.18,2,short_anomaly
2026-03-30T02:58:39.000Z,0.4103,8.0037,78.2051,107.91,9.205,2,short_anomaly
2026-03-30T02:58:40.000Z,0.398,8.0073,78.2906,88.41,9.575,2,short_anomaly
2026-03-30T02:58:41.000Z,0.3834,7.9963,78.3761,105.54,9.997,2,short_anomaly
2026-03-30T02:58:42.000Z,0.3956,8.0,78.1624,96.41,9.58,2,short_anomaly
2026-03-30T02:58:43.000Z,0.4103,8.0037,78.3761,118.95,10.989,2,short_anomaly
2026-03-30T02:58:44.000Z,0.4078,7.9963,78.3333,100.8,9.436,2,short_anomaly
2026-03-30T02:58:45.000Z,0.4029,8.011,78.1624,114.26,9.435,2,short_anomaly
2026-03-30T02:58:46.000Z,0.4103,7.9927,78.1197,104.55,10.953,2,short_anomaly
2026-03-30T02:58:47.000Z,0.4054,8.0037,78.2906,101.03,10.848,2,short_anomaly
2026-03-30T02:58:48.000Z,0.3932,7.9963,78.2479,128.54,10.244,2,short_anomaly
2026-03-30T02:58:49.000Z,0.4005,7.9963,78.5043,107.02,10.271,2,short_anomaly
2026-03-30T02:58:50.000Z,0.3907,7.9927,78.2051,118.89,10.854,2,short_anomaly
2026-03-30T02:58:51.000Z,0.4005,8.0073,78.7179,115.44,10.753,2,short_anomaly
2026-03-30T02:58:52.000Z,0.3932,8.011,78.2479,127.5,10.048,2,short_anomaly
2026-03-30T02:58:53.000Z,0.3907,7.9963,78.3333,85.95,9.626,2,short_anomaly
2026-03-30T02:58:54.000Z,0.398,8.0037,78.3761,126.84,9.694,2,short_anomaly
2026-03-30T02:58:55.000Z,0.3907,8.0037,78.3761,98.46,10.19,2,short_anomaly
2026-03-30T02:58:56.000Z,4.9646,1.1978,125.0855,9.48,4.532,2,0h_record
2026-03-31T02:58:56.000Z,4.9621,1.2051,125.2564,11.54,4.975,2,24h_record
2026-04-03T02:58:56.000Z,4.9866,1.2015,125.2564,15.17,6.388,2,96h_record
2026-04-06T02:58:56.000Z,4.9646,1.1978,125.9829,18.04,7.827,2,168h_record
